set,rank,anchor_path,negative_path,anchor_person_id,negative_person_id,visual_cosine,semantic_cosine,hybrid_rank,anchor_camera,negative_camera,anchor_clothes_key,negative_clothes_key,anchor_gender,negative_gender,anchor_hair_color,negative_hair_color,anchor_hair_length,negative_hair_length,anchor_body_build,negative_body_build
visual,1,/data/datasets/PRCC/prcc/rgb/train/092/A_cropped_rgb001.jpg,/data/datasets/PRCC/prcc/rgb/train/098/A_cropped_rgb067.jpg,0,2,0.8876383900642395,0.9954804182052612,,A,A,092,098,male,male,black,black,short,short,average,slim
visual,2,/data/datasets/PRCC/prcc/rgb/train/092/A_cropped_rgb001.jpg,/data/datasets/PRCC/prcc/rgb/train/098/A_cropped_rgb022.jpg,0,2,0.8850985765457153,0.9999998807907104,,A,A,092,098,male,male,black,black,short,short,average,average
visual,3,/data/datasets/PRCC/prcc/rgb/train/092/A_cropped_rgb001.jpg,/data/datasets/PRCC/prcc/rgb/train/098/A_cropped_rgb061.jpg,0,2,0.8844493627548218,0.9999998807907104,,A,A,092,098,male,male,black,black,short,short,average,average
visual,4,/data/datasets/PRCC/prcc/rgb/train/092/A_cropped_rgb001.jpg,/data/datasets/PRCC/prcc/rgb/train/193/A_cropped_rgb028.jpg,0,51,0.8808832168579102,0.9999998807907104,,A,A,092,193,male,male,black,black,short,short,average,average
visual,5,/data/datasets/PRCC/prcc/rgb/train/092/A_cropped_rgb001.jpg,/data/datasets/PRCC/prcc/rgb/train/154/A_cropped_rgb013.jpg,0,27,0.8791225552558899,0.9999998807907104,,A,A,092,154,male,male,black,black,short,short,average,average
semantic,1,/data/datasets/PRCC/prcc/rgb/train/092/A_cropped_rgb001.jpg,/data/datasets/PRCC/prcc/rgb/train/149/B_cropped_rgb583.jpg,0,24,0.875569224357605,0.9999998807907104,,A,B,092,149,male,male,black,black,short,short,average,average
semantic,2,/data/datasets/PRCC/prcc/rgb/train/092/A_cropped_rgb001.jpg,/data/datasets/PRCC/prcc/rgb/train/110/A_cropped_rgb517.jpg,0,8,0.6424823999404907,0.9999998807907104,,A,A,092,110,male,male,black,black,short,short,average,average
semantic,3,/data/datasets/PRCC/prcc/rgb/train/092/A_cropped_rgb001.jpg,/data/datasets/PRCC/prcc/rgb/train/185/A_cropped_rgb019.jpg,0,48,0.7026106119155884,0.9999998807907104,,A,A,092,185,male,male,black,black,short,short,average,average
semantic,4,/data/datasets/PRCC/prcc/rgb/train/092/A_cropped_rgb001.jpg,/data/datasets/PRCC/prcc/rgb/train/300/C_cropped_rgb171.jpg,0,133,0.7512099742889404,0.9999998807907104,,A,C,092,300C,male,male,black,black,short,short,average,average
semantic,5,/data/datasets/PRCC/prcc/rgb/train/092/A_cropped_rgb001.jpg,/data/datasets/PRCC/prcc/rgb/train/177/C_cropped_rgb475.jpg,0,42,0.6574004888534546,0.9999998807907104,,A,C,092,177C,male,male,black,black,short,short,average,average
hybrid,1,/data/datasets/PRCC/prcc/rgb/train/092/A_cropped_rgb001.jpg,/data/datasets/PRCC/prcc/rgb/train/149/B_cropped_rgb583.jpg,0,24,0.875569224357605,0.9999998807907104,1,A,B,092,149,male,male,black,black,short,short,average,average
hybrid,2,/data/datasets/PRCC/prcc/rgb/train/092/A_cropped_rgb001.jpg,/data/datasets/PRCC/prcc/rgb/train/098/A_cropped_rgb067.jpg,0,2,0.8876383900642395,0.9954804182052612,2,A,A,092,098,male,male,black,black,short,short,average,slim
hybrid,3,/data/datasets/PRCC/prcc/rgb/train/092/A_cropped_rgb001.jpg,/data/datasets/PRCC/prcc/rgb/train/110/A_cropped_rgb517.jpg,0,8,0.6424823999404907,0.9999998807907104,3,A,A,092,110,male,male,black,black,short,short,average,average
hybrid,4,/data/datasets/PRCC/prcc/rgb/train/092/A_cropped_rgb001.jpg,/data/datasets/PRCC/prcc/rgb/train/098/A_cropped_rgb022.jpg,0,2,0.8850985765457153,0.9999998807907104,4,A,A,092,098,male,male,black,black,short,short,average,average
hybrid,5,/data/datasets/PRCC/prcc/rgb/train/092/A_cropped_rgb001.jpg,/data/datasets/PRCC/prcc/rgb/train/185/A_cropped_rgb019.jpg,0,48,0.7026106119155884,0.9999998807907104,5,A,A,092,185,male,male,black,black,short,short,average,average
visual,1,/data/datasets/PRCC/prcc/rgb/train/092/A_cropped_rgb004.jpg,/data/datasets/PRCC/prcc/rgb/train/098/A_cropped_rgb022.jpg,0,2,0.8959032297134399,0.9999998807907104,,A,A,092,098,male,male,black,black,short,short,average,average
visual,2,/data/datasets/PRCC/prcc/rgb/train/092/A_cropped_rgb004.jpg,/data/datasets/PRCC/prcc/rgb/train/098/C_cropped_rgb076.jpg,0,2,0.8876708745956421,0.9999998807907104,,A,C,092,098C,male,male,black,black,short,short,average,average
visual,3,/data/datasets/PRCC/prcc/rgb/train/092/A_cropped_rgb004.jpg,/data/datasets/PRCC/prcc/rgb/train/098/A_cropped_rgb037.jpg,0,2,0.8798897862434387,0.9999998807907104,,A,A,092,098,male,male,black,black,short,short,average,average
visual,4,/data/datasets/PRCC/prcc/rgb/train/092/A_cropped_rgb004.jpg,/data/datasets/PRCC/prcc/rgb/train/098/A_cropped_rgb067.jpg,0,2,0.8787858486175537,0.9954804182052612,,A,A,092,098,male,male,black,black,short,short,average,slim
visual,5,/data/datasets/PRCC/prcc/rgb/train/092/A_cropped_rgb004.jpg,/data/datasets/PRCC/prcc/rgb/train/098/C_cropped_rgb040.jpg,0,2,0.8777109384536743,0.9999998807907104,,A,C,092,098C,male,male,black,black,short,short,average,average
semantic,1,/data/datasets/PRCC/prcc/rgb/train/092/A_cropped_rgb004.jpg,/data/datasets/PRCC/prcc/rgb/train/149/B_cropped_rgb583.jpg,0,24,0.8674390316009521,0.9999998807907104,,A,B,092,149,male,male,black,black,short,short,average,average
semantic,2,/data/datasets/PRCC/prcc/rgb/train/092/A_cropped_rgb004.jpg,/data/datasets/PRCC/prcc/rgb/train/110/A_cropped_rgb517.jpg,0,8,0.6366511583328247,0.9999998807907104,,A,A,092,110,male,male,black,black,short,short,average,average
semantic,3,/data/datasets/PRCC/prcc/rgb/train/092/A_cropped_rgb004.jpg,/data/datasets/PRCC/prcc/rgb/train/185/A_cropped_rgb019.jpg,0,48,0.7440437078475952,0.9999998807907104,,A,A,092,185,male,male,black,black,short,short,average,average
semantic,4,/data/datasets/PRCC/prcc/rgb/train/092/A_cropped_rgb004.jpg,/data/datasets/PRCC/prcc/rgb/train/300/C_cropped_rgb171.jpg,0,133,0.7418593168258667,0.9999998807907104,,A,C,092,300C,male,male,black,black,short,short,average,average
semantic,5,/data/datasets/PRCC/prcc/rgb/train/092/A_cropped_rgb004.jpg,/data/datasets/PRCC/prcc/rgb/train/177/C_cropped_rgb475.jpg,0,42,0.6791664361953735,0.9999998807907104,,A,C,092,177C,male,male,black,black,short,short,average,average
hybrid,1,/data/datasets/PRCC/prcc/rgb/train/092/A_cropped_rgb004.jpg,/data/datasets/PRCC/prcc/rgb/train/149/B_cropped_rgb583.jpg,0,24,0.8674390316009521,0.9999998807907104,1,A,B,092,149,male,male,black,black,short,short,average,average
hybrid,2,/data/datasets/PRCC/prcc/rgb/train/092/A_cropped_rgb004.jpg,/data/datasets/PRCC/prcc/rgb/train/098/A_cropped_rgb022.jpg,0,2,0.8959032297134399,0.9999998807907104,2,A,A,092,098,male,male,black,black,short,short,average,average
hybrid,3,/data/datasets/PRCC/prcc/rgb/train/092/A_cropped_rgb004.jpg,/data/datasets/PRCC/prcc/rgb/train/110/A_cropped_rgb517.jpg,0,8,0.6366511583328247,0.9999998807907104,3,A,A,092,110,male,male,black,black,short,short,average,average
hybrid,4,/data/datasets/PRCC/prcc/rgb/train/092/A_cropped_rgb004.jpg,/data/datasets/PRCC/prcc/rgb/train/098/C_cropped_rgb076.jpg,0,2,0.8876708745956421,0.9999998807907104,4,A,C,092,098C,male,male,black,black,short,short,average,average
hybrid,5,/data/datasets/PRCC/prcc/rgb/train/092/A_cropped_rgb004.jpg,/data/datasets/PRCC/prcc/rgb/train/185/A_cropped_rgb019.jpg,0,48,0.7440437078475952,0.9999998807907104,5,A,A,092,185,male,male,black,black,short,short,average,average
visual,1,/data/datasets/PRCC/prcc/rgb/train/092/A_cropped_rgb007.jpg,/data/datasets/PRCC/prcc/rgb/train/193/A_cropped_rgb025.jpg,0,51,0.8851062655448914,0.9999998807907104,,A,A,092,193,male,male,black,black,short,short,average,average
visual,2,/data/datasets/PRCC/prcc/rgb/train/092/A_cropped_rgb007.jpg,/data/datasets/PRCC/prcc/rgb/train/193/A_cropped_rgb028.jpg,0,51,0.8795493841171265,0.9999998807907104,,A,A,092,193,male,male,black,black,short,short,average,average
visual,3,/data/datasets/PRCC/prcc/rgb/train/092/A_cropped_rgb007.jpg,/data/datasets/PRCC/prcc/rgb/train/114/B_cropped_rgb144.jpg,0,11,0.8777643442153931,0.9999998807907104,,A,B,092,114,male,male,black,black,short,short,average,average
visual,4,/data/datasets/PRCC/prcc/rgb/train/092/A_cropped_rgb007.jpg,/data/datasets/PRCC/prcc/rgb/train/193/A_cropped_rgb052.jpg,0,51,0.8738325238227844,0.9999998807907104,,A,A,092,193,male,male,black,black,short,short,average,average
visual,5,/data/datasets/PRCC/prcc/rgb/train/092/A_cropped_rgb007.jpg,/data/datasets/PRCC/prcc/rgb/train/193/A_cropped_rgb019.jpg,0,51,0.8730344772338867,0.9999998807907104,,A,A,092,193,male,male,black,black,short,short,average,average
semantic,1,/data/datasets/PRCC/prcc/rgb/train/092/A_cropped_rgb007.jpg,/data/datasets/PRCC/prcc/rgb/train/149/B_cropped_rgb583.jpg,0,24,0.8648730516433716,0.9999998807907104,,A,B,092,149,male,male,black,black,short,short,average,average
semantic,2,/data/datasets/PRCC/prcc/rgb/train/092/A_cropped_rgb007.jpg,/data/datasets/PRCC/prcc/rgb/train/110/A_cropped_rgb517.jpg,0,8,0.6462326645851135,0.9999998807907104,,A,A,092,110,male,male,black,black,short,short,average,average
semantic,3,/data/datasets/PRCC/prcc/rgb/train/092/A_cropped_rgb007.jpg,/data/datasets/PRCC/prcc/rgb/train/185/A_cropped_rgb019.jpg,0,48,0.7238152623176575,0.9999998807907104,,A,A,092,185,male,male,black,black,short,short,average,average
semantic,4,/data/datasets/PRCC/prcc/rgb/train/092/A_cropped_rgb007.jpg,/data/datasets/PRCC/prcc/rgb/train/300/C_cropped_rgb171.jpg,0,133,0.771399736404419,0.9999998807907104,,A,C,092,300C,male,male,black,black,short,short,average,average
semantic,5,/data/datasets/PRCC/prcc/rgb/train/092/A_cropped_rgb007.jpg,/data/datasets/PRCC/prcc/rgb/train/177/C_cropped_rgb475.jpg,0,42,0.6779239773750305,0.9999998807907104,,A,C,092,177C,male,male,black,black,short,short,average,average
hybrid,1,/data/datasets/PRCC/prcc/rgb/train/092/A_cropped_rgb007.jpg,/data/datasets/PRCC/prcc/rgb/train/149/B_cropped_rgb583.jpg,0,24,0.8648730516433716,0.9999998807907104,1,A,B,092,149,male,male,black,black,short,short,average,average
hybrid,2,/data/datasets/PRCC/prcc/rgb/train/092/A_cropped_rgb007.jpg,/data/datasets/PRCC/prcc/rgb/train/193/A_cropped_rgb025.jpg,0,51,0.8851062655448914,0.9999998807907104,2,A,A,092,193,male,male,black,black,short,short,average,average
hybrid,3,/data/datasets/PRCC/prcc/rgb/train/092/A_cropped_rgb007.jpg,/data/datasets/PRCC/prcc/rgb/train/110/A_cropped_rgb517.jpg,0,8,0.6462326645851135,0.9999998807907104,3,A,A,092,110,male,male,black,black,short,short,average,average
hybrid,4,/data/datasets/PRCC/prcc/rgb/train/092/A_cropped_rgb007.jpg,/data/datasets/PRCC/prcc/rgb/train/193/A_cropped_rgb028.jpg,0,51,0.8795493841171265,0.9999998807907104,4,A,A,092,193,male,male,black,black,short,short,average,average
hybrid,5,/data/datasets/PRCC/prcc/rgb/train/092/A_cropped_rgb007.jpg,/data/datasets/PRCC/prcc/rgb/train/185/A_cropped_rgb019.jpg,0,48,0.7238152623176575,0.9999998807907104,5,A,A,092,185,male,male,black,black,short,short,average,average
visual,1,/data/datasets/PRCC/prcc/rgb/train/092/A_cropped_rgb010.jpg,/data/datasets/PRCC/prcc/rgb/train/193/A_cropped_rgb025.jpg,0,51,0.8825217485427856,0.9999998807907104,,A,A,092,193,male,male,black,black,short,short,average,average
visual,2,/data/datasets/PRCC/prcc/rgb/train/092/A_cropped_rgb010.jpg,/data/datasets/PRCC/prcc/rgb/train/193/A_cropped_rgb016.jpg,0,51,0.8808614611625671,0.9999998807907104,,A,A,092,193,male,male,black,black,short,short,average,average
visual,3,/data/datasets/PRCC/prcc/rgb/train/092/A_cropped_rgb010.jpg,/data/datasets/PRCC/prcc/rgb/train/193/A_cropped_rgb028.jpg,0,51,0.8795546293258667,0.9999998807907104,,A,A,092,193,male,male,black,black,short,short,average,average
visual,4,/data/datasets/PRCC/prcc/rgb/train/092/A_cropped_rgb010.jpg,/data/datasets/PRCC/prcc/rgb/train/193/A_cropped_rgb019.jpg,0,51,0.8704497218132019,0.9999998807907104,,A,A,092,193,male,male,black,black,short,short,average,average
visual,5,/data/datasets/PRCC/prcc/rgb/train/092/A_cropped_rgb010.jpg,/data/datasets/PRCC/prcc/rgb/train/193/A_cropped_rgb001.jpg,0,51,0.867505669593811,0.9999998807907104,,A,A,092,193,male,male,black,black,short,short,average,average
semantic,1,/data/datasets/PRCC/prcc/rgb/train/092/A_cropped_rgb010.jpg,/data/datasets/PRCC/prcc/rgb/train/149/B_cropped_rgb583.jpg,0,24,0.8613510727882385,0.9999998807907104,,A,B,092,149,male,male,black,black,short,short,average,average
semantic,2,/data/datasets/PRCC/prcc/rgb/train/092/A_cropped_rgb010.jpg,/data/datasets/PRCC/prcc/rgb/train/110/A_cropped_rgb517.jpg,0,8,0.6286405324935913,0.9999998807907104,,A,A,092,110,male,male,black,black,short,short,average,average
semantic,3,/data/datasets/PRCC/prcc/rgb/train/092/A_cropped_rgb010.jpg,/data/datasets/PRCC/prcc/rgb/train/185/A_cropped_rgb019.jpg,0,48,0.7006832957267761,0.9999998807907104,,A,A,092,185,male,male,black,black,short,short,average,average
semantic,4,/data/datasets/PRCC/prcc/rgb/train/092/A_cropped_rgb010.jpg,/data/datasets/PRCC/prcc/rgb/train/300/C_cropped_rgb171.jpg,0,133,0.7530285716056824,0.9999998807907104,,A,C,092,300C,male,male,black,black,short,short,average,average
semantic,5,/data/datasets/PRCC/prcc/rgb/train/092/A_cropped_rgb010.jpg,/data/datasets/PRCC/prcc/rgb/train/177/C_cropped_rgb475.jpg,0,42,0.6491961479187012,0.9999998807907104,,A,C,092,177C,male,male,black,black,short,short,average,average
hybrid,1,/data/datasets/PRCC/prcc/rgb/train/092/A_cropped_rgb010.jpg,/data/datasets/PRCC/prcc/rgb/train/149/B_cropped_rgb583.jpg,0,24,0.8613510727882385,0.9999998807907104,1,A,B,092,149,male,male,black,black,short,short,average,average
hybrid,2,/data/datasets/PRCC/prcc/rgb/train/092/A_cropped_rgb010.jpg,/data/datasets/PRCC/prcc/rgb/train/193/A_cropped_rgb025.jpg,0,51,0.8825217485427856,0.9999998807907104,2,A,A,092,193,male,male,black,black,short,short,average,average
hybrid,3,/data/datasets/PRCC/prcc/rgb/train/092/A_cropped_rgb010.jpg,/data/datasets/PRCC/prcc/rgb/train/110/A_cropped_rgb517.jpg,0,8,0.6286405324935913,0.9999998807907104,3,A,A,092,110,male,male,black,black,short,short,average,average
hybrid,4,/data/datasets/PRCC/prcc/rgb/train/092/A_cropped_rgb010.jpg,/data/datasets/PRCC/prcc/rgb/train/193/A_cropped_rgb016.jpg,0,51,0.8808614611625671,0.9999998807907104,4,A,A,092,193,male,male,black,black,short,short,average,average
hybrid,5,/data/datasets/PRCC/prcc/rgb/train/092/A_cropped_rgb010.jpg,/data/datasets/PRCC/prcc/rgb/train/185/A_cropped_rgb019.jpg,0,48,0.7006832957267761,0.9999998807907104,5,A,A,092,185,male,male,black,black,short,short,average,average
visual,1,/data/datasets/PRCC/prcc/rgb/train/092/A_cropped_rgb013.jpg,/data/datasets/PRCC/prcc/rgb/train/193/A_cropped_rgb025.jpg,0,51,0.8979488611221313,0.9999998807907104,,A,A,092,193,male,male,black,black,short,short,average,average
visual,2,/data/datasets/PRCC/prcc/rgb/train/092/A_cropped_rgb013.jpg,/data/datasets/PRCC/prcc/rgb/train/193/A_cropped_rgb028.jpg,0,51,0.8973678350448608,0.9999998807907104,,A,A,092,193,male,male,black,black,short,short,average,average
visual,3,/data/datasets/PRCC/prcc/rgb/train/092/A_cropped_rgb013.jpg,/data/datasets/PRCC/prcc/rgb/train/193/A_cropped_rgb400.jpg,0,51,0.8911601305007935,0.9999998807907104,,A,A,092,193,male,male,black,black,short,short,average,average
visual,4,/data/datasets/PRCC/prcc/rgb/train/092/A_cropped_rgb013.jpg,/data/datasets/PRCC/prcc/rgb/train/154/A_cropped_rgb013.jpg,0,27,0.8905764222145081,0.9999998807907104,,A,A,092,154,male,male,black,black,short,short,average,average
visual,5,/data/datasets/PRCC/prcc/rgb/train/092/A_cropped_rgb013.jpg,/data/datasets/PRCC/prcc/rgb/train/154/A_cropped_rgb360.jpg,0,27,0.8886784911155701,0.9999998807907104,,A,A,092,154,male,male,black,black,short,short,average,average
semantic,1,/data/datasets/PRCC/prcc/rgb/train/092/A_cropped_rgb013.jpg,/data/datasets/PRCC/prcc/rgb/train/149/B_cropped_rgb583.jpg,0,24,0.8575009107589722,0.9999998807907104,,A,B,092,149,male,male,black,black,short,short,average,average
semantic,2,/data/datasets/PRCC/prcc/rgb/train/092/A_cropped_rgb013.jpg,/data/datasets/PRCC/prcc/rgb/train/110/A_cropped_rgb517.jpg,0,8,0.6399809718132019,0.9999998807907104,,A,A,092,110,male,male,black,black,short,short,average,average
semantic,3,/data/datasets/PRCC/prcc/rgb/train/092/A_cropped_rgb013.jpg,/data/datasets/PRCC/prcc/rgb/train/185/A_cropped_rgb019.jpg,0,48,0.7155972123146057,0.9999998807907104,,A,A,092,185,male,male,black,black,short,short,average,average
semantic,4,/data/datasets/PRCC/prcc/rgb/train/092/A_cropped_rgb013.jpg,/data/datasets/PRCC/prcc/rgb/train/300/C_cropped_rgb171.jpg,0,133,0.7502865791320801,0.9999998807907104,,A,C,092,300C,male,male,black,black,short,short,average,average
semantic,5,/data/datasets/PRCC/prcc/rgb/train/092/A_cropped_rgb013.jpg,/data/datasets/PRCC/prcc/rgb/train/177/C_cropped_rgb475.jpg,0,42,0.6597217917442322,0.9999998807907104,,A,C,092,177C,male,male,black,black,short,short,average,average
hybrid,1,/data/datasets/PRCC/prcc/rgb/train/092/A_cropped_rgb013.jpg,/data/datasets/PRCC/prcc/rgb/train/149/B_cropped_rgb583.jpg,0,24,0.8575009107589722,0.9999998807907104,1,A,B,092,149,male,male,black,black,short,short,average,average
hybrid,2,/data/datasets/PRCC/prcc/rgb/train/092/A_cropped_rgb013.jpg,/data/datasets/PRCC/prcc/rgb/train/193/A_cropped_rgb025.jpg,0,51,0.8979488611221313,0.9999998807907104,2,A,A,092,193,male,male,black,black,short,short,average,average
hybrid,3,/data/datasets/PRCC/prcc/rgb/train/092/A_cropped_rgb013.jpg,/data/datasets/PRCC/prcc/rgb/train/110/A_cropped_rgb517.jpg,0,8,0.6399809718132019,0.9999998807907104,3,A,A,092,110,male,male,black,black,short,short,average,average
hybrid,4,/data/datasets/PRCC/prcc/rgb/train/092/A_cropped_rgb013.jpg,/data/datasets/PRCC/prcc/rgb/train/193/A_cropped_rgb028.jpg,0,51,0.8973678350448608,0.9999998807907104,4,A,A,092,193,male,male,black,black,short,short,average,average
hybrid,5,/data/datasets/PRCC/prcc/rgb/train/092/A_cropped_rgb013.jpg,/data/datasets/PRCC/prcc/rgb/train/185/A_cropped_rgb019.jpg,0,48,0.7155972123146057,0.9999998807907104,5,A,A,092,185,male,male,black,black,short,short,average,average
visual,1,/data/datasets/PRCC/prcc/rgb/train/092/A_cropped_rgb016.jpg,/data/datasets/PRCC/prcc/rgb/train/193/A_cropped_rgb028.jpg,0,51,0.8769709467887878,0.9999998807907104,,A,A,092,193,male,male,black,black,short,short,average,average
visual,2,/data/datasets/PRCC/prcc/rgb/train/092/A_cropped_rgb016.jpg,/data/datasets/PRCC/prcc/rgb/train/193/A_cropped_rgb025.jpg,0,51,0.8754519820213318,0.9999998807907104,,A,A,092,193,male,male,black,black,short,short,average,average
visual,3,/data/datasets/PRCC/prcc/rgb/train/092/A_cropped_rgb016.jpg,/data/datasets/PRCC/prcc/rgb/train/193/A_cropped_rgb016.jpg,0,51,0.8692284822463989,0.9999998807907104,,A,A,092,193,male,male,black,black,short,short,average,average
visual,4,/data/datasets/PRCC/prcc/rgb/train/092/A_cropped_rgb016.jpg,/data/datasets/PRCC/prcc/rgb/train/193/A_cropped_rgb019.jpg,0,51,0.867667555809021,0.9999998807907104,,A,A,092,193,male,male,black,black,short,short,average,average
visual,5,/data/datasets/PRCC/prcc/rgb/train/092/A_cropped_rgb016.jpg,/data/datasets/PRCC/prcc/rgb/train/149/B_cropped_rgb583.jpg,0,24,0.8676241636276245,0.9999998807907104,,A,B,092,149,male,male,black,black,short,short,average,average
semantic,1,/data/datasets/PRCC/prcc/rgb/train/092/A_cropped_rgb016.jpg,/data/datasets/PRCC/prcc/rgb/train/149/B_cropped_rgb583.jpg,0,24,0.8676241636276245,0.9999998807907104,,A,B,092,149,male,male,black,black,short,short,average,average
semantic,2,/data/datasets/PRCC/prcc/rgb/train/092/A_cropped_rgb016.jpg,/data/datasets/PRCC/prcc/rgb/train/110/A_cropped_rgb517.jpg,0,8,0.6249608397483826,0.9999998807907104,,A,A,092,110,male,male,black,black,short,short,average,average
semantic,3,/data/datasets/PRCC/prcc/rgb/train/092/A_cropped_rgb016.jpg,/data/datasets/PRCC/prcc/rgb/train/185/A_cropped_rgb019.jpg,0,48,0.7073246240615845,0.9999998807907104,,A,A,092,185,male,male,black,black,short,short,average,average
semantic,4,/data/datasets/PRCC/prcc/rgb/train/092/A_cropped_rgb016.jpg,/data/datasets/PRCC/prcc/rgb/train/300/C_cropped_rgb171.jpg,0,133,0.750825047492981,0.9999998807907104,,A,C,092,300C,male,male,black,black,short,short,average,average
semantic,5,/data/datasets/PRCC/prcc/rgb/train/092/A_cropped_rgb016.jpg,/data/datasets/PRCC/prcc/rgb/train/177/C_cropped_rgb475.jpg,0,42,0.6588378548622131,0.9999998807907104,,A,C,092,177C,male,male,black,black,short,short,average,average
hybrid,1,/data/datasets/PRCC/prcc/rgb/train/092/A_cropped_rgb016.jpg,/data/datasets/PRCC/prcc/rgb/train/149/B_cropped_rgb583.jpg,0,24,0.8676241636276245,0.9999998807907104,1,A,B,092,149,male,male,black,black,short,short,average,average
hybrid,2,/data/datasets/PRCC/prcc/rgb/train/092/A_cropped_rgb016.jpg,/data/datasets/PRCC/prcc/rgb/train/193/A_cropped_rgb028.jpg,0,51,0.8769709467887878,0.9999998807907104,2,A,A,092,193,male,male,black,black,short,short,average,average
hybrid,3,/data/datasets/PRCC/prcc/rgb/train/092/A_cropped_rgb016.jpg,/data/datasets/PRCC/prcc/rgb/train/110/A_cropped_rgb517.jpg,0,8,0.6249608397483826,0.9999998807907104,3,A,A,092,110,male,male,black,black,short,short,average,average
hybrid,4,/data/datasets/PRCC/prcc/rgb/train/092/A_cropped_rgb016.jpg,/data/datasets/PRCC/prcc/rgb/train/193/A_cropped_rgb025.jpg,0,51,0.8754519820213318,0.9999998807907104,4,A,A,092,193,male,male,black,black,short,short,average,average
hybrid,5,/data/datasets/PRCC/prcc/rgb/train/092/A_cropped_rgb016.jpg,/data/datasets/PRCC/prcc/rgb/train/185/A_cropped_rgb019.jpg,0,48,0.7073246240615845,0.9999998807907104,5,A,A,092,185,male,male,black,black,short,short,average,average
visual,1,/data/datasets/PRCC/prcc/rgb/train/092/A_cropped_rgb019.jpg,/data/datasets/PRCC/prcc/rgb/train/114/B_cropped_rgb144.jpg,0,11,0.8872197866439819,0.9999998807907104,,A,B,092,114,male,male,black,black,short,short,average,average
visual,2,/data/datasets/PRCC/prcc/rgb/train/092/A_cropped_rgb019.jpg,/data/datasets/PRCC/prcc/rgb/train/149/B_cropped_rgb583.jpg,0,24,0.8824165463447571,0.9999998807907104,,A,B,092,149,male,male,black,black,short,short,average,average
visual,3,/data/datasets/PRCC/prcc/rgb/train/092/A_cropped_rgb019.jpg,/data/datasets/PRCC/prcc/rgb/train/193/A_cropped_rgb028.jpg,0,51,0.8794621825218201,0.9999998807907104,,A,A,092,193,male,male,black,black,short,short,average,average
visual,4,/data/datasets/PRCC/prcc/rgb/train/092/A_cropped_rgb019.jpg,/data/datasets/PRCC/prcc/rgb/train/193/A_cropped_rgb025.jpg,0,51,0.8783734440803528,0.9999998807907104,,A,A,092,193,male,male,black,black,short,short,average,average
visual,5,/data/datasets/PRCC/prcc/rgb/train/092/A_cropped_rgb019.jpg,/data/datasets/PRCC/prcc/rgb/train/193/A_cropped_rgb019.jpg,0,51,0.8767061829566956,0.9999998807907104,,A,A,092,193,male,male,black,black,short,short,average,average
semantic,1,/data/datasets/PRCC/prcc/rgb/train/092/A_cropped_rgb019.jpg,/data/datasets/PRCC/prcc/rgb/train/149/B_cropped_rgb583.jpg,0,24,0.8824165463447571,0.9999998807907104,,A,B,092,149,male,male,black,black,short,short,average,average
semantic,2,/data/datasets/PRCC/prcc/rgb/train/092/A_cropped_rgb019.jpg,/data/datasets/PRCC/prcc/rgb/train/110/A_cropped_rgb517.jpg,0,8,0.6566786766052246,0.9999998807907104,,A,A,092,110,male,male,black,black,short,short,average,average
semantic,3,/data/datasets/PRCC/prcc/rgb/train/092/A_cropped_rgb019.jpg,/data/datasets/PRCC/prcc/rgb/train/185/A_cropped_rgb019.jpg,0,48,0.7184921503067017,0.9999998807907104,,A,A,092,185,male,male,black,black,short,short,average,average
semantic,4,/data/datasets/PRCC/prcc/rgb/train/092/A_cropped_rgb019.jpg,/data/datasets/PRCC/prcc/rgb/train/300/C_cropped_rgb171.jpg,0,133,0.7636862993240356,0.9999998807907104,,A,C,092,300C,male,male,black,black,short,short,average,average
semantic,5,/data/datasets/PRCC/prcc/rgb/train/092/A_cropped_rgb019.jpg,/data/datasets/PRCC/prcc/rgb/train/177/C_cropped_rgb475.jpg,0,42,0.6833481788635254,0.9999998807907104,,A,C,092,177C,male,male,black,black,short,short,average,average
hybrid,1,/data/datasets/PRCC/prcc/rgb/train/092/A_cropped_rgb019.jpg,/data/datasets/PRCC/prcc/rgb/train/149/B_cropped_rgb583.jpg,0,24,0.8824165463447571,0.9999998807907104,1,A,B,092,149,male,male,black,black,short,short,average,average
hybrid,2,/data/datasets/PRCC/prcc/rgb/train/092/A_cropped_rgb019.jpg,/data/datasets/PRCC/prcc/rgb/train/114/B_cropped_rgb144.jpg,0,11,0.8872197866439819,0.9999998807907104,2,A,B,092,114,male,male,black,black,short,short,average,average
hybrid,3,/data/datasets/PRCC/prcc/rgb/train/092/A_cropped_rgb019.jpg,/data/datasets/PRCC/prcc/rgb/train/110/A_cropped_rgb517.jpg,0,8,0.6566786766052246,0.9999998807907104,3,A,A,092,110,male,male,black,black,short,short,average,average
hybrid,4,/data/datasets/PRCC/prcc/rgb/train/092/A_cropped_rgb019.jpg,/data/datasets/PRCC/prcc/rgb/train/185/A_cropped_rgb019.jpg,0,48,0.7184921503067017,0.9999998807907104,4,A,A,092,185,male,male,black,black,short,short,average,average
hybrid,5,/data/datasets/PRCC/prcc/rgb/train/092/A_cropped_rgb019.jpg,/data/datasets/PRCC/prcc/rgb/train/193/A_cropped_rgb028.jpg,0,51,0.8794621825218201,0.9999998807907104,5,A,A,092,193,male,male,black,black,short,short,average,average
visual,1,/data/datasets/PRCC/prcc/rgb/train/092/A_cropped_rgb022.jpg,/data/datasets/PRCC/prcc/rgb/train/193/A_cropped_rgb025.jpg,0,51,0.8783057928085327,0.9999998807907104,,A,A,092,193,male,male,black,black,short,short,average,average
visual,2,/data/datasets/PRCC/prcc/rgb/train/092/A_cropped_rgb022.jpg,/data/datasets/PRCC/prcc/rgb/train/193/A_cropped_rgb028.jpg,0,51,0.875474214553833,0.9999998807907104,,A,A,092,193,male,male,black,black,short,short,average,average
visual,3,/data/datasets/PRCC/prcc/rgb/train/092/A_cropped_rgb022.jpg,/data/datasets/PRCC/prcc/rgb/train/193/A_cropped_rgb016.jpg,0,51,0.874297022819519,0.9999998807907104,,A,A,092,193,male,male,black,black,short,short,average,average
visual,4,/data/datasets/PRCC/prcc/rgb/train/092/A_cropped_rgb022.jpg,/data/datasets/PRCC/prcc/rgb/train/193/A_cropped_rgb019.jpg,0,51,0.8706144690513611,0.9999998807907104,,A,A,092,193,male,male,black,black,short,short,average,average
visual,5,/data/datasets/PRCC/prcc/rgb/train/092/A_cropped_rgb022.jpg,/data/datasets/PRCC/prcc/rgb/train/154/A_cropped_rgb013.jpg,0,27,0.8652434349060059,0.9999998807907104,,A,A,092,154,male,male,black,black,short,short,average,average
semantic,1,/data/datasets/PRCC/prcc/rgb/train/092/A_cropped_rgb022.jpg,/data/datasets/PRCC/prcc/rgb/train/149/B_cropped_rgb583.jpg,0,24,0.8639563322067261,0.9999998807907104,,A,B,092,149,male,male,black,black,short,short,average,average
semantic,2,/data/datasets/PRCC/prcc/rgb/train/092/A_cropped_rgb022.jpg,/data/datasets/PRCC/prcc/rgb/train/110/A_cropped_rgb517.jpg,0,8,0.6314355134963989,0.9999998807907104,,A,A,092,110,male,male,black,black,short,short,average,average
semantic,3,/data/datasets/PRCC/prcc/rgb/train/092/A_cropped_rgb022.jpg,/data/datasets/PRCC/prcc/rgb/train/185/A_cropped_rgb019.jpg,0,48,0.7013534307479858,0.9999998807907104,,A,A,092,185,male,male,black,black,short,short,average,average
semantic,4,/data/datasets/PRCC/prcc/rgb/train/092/A_cropped_rgb022.jpg,/data/datasets/PRCC/prcc/rgb/train/300/C_cropped_rgb171.jpg,0,133,0.7535915374755859,0.9999998807907104,,A,C,092,300C,male,male,black,black,short,short,average,average
semantic,5,/data/datasets/PRCC/prcc/rgb/train/092/A_cropped_rgb022.jpg,/data/datasets/PRCC/prcc/rgb/train/177/C_cropped_rgb475.jpg,0,42,0.6555826663970947,0.9999998807907104,,A,C,092,177C,male,male,black,black,short,short,average,average
hybrid,1,/data/datasets/PRCC/prcc/rgb/train/092/A_cropped_rgb022.jpg,/data/datasets/PRCC/prcc/rgb/train/149/B_cropped_rgb583.jpg,0,24,0.8639563322067261,0.9999998807907104,1,A,B,092,149,male,male,black,black,short,short,average,average
hybrid,2,/data/datasets/PRCC/prcc/rgb/train/092/A_cropped_rgb022.jpg,/data/datasets/PRCC/prcc/rgb/train/193/A_cropped_rgb025.jpg,0,51,0.8783057928085327,0.9999998807907104,2,A,A,092,193,male,male,black,black,short,short,average,average
hybrid,3,/data/datasets/PRCC/prcc/rgb/train/092/A_cropped_rgb022.jpg,/data/datasets/PRCC/prcc/rgb/train/110/A_cropped_rgb517.jpg,0,8,0.6314355134963989,0.9999998807907104,3,A,A,092,110,male,male,black,black,short,short,average,average
hybrid,4,/data/datasets/PRCC/prcc/rgb/train/092/A_cropped_rgb022.jpg,/data/datasets/PRCC/prcc/rgb/train/193/A_cropped_rgb028.jpg,0,51,0.875474214553833,0.9999998807907104,4,A,A,092,193,male,male,black,black,short,short,average,average
hybrid,5,/data/datasets/PRCC/prcc/rgb/train/092/A_cropped_rgb022.jpg,/data/datasets/PRCC/prcc/rgb/train/185/A_cropped_rgb019.jpg,0,48,0.7013534307479858,0.9999998807907104,5,A,A,092,185,male,male,black,black,short,short,average,average
visual,1,/data/datasets/PRCC/prcc/rgb/train/092/A_cropped_rgb025.jpg,/data/datasets/PRCC/prcc/rgb/train/193/A_cropped_rgb400.jpg,0,51,0.8903014659881592,0.9999998807907104,,A,A,092,193,male,male,black,black,short,short,average,average
visual,2,/data/datasets/PRCC/prcc/rgb/train/092/A_cropped_rgb025.jpg,/data/datasets/PRCC/prcc/rgb/train/193/A_cropped_rgb028.jpg,0,51,0.888918399810791,0.9999998807907104,,A,A,092,193,male,male,black,black,short,short,average,average
visual,3,/data/datasets/PRCC/prcc/rgb/train/092/A_cropped_rgb025.jpg,/data/datasets/PRCC/prcc/rgb/train/193/A_cropped_rgb025.jpg,0,51,0.8879906535148621,0.9999998807907104,,A,A,092,193,male,male,black,black,short,short,average,average
visual,4,/data/datasets/PRCC/prcc/rgb/train/092/A_cropped_rgb025.jpg,/data/datasets/PRCC/prcc/rgb/train/193/A_cropped_rgb016.jpg,0,51,0.8840191960334778,0.9999998807907104,,A,A,092,193,male,male,black,black,short,short,average,average
visual,5,/data/datasets/PRCC/prcc/rgb/train/092/A_cropped_rgb025.jpg,/data/datasets/PRCC/prcc/rgb/train/193/A_cropped_rgb019.jpg,0,51,0.8837761878967285,0.9999998807907104,,A,A,092,193,male,male,black,black,short,short,average,average
semantic,1,/data/datasets/PRCC/prcc/rgb/train/092/A_cropped_rgb025.jpg,/data/datasets/PRCC/prcc/rgb/train/149/B_cropped_rgb583.jpg,0,24,0.8786569237709045,0.9999998807907104,,A,B,092,149,male,male,black,black,short,short,average,average
semantic,2,/data/datasets/PRCC/prcc/rgb/train/092/A_cropped_rgb025.jpg,/data/datasets/PRCC/prcc/rgb/train/110/A_cropped_rgb517.jpg,0,8,0.6284719705581665,0.9999998807907104,,A,A,092,110,male,male,black,black,short,short,average,average
semantic,3,/data/datasets/PRCC/prcc/rgb/train/092/A_cropped_rgb025.jpg,/data/datasets/PRCC/prcc/rgb/train/185/A_cropped_rgb019.jpg,0,48,0.7037453651428223,0.9999998807907104,,A,A,092,185,male,male,black,black,short,short,average,average
semantic,4,/data/datasets/PRCC/prcc/rgb/train/092/A_cropped_rgb025.jpg,/data/datasets/PRCC/prcc/rgb/train/300/C_cropped_rgb171.jpg,0,133,0.7627885341644287,0.9999998807907104,,A,C,092,300C,male,male,black,black,short,short,average,average
semantic,5,/data/datasets/PRCC/prcc/rgb/train/092/A_cropped_rgb025.jpg,/data/datasets/PRCC/prcc/rgb/train/177/C_cropped_rgb475.jpg,0,42,0.6593775153160095,0.9999998807907104,,A,C,092,177C,male,male,black,black,short,short,average,average
hybrid,1,/data/datasets/PRCC/prcc/rgb/train/092/A_cropped_rgb025.jpg,/data/datasets/PRCC/prcc/rgb/train/149/B_cropped_rgb583.jpg,0,24,0.8786569237709045,0.9999998807907104,1,A,B,092,149,male,male,black,black,short,short,average,average
hybrid,2,/data/datasets/PRCC/prcc/rgb/train/092/A_cropped_rgb025.jpg,/data/datasets/PRCC/prcc/rgb/train/193/A_cropped_rgb400.jpg,0,51,0.8903014659881592,0.9999998807907104,2,A,A,092,193,male,male,black,black,short,short,average,average
hybrid,3,/data/datasets/PRCC/prcc/rgb/train/092/A_cropped_rgb025.jpg,/data/datasets/PRCC/prcc/rgb/train/110/A_cropped_rgb517.jpg,0,8,0.6284719705581665,0.9999998807907104,3,A,A,092,110,male,male,black,black,short,short,average,average
hybrid,4,/data/datasets/PRCC/prcc/rgb/train/092/A_cropped_rgb025.jpg,/data/datasets/PRCC/prcc/rgb/train/193/A_cropped_rgb028.jpg,0,51,0.888918399810791,0.9999998807907104,4,A,A,092,193,male,male,black,black,short,short,average,average
hybrid,5,/data/datasets/PRCC/prcc/rgb/train/092/A_cropped_rgb025.jpg,/data/datasets/PRCC/prcc/rgb/train/185/A_cropped_rgb019.jpg,0,48,0.7037453651428223,0.9999998807907104,5,A,A,092,185,male,male,black,black,short,short,average,average
visual,1,/data/datasets/PRCC/prcc/rgb/train/092/A_cropped_rgb028.jpg,/data/datasets/PRCC/prcc/rgb/train/193/A_cropped_rgb025.jpg,0,51,0.8992190361022949,0.9999998807907104,,A,A,092,193,male,male,black,black,short,short,average,average
visual,2,/data/datasets/PRCC/prcc/rgb/train/092/A_cropped_rgb028.jpg,/data/datasets/PRCC/prcc/rgb/train/193/A_cropped_rgb028.jpg,0,51,0.8953092098236084,0.9999998807907104,,A,A,092,193,male,male,black,black,short,short,average,average
visual,3,/data/datasets/PRCC/prcc/rgb/train/092/A_cropped_rgb028.jpg,/data/datasets/PRCC/prcc/rgb/train/193/A_cropped_rgb016.jpg,0,51,0.8932727575302124,0.9999998807907104,,A,A,092,193,male,male,black,black,short,short,average,average
visual,4,/data/datasets/PRCC/prcc/rgb/train/092/A_cropped_rgb028.jpg,/data/datasets/PRCC/prcc/rgb/train/193/A_cropped_rgb019.jpg,0,51,0.8905929327011108,0.9999998807907104,,A,A,092,193,male,male,black,black,short,short,average,average
visual,5,/data/datasets/PRCC/prcc/rgb/train/092/A_cropped_rgb028.jpg,/data/datasets/PRCC/prcc/rgb/train/193/A_cropped_rgb001.jpg,0,51,0.8859818577766418,0.9999998807907104,,A,A,092,193,male,male,black,black,short,short,average,average
semantic,1,/data/datasets/PRCC/prcc/rgb/train/092/A_cropped_rgb028.jpg,/data/datasets/PRCC/prcc/rgb/train/149/B_cropped_rgb583.jpg,0,24,0.8627936840057373,0.9999998807907104,,A,B,092,149,male,male,black,black,short,short,average,average
semantic,2,/data/datasets/PRCC/prcc/rgb/train/092/A_cropped_rgb028.jpg,/data/datasets/PRCC/prcc/rgb/train/110/A_cropped_rgb517.jpg,0,8,0.642888069152832,0.9999998807907104,,A,A,092,110,male,male,black,black,short,short,average,average
semantic,3,/data/datasets/PRCC/prcc/rgb/train/092/A_cropped_rgb028.jpg,/data/datasets/PRCC/prcc/rgb/train/185/A_cropped_rgb019.jpg,0,48,0.7146440148353577,0.9999998807907104,,A,A,092,185,male,male,black,black,short,short,average,average
semantic,4,/data/datasets/PRCC/prcc/rgb/train/092/A_cropped_rgb028.jpg,/data/datasets/PRCC/prcc/rgb/train/300/C_cropped_rgb171.jpg,0,133,0.7529342174530029,0.9999998807907104,,A,C,092,300C,male,male,black,black,short,short,average,average
semantic,5,/data/datasets/PRCC/prcc/rgb/train/092/A_cropped_rgb028.jpg,/data/datasets/PRCC/prcc/rgb/train/177/C_cropped_rgb475.jpg,0,42,0.6477659344673157,0.9999998807907104,,A,C,092,177C,male,male,black,black,short,short,average,average
hybrid,1,/data/datasets/PRCC/prcc/rgb/train/092/A_cropped_rgb028.jpg,/data/datasets/PRCC/prcc/rgb/train/149/B_cropped_rgb583.jpg,0,24,0.8627936840057373,0.9999998807907104,1,A,B,092,149,male,male,black,black,short,short,average,average
hybrid,2,/data/datasets/PRCC/prcc/rgb/train/092/A_cropped_rgb028.jpg,/data/datasets/PRCC/prcc/rgb/train/193/A_cropped_rgb025.jpg,0,51,0.8992190361022949,0.9999998807907104,2,A,A,092,193,male,male,black,black,short,short,average,average
hybrid,3,/data/datasets/PRCC/prcc/rgb/train/092/A_cropped_rgb028.jpg,/data/datasets/PRCC/prcc/rgb/train/110/A_cropped_rgb517.jpg,0,8,0.642888069152832,0.9999998807907104,3,A,A,092,110,male,male,black,black,short,short,average,average
hybrid,4,/data/datasets/PRCC/prcc/rgb/train/092/A_cropped_rgb028.jpg,/data/datasets/PRCC/prcc/rgb/train/193/A_cropped_rgb028.jpg,0,51,0.8953092098236084,0.9999998807907104,4,A,A,092,193,male,male,black,black,short,short,average,average
hybrid,5,/data/datasets/PRCC/prcc/rgb/train/092/A_cropped_rgb028.jpg,/data/datasets/PRCC/prcc/rgb/train/185/A_cropped_rgb019.jpg,0,48,0.7146440148353577,0.9999998807907104,5,A,A,092,185,male,male,black,black,short,short,average,average
visual,1,/data/datasets/PRCC/prcc/rgb/train/092/A_cropped_rgb035.jpg,/data/datasets/PRCC/prcc/rgb/train/114/B_cropped_rgb144.jpg,0,11,0.8621848225593567,0.9999998807907104,,A,B,092,114,male,male,black,black,short,short,average,average
visual,2,/data/datasets/PRCC/prcc/rgb/train/092/A_cropped_rgb035.jpg,/data/datasets/PRCC/prcc/rgb/train/098/A_cropped_rgb022.jpg,0,2,0.856987714767456,0.9999998807907104,,A,A,092,098,male,male,black,black,short,short,average,average
visual,3,/data/datasets/PRCC/prcc/rgb/train/092/A_cropped_rgb035.jpg,/data/datasets/PRCC/prcc/rgb/train/149/B_cropped_rgb583.jpg,0,24,0.8558530807495117,0.9999998807907104,,A,B,092,149,male,male,black,black,short,short,average,average
visual,4,/data/datasets/PRCC/prcc/rgb/train/092/A_cropped_rgb035.jpg,/data/datasets/PRCC/prcc/rgb/train/193/A_cropped_rgb025.jpg,0,51,0.8549314737319946,0.9999998807907104,,A,A,092,193,male,male,black,black,short,short,average,average
visual,5,/data/datasets/PRCC/prcc/rgb/train/092/A_cropped_rgb035.jpg,/data/datasets/PRCC/prcc/rgb/train/193/A_cropped_rgb028.jpg,0,51,0.8540623784065247,0.9999998807907104,,A,A,092,193,male,male,black,black,short,short,average,average
semantic,1,/data/datasets/PRCC/prcc/rgb/train/092/A_cropped_rgb035.jpg,/data/datasets/PRCC/prcc/rgb/train/149/B_cropped_rgb583.jpg,0,24,0.8558530807495117,0.9999998807907104,,A,B,092,149,male,male,black,black,short,short,average,average
semantic,2,/data/datasets/PRCC/prcc/rgb/train/092/A_cropped_rgb035.jpg,/data/datasets/PRCC/prcc/rgb/train/110/A_cropped_rgb517.jpg,0,8,0.623868465423584,0.9999998807907104,,A,A,092,110,male,male,black,black,short,short,average,average
semantic,3,/data/datasets/PRCC/prcc/rgb/train/092/A_cropped_rgb035.jpg,/data/datasets/PRCC/prcc/rgb/train/185/A_cropped_rgb019.jpg,0,48,0.6826708316802979,0.9999998807907104,,A,A,092,185,male,male,black,black,short,short,average,average
semantic,4,/data/datasets/PRCC/prcc/rgb/train/092/A_cropped_rgb035.jpg,/data/datasets/PRCC/prcc/rgb/train/300/C_cropped_rgb171.jpg,0,133,0.7515347003936768,0.9999998807907104,,A,C,092,300C,male,male,black,black,short,short,average,average
semantic,5,/data/datasets/PRCC/prcc/rgb/train/092/A_cropped_rgb035.jpg,/data/datasets/PRCC/prcc/rgb/train/177/C_cropped_rgb475.jpg,0,42,0.6644625663757324,0.9999998807907104,,A,C,092,177C,male,male,black,black,short,short,average,average
hybrid,1,/data/datasets/PRCC/prcc/rgb/train/092/A_cropped_rgb035.jpg,/data/datasets/PRCC/prcc/rgb/train/149/B_cropped_rgb583.jpg,0,24,0.8558530807495117,0.9999998807907104,1,A,B,092,149,male,male,black,black,short,short,average,average
hybrid,2,/data/datasets/PRCC/prcc/rgb/train/092/A_cropped_rgb035.jpg,/data/datasets/PRCC/prcc/rgb/train/114/B_cropped_rgb144.jpg,0,11,0.8621848225593567,0.9999998807907104,2,A,B,092,114,male,male,black,black,short,short,average,average
hybrid,3,/data/datasets/PRCC/prcc/rgb/train/092/A_cropped_rgb035.jpg,/data/datasets/PRCC/prcc/rgb/train/110/A_cropped_rgb517.jpg,0,8,0.623868465423584,0.9999998807907104,3,A,A,092,110,male,male,black,black,short,short,average,average
hybrid,4,/data/datasets/PRCC/prcc/rgb/train/092/A_cropped_rgb035.jpg,/data/datasets/PRCC/prcc/rgb/train/098/A_cropped_rgb022.jpg,0,2,0.856987714767456,0.9999998807907104,4,A,A,092,098,male,male,black,black,short,short,average,average
hybrid,5,/data/datasets/PRCC/prcc/rgb/train/092/A_cropped_rgb035.jpg,/data/datasets/PRCC/prcc/rgb/train/185/A_cropped_rgb019.jpg,0,48,0.6826708316802979,0.9999998807907104,5,A,A,092,185,male,male,black,black,short,short,average,average
visual,1,/data/datasets/PRCC/prcc/rgb/train/092/A_cropped_rgb037.jpg,/data/datasets/PRCC/prcc/rgb/train/114/B_cropped_rgb144.jpg,0,11,0.8734716176986694,0.9999998807907104,,A,B,092,114,male,male,black,black,short,short,average,average
visual,2,/data/datasets/PRCC/prcc/rgb/train/092/A_cropped_rgb037.jpg,/data/datasets/PRCC/prcc/rgb/train/149/B_cropped_rgb583.jpg,0,24,0.8717426061630249,0.9999998807907104,,A,B,092,149,male,male,black,black,short,short,average,average
visual,3,/data/datasets/PRCC/prcc/rgb/train/092/A_cropped_rgb037.jpg,/data/datasets/PRCC/prcc/rgb/train/193/A_cropped_rgb025.jpg,0,51,0.8688797950744629,0.9999998807907104,,A,A,092,193,male,male,black,black,short,short,average,average
visual,4,/data/datasets/PRCC/prcc/rgb/train/092/A_cropped_rgb037.jpg,/data/datasets/PRCC/prcc/rgb/train/193/A_cropped_rgb016.jpg,0,51,0.867668628692627,0.9999998807907104,,A,A,092,193,male,male,black,black,short,short,average,average
visual,5,/data/datasets/PRCC/prcc/rgb/train/092/A_cropped_rgb037.jpg,/data/datasets/PRCC/prcc/rgb/train/193/A_cropped_rgb028.jpg,0,51,0.8667531609535217,0.9999998807907104,,A,A,092,193,male,male,black,black,short,short,average,average
semantic,1,/data/datasets/PRCC/prcc/rgb/train/092/A_cropped_rgb037.jpg,/data/datasets/PRCC/prcc/rgb/train/149/B_cropped_rgb583.jpg,0,24,0.8717426061630249,0.9999998807907104,,A,B,092,149,male,male,black,black,short,short,average,average
semantic,2,/data/datasets/PRCC/prcc/rgb/train/092/A_cropped_rgb037.jpg,/data/datasets/PRCC/prcc/rgb/train/110/A_cropped_rgb517.jpg,0,8,0.6305016875267029,0.9999998807907104,,A,A,092,110,male,male,black,black,short,short,average,average
semantic,3,/data/datasets/PRCC/prcc/rgb/train/092/A_cropped_rgb037.jpg,/data/datasets/PRCC/prcc/rgb/train/185/A_cropped_rgb019.jpg,0,48,0.7070712447166443,0.9999998807907104,,A,A,092,185,male,male,black,black,short,short,average,average
semantic,4,/data/datasets/PRCC/prcc/rgb/train/092/A_cropped_rgb037.jpg,/data/datasets/PRCC/prcc/rgb/train/300/C_cropped_rgb171.jpg,0,133,0.7506400942802429,0.9999998807907104,,A,C,092,300C,male,male,black,black,short,short,average,average
semantic,5,/data/datasets/PRCC/prcc/rgb/train/092/A_cropped_rgb037.jpg,/data/datasets/PRCC/prcc/rgb/train/177/C_cropped_rgb475.jpg,0,42,0.6773185729980469,0.9999998807907104,,A,C,092,177C,male,male,black,black,short,short,average,average
hybrid,1,/data/datasets/PRCC/prcc/rgb/train/092/A_cropped_rgb037.jpg,/data/datasets/PRCC/prcc/rgb/train/149/B_cropped_rgb583.jpg,0,24,0.8717426061630249,0.9999998807907104,1,A,B,092,149,male,male,black,black,short,short,average,average
hybrid,2,/data/datasets/PRCC/prcc/rgb/train/092/A_cropped_rgb037.jpg,/data/datasets/PRCC/prcc/rgb/train/114/B_cropped_rgb144.jpg,0,11,0.8734716176986694,0.9999998807907104,2,A,B,092,114,male,male,black,black,short,short,average,average
hybrid,3,/data/datasets/PRCC/prcc/rgb/train/092/A_cropped_rgb037.jpg,/data/datasets/PRCC/prcc/rgb/train/110/A_cropped_rgb517.jpg,0,8,0.6305016875267029,0.9999998807907104,3,A,A,092,110,male,male,black,black,short,short,average,average
hybrid,4,/data/datasets/PRCC/prcc/rgb/train/092/A_cropped_rgb037.jpg,/data/datasets/PRCC/prcc/rgb/train/185/A_cropped_rgb019.jpg,0,48,0.7070712447166443,0.9999998807907104,4,A,A,092,185,male,male,black,black,short,short,average,average
hybrid,5,/data/datasets/PRCC/prcc/rgb/train/092/A_cropped_rgb037.jpg,/data/datasets/PRCC/prcc/rgb/train/193/A_cropped_rgb025.jpg,0,51,0.8688797950744629,0.9999998807907104,5,A,A,092,193,male,male,black,black,short,short,average,average
visual,1,/data/datasets/PRCC/prcc/rgb/train/092/A_cropped_rgb040.jpg,/data/datasets/PRCC/prcc/rgb/train/193/A_cropped_rgb400.jpg,0,51,0.8812045454978943,0.9999998807907104,,A,A,092,193,male,male,black,black,short,short,average,average
visual,2,/data/datasets/PRCC/prcc/rgb/train/092/A_cropped_rgb040.jpg,/data/datasets/PRCC/prcc/rgb/train/193/A_cropped_rgb016.jpg,0,51,0.8745194673538208,0.9999998807907104,,A,A,092,193,male,male,black,black,short,short,average,average
visual,3,/data/datasets/PRCC/prcc/rgb/train/092/A_cropped_rgb040.jpg,/data/datasets/PRCC/prcc/rgb/train/193/A_cropped_rgb025.jpg,0,51,0.8717539310455322,0.9999998807907104,,A,A,092,193,male,male,black,black,short,short,average,average
visual,4,/data/datasets/PRCC/prcc/rgb/train/092/A_cropped_rgb040.jpg,/data/datasets/PRCC/prcc/rgb/train/114/B_cropped_rgb144.jpg,0,11,0.8694642186164856,0.9999998807907104,,A,B,092,114,male,male,black,black,short,short,average,average
visual,5,/data/datasets/PRCC/prcc/rgb/train/092/A_cropped_rgb040.jpg,/data/datasets/PRCC/prcc/rgb/train/149/B_cropped_rgb583.jpg,0,24,0.8689637780189514,0.9999998807907104,,A,B,092,149,male,male,black,black,short,short,average,average
semantic,1,/data/datasets/PRCC/prcc/rgb/train/092/A_cropped_rgb040.jpg,/data/datasets/PRCC/prcc/rgb/train/149/B_cropped_rgb583.jpg,0,24,0.8689637780189514,0.9999998807907104,,A,B,092,149,male,male,black,black,short,short,average,average
semantic,2,/data/datasets/PRCC/prcc/rgb/train/092/A_cropped_rgb040.jpg,/data/datasets/PRCC/prcc/rgb/train/110/A_cropped_rgb517.jpg,0,8,0.6088147163391113,0.9999998807907104,,A,A,092,110,male,male,black,black,short,short,average,average
semantic,3,/data/datasets/PRCC/prcc/rgb/train/092/A_cropped_rgb040.jpg,/data/datasets/PRCC/prcc/rgb/train/185/A_cropped_rgb019.jpg,0,48,0.697799801826477,0.9999998807907104,,A,A,092,185,male,male,black,black,short,short,average,average
semantic,4,/data/datasets/PRCC/prcc/rgb/train/092/A_cropped_rgb040.jpg,/data/datasets/PRCC/prcc/rgb/train/300/C_cropped_rgb171.jpg,0,133,0.7694631814956665,0.9999998807907104,,A,C,092,300C,male,male,black,black,short,short,average,average
semantic,5,/data/datasets/PRCC/prcc/rgb/train/092/A_cropped_rgb040.jpg,/data/datasets/PRCC/prcc/rgb/train/177/C_cropped_rgb475.jpg,0,42,0.6600794792175293,0.9999998807907104,,A,C,092,177C,male,male,black,black,short,short,average,average
hybrid,1,/data/datasets/PRCC/prcc/rgb/train/092/A_cropped_rgb040.jpg,/data/datasets/PRCC/prcc/rgb/train/149/B_cropped_rgb583.jpg,0,24,0.8689637780189514,0.9999998807907104,1,A,B,092,149,male,male,black,black,short,short,average,average
hybrid,2,/data/datasets/PRCC/prcc/rgb/train/092/A_cropped_rgb040.jpg,/data/datasets/PRCC/prcc/rgb/train/193/A_cropped_rgb400.jpg,0,51,0.8812045454978943,0.9999998807907104,2,A,A,092,193,male,male,black,black,short,short,average,average
hybrid,3,/data/datasets/PRCC/prcc/rgb/train/092/A_cropped_rgb040.jpg,/data/datasets/PRCC/prcc/rgb/train/110/A_cropped_rgb517.jpg,0,8,0.6088147163391113,0.9999998807907104,3,A,A,092,110,male,male,black,black,short,short,average,average
hybrid,4,/data/datasets/PRCC/prcc/rgb/train/092/A_cropped_rgb040.jpg,/data/datasets/PRCC/prcc/rgb/train/193/A_cropped_rgb016.jpg,0,51,0.8745194673538208,0.9999998807907104,4,A,A,092,193,male,male,black,black,short,short,average,average
hybrid,5,/data/datasets/PRCC/prcc/rgb/train/092/A_cropped_rgb040.jpg,/data/datasets/PRCC/prcc/rgb/train/185/A_cropped_rgb019.jpg,0,48,0.697799801826477,0.9999998807907104,5,A,A,092,185,male,male,black,black,short,short,average,average
visual,1,/data/datasets/PRCC/prcc/rgb/train/092/A_cropped_rgb046.jpg,/data/datasets/PRCC/prcc/rgb/train/193/A_cropped_rgb025.jpg,0,51,0.8759421110153198,0.9999998807907104,,A,A,092,193,male,male,black,black,short,short,average,average
visual,2,/data/datasets/PRCC/prcc/rgb/train/092/A_cropped_rgb046.jpg,/data/datasets/PRCC/prcc/rgb/train/193/A_cropped_rgb028.jpg,0,51,0.8739126324653625,0.9999998807907104,,A,A,092,193,male,male,black,black,short,short,average,average
visual,3,/data/datasets/PRCC/prcc/rgb/train/092/A_cropped_rgb046.jpg,/data/datasets/PRCC/prcc/rgb/train/193/A_cropped_rgb019.jpg,0,51,0.8700734972953796,0.9999998807907104,,A,A,092,193,male,male,black,black,short,short,average,average
visual,4,/data/datasets/PRCC/prcc/rgb/train/092/A_cropped_rgb046.jpg,/data/datasets/PRCC/prcc/rgb/train/193/A_cropped_rgb016.jpg,0,51,0.868186354637146,0.9999998807907104,,A,A,092,193,male,male,black,black,short,short,average,average
visual,5,/data/datasets/PRCC/prcc/rgb/train/092/A_cropped_rgb046.jpg,/data/datasets/PRCC/prcc/rgb/train/193/A_cropped_rgb385.jpg,0,51,0.8664199709892273,0.9999998807907104,,A,A,092,193,male,male,black,black,short,short,average,average
semantic,1,/data/datasets/PRCC/prcc/rgb/train/092/A_cropped_rgb046.jpg,/data/datasets/PRCC/prcc/rgb/train/149/B_cropped_rgb583.jpg,0,24,0.8620395660400391,0.9999998807907104,,A,B,092,149,male,male,black,black,short,short,average,average
semantic,2,/data/datasets/PRCC/prcc/rgb/train/092/A_cropped_rgb046.jpg,/data/datasets/PRCC/prcc/rgb/train/110/A_cropped_rgb517.jpg,0,8,0.6289838552474976,0.9999998807907104,,A,A,092,110,male,male,black,black,short,short,average,average
semantic,3,/data/datasets/PRCC/prcc/rgb/train/092/A_cropped_rgb046.jpg,/data/datasets/PRCC/prcc/rgb/train/185/A_cropped_rgb019.jpg,0,48,0.7121465802192688,0.9999998807907104,,A,A,092,185,male,male,black,black,short,short,average,average
semantic,4,/data/datasets/PRCC/prcc/rgb/train/092/A_cropped_rgb046.jpg,/data/datasets/PRCC/prcc/rgb/train/300/C_cropped_rgb171.jpg,0,133,0.744346022605896,0.9999998807907104,,A,C,092,300C,male,male,black,black,short,short,average,average
semantic,5,/data/datasets/PRCC/prcc/rgb/train/092/A_cropped_rgb046.jpg,/data/datasets/PRCC/prcc/rgb/train/177/C_cropped_rgb475.jpg,0,42,0.6505497694015503,0.9999998807907104,,A,C,092,177C,male,male,black,black,short,short,average,average
hybrid,1,/data/datasets/PRCC/prcc/rgb/train/092/A_cropped_rgb046.jpg,/data/datasets/PRCC/prcc/rgb/train/149/B_cropped_rgb583.jpg,0,24,0.8620395660400391,0.9999998807907104,1,A,B,092,149,male,male,black,black,short,short,average,average
hybrid,2,/data/datasets/PRCC/prcc/rgb/train/092/A_cropped_rgb046.jpg,/data/datasets/PRCC/prcc/rgb/train/193/A_cropped_rgb025.jpg,0,51,0.8759421110153198,0.9999998807907104,2,A,A,092,193,male,male,black,black,short,short,average,average
hybrid,3,/data/datasets/PRCC/prcc/rgb/train/092/A_cropped_rgb046.jpg,/data/datasets/PRCC/prcc/rgb/train/110/A_cropped_rgb517.jpg,0,8,0.6289838552474976,0.9999998807907104,3,A,A,092,110,male,male,black,black,short,short,average,average
hybrid,4,/data/datasets/PRCC/prcc/rgb/train/092/A_cropped_rgb046.jpg,/data/datasets/PRCC/prcc/rgb/train/193/A_cropped_rgb028.jpg,0,51,0.8739126324653625,0.9999998807907104,4,A,A,092,193,male,male,black,black,short,short,average,average
hybrid,5,/data/datasets/PRCC/prcc/rgb/train/092/A_cropped_rgb046.jpg,/data/datasets/PRCC/prcc/rgb/train/185/A_cropped_rgb019.jpg,0,48,0.7121465802192688,0.9999998807907104,5,A,A,092,185,male,male,black,black,short,short,average,average
visual,1,/data/datasets/PRCC/prcc/rgb/train/092/A_cropped_rgb055.jpg,/data/datasets/PRCC/prcc/rgb/train/193/A_cropped_rgb025.jpg,0,51,0.869939923286438,0.9999998807907104,,A,A,092,193,male,male,black,black,short,short,average,average
visual,2,/data/datasets/PRCC/prcc/rgb/train/092/A_cropped_rgb055.jpg,/data/datasets/PRCC/prcc/rgb/train/149/A_cropped_rgb046.jpg,0,24,0.8671367168426514,0.9999998807907104,,A,A,092,149,male,male,black,black,short,short,average,average
visual,3,/data/datasets/PRCC/prcc/rgb/train/092/A_cropped_rgb055.jpg,/data/datasets/PRCC/prcc/rgb/train/149/A_cropped_rgb037.jpg,0,24,0.8659512996673584,0.9999998807907104,,A,A,092,149,male,male,black,black,short,short,average,average
visual,4,/data/datasets/PRCC/prcc/rgb/train/092/A_cropped_rgb055.jpg,/data/datasets/PRCC/prcc/rgb/train/193/A_cropped_rgb385.jpg,0,51,0.8643491268157959,0.9999998807907104,,A,A,092,193,male,male,black,black,short,short,average,average
visual,5,/data/datasets/PRCC/prcc/rgb/train/092/A_cropped_rgb055.jpg,/data/datasets/PRCC/prcc/rgb/train/113/A_cropped_rgb126.jpg,0,10,0.8632164001464844,0.9999998807907104,,A,A,092,113,male,male,black,black,short,short,average,average
semantic,1,/data/datasets/PRCC/prcc/rgb/train/092/A_cropped_rgb055.jpg,/data/datasets/PRCC/prcc/rgb/train/149/B_cropped_rgb583.jpg,0,24,0.8609713315963745,0.9999998807907104,,A,B,092,149,male,male,black,black,short,short,average,average
semantic,2,/data/datasets/PRCC/prcc/rgb/train/092/A_cropped_rgb055.jpg,/data/datasets/PRCC/prcc/rgb/train/110/A_cropped_rgb517.jpg,0,8,0.6273492574691772,0.9999998807907104,,A,A,092,110,male,male,black,black,short,short,average,average
semantic,3,/data/datasets/PRCC/prcc/rgb/train/092/A_cropped_rgb055.jpg,/data/datasets/PRCC/prcc/rgb/train/185/A_cropped_rgb019.jpg,0,48,0.7228045463562012,0.9999998807907104,,A,A,092,185,male,male,black,black,short,short,average,average
semantic,4,/data/datasets/PRCC/prcc/rgb/train/092/A_cropped_rgb055.jpg,/data/datasets/PRCC/prcc/rgb/train/300/C_cropped_rgb171.jpg,0,133,0.7573710680007935,0.9999998807907104,,A,C,092,300C,male,male,black,black,short,short,average,average
semantic,5,/data/datasets/PRCC/prcc/rgb/train/092/A_cropped_rgb055.jpg,/data/datasets/PRCC/prcc/rgb/train/177/C_cropped_rgb475.jpg,0,42,0.6724163293838501,0.9999998807907104,,A,C,092,177C,male,male,black,black,short,short,average,average
hybrid,1,/data/datasets/PRCC/prcc/rgb/train/092/A_cropped_rgb055.jpg,/data/datasets/PRCC/prcc/rgb/train/149/B_cropped_rgb583.jpg,0,24,0.8609713315963745,0.9999998807907104,1,A,B,092,149,male,male,black,black,short,short,average,average
hybrid,2,/data/datasets/PRCC/prcc/rgb/train/092/A_cropped_rgb055.jpg,/data/datasets/PRCC/prcc/rgb/train/193/A_cropped_rgb025.jpg,0,51,0.869939923286438,0.9999998807907104,2,A,A,092,193,male,male,black,black,short,short,average,average
hybrid,3,/data/datasets/PRCC/prcc/rgb/train/092/A_cropped_rgb055.jpg,/data/datasets/PRCC/prcc/rgb/train/110/A_cropped_rgb517.jpg,0,8,0.6273492574691772,0.9999998807907104,3,A,A,092,110,male,male,black,black,short,short,average,average
hybrid,4,/data/datasets/PRCC/prcc/rgb/train/092/A_cropped_rgb055.jpg,/data/datasets/PRCC/prcc/rgb/train/149/A_cropped_rgb046.jpg,0,24,0.8671367168426514,0.9999998807907104,4,A,A,092,149,male,male,black,black,short,short,average,average
hybrid,5,/data/datasets/PRCC/prcc/rgb/train/092/A_cropped_rgb055.jpg,/data/datasets/PRCC/prcc/rgb/train/185/A_cropped_rgb019.jpg,0,48,0.7228045463562012,0.9999998807907104,5,A,A,092,185,male,male,black,black,short,short,average,average
visual,1,/data/datasets/PRCC/prcc/rgb/train/092/A_cropped_rgb058.jpg,/data/datasets/PRCC/prcc/rgb/train/193/A_cropped_rgb400.jpg,0,51,0.8798741102218628,0.9999998807907104,,A,A,092,193,male,male,black,black,short,short,average,average
visual,2,/data/datasets/PRCC/prcc/rgb/train/092/A_cropped_rgb058.jpg,/data/datasets/PRCC/prcc/rgb/train/114/B_cropped_rgb144.jpg,0,11,0.8793714046478271,0.9999998807907104,,A,B,092,114,male,male,black,black,short,short,average,average
visual,3,/data/datasets/PRCC/prcc/rgb/train/092/A_cropped_rgb058.jpg,/data/datasets/PRCC/prcc/rgb/train/193/A_cropped_rgb025.jpg,0,51,0.8751900792121887,0.9999998807907104,,A,A,092,193,male,male,black,black,short,short,average,average
visual,4,/data/datasets/PRCC/prcc/rgb/train/092/A_cropped_rgb058.jpg,/data/datasets/PRCC/prcc/rgb/train/193/A_cropped_rgb385.jpg,0,51,0.8717128038406372,0.9999998807907104,,A,A,092,193,male,male,black,black,short,short,average,average
visual,5,/data/datasets/PRCC/prcc/rgb/train/092/A_cropped_rgb058.jpg,/data/datasets/PRCC/prcc/rgb/train/193/A_cropped_rgb016.jpg,0,51,0.871604323387146,0.9999998807907104,,A,A,092,193,male,male,black,black,short,short,average,average
semantic,1,/data/datasets/PRCC/prcc/rgb/train/092/A_cropped_rgb058.jpg,/data/datasets/PRCC/prcc/rgb/train/149/B_cropped_rgb583.jpg,0,24,0.8681427240371704,0.9999998807907104,,A,B,092,149,male,male,black,black,short,short,average,average
semantic,2,/data/datasets/PRCC/prcc/rgb/train/092/A_cropped_rgb058.jpg,/data/datasets/PRCC/prcc/rgb/train/110/A_cropped_rgb517.jpg,0,8,0.6282397508621216,0.9999998807907104,,A,A,092,110,male,male,black,black,short,short,average,average
semantic,3,/data/datasets/PRCC/prcc/rgb/train/092/A_cropped_rgb058.jpg,/data/datasets/PRCC/prcc/rgb/train/185/A_cropped_rgb019.jpg,0,48,0.7031959891319275,0.9999998807907104,,A,A,092,185,male,male,black,black,short,short,average,average
semantic,4,/data/datasets/PRCC/prcc/rgb/train/092/A_cropped_rgb058.jpg,/data/datasets/PRCC/prcc/rgb/train/300/C_cropped_rgb171.jpg,0,133,0.7543808221817017,0.9999998807907104,,A,C,092,300C,male,male,black,black,short,short,average,average
semantic,5,/data/datasets/PRCC/prcc/rgb/train/092/A_cropped_rgb058.jpg,/data/datasets/PRCC/prcc/rgb/train/177/C_cropped_rgb475.jpg,0,42,0.6799747943878174,0.9999998807907104,,A,C,092,177C,male,male,black,black,short,short,average,average
hybrid,1,/data/datasets/PRCC/prcc/rgb/train/092/A_cropped_rgb058.jpg,/data/datasets/PRCC/prcc/rgb/train/149/B_cropped_rgb583.jpg,0,24,0.8681427240371704,0.9999998807907104,1,A,B,092,149,male,male,black,black,short,short,average,average
hybrid,2,/data/datasets/PRCC/prcc/rgb/train/092/A_cropped_rgb058.jpg,/data/datasets/PRCC/prcc/rgb/train/193/A_cropped_rgb400.jpg,0,51,0.8798741102218628,0.9999998807907104,2,A,A,092,193,male,male,black,black,short,short,average,average
hybrid,3,/data/datasets/PRCC/prcc/rgb/train/092/A_cropped_rgb058.jpg,/data/datasets/PRCC/prcc/rgb/train/110/A_cropped_rgb517.jpg,0,8,0.6282397508621216,0.9999998807907104,3,A,A,092,110,male,male,black,black,short,short,average,average
hybrid,4,/data/datasets/PRCC/prcc/rgb/train/092/A_cropped_rgb058.jpg,/data/datasets/PRCC/prcc/rgb/train/114/B_cropped_rgb144.jpg,0,11,0.8793714046478271,0.9999998807907104,4,A,B,092,114,male,male,black,black,short,short,average,average
hybrid,5,/data/datasets/PRCC/prcc/rgb/train/092/A_cropped_rgb058.jpg,/data/datasets/PRCC/prcc/rgb/train/185/A_cropped_rgb019.jpg,0,48,0.7031959891319275,0.9999998807907104,5,A,A,092,185,male,male,black,black,short,short,average,average
visual,1,/data/datasets/PRCC/prcc/rgb/train/092/A_cropped_rgb067.jpg,/data/datasets/PRCC/prcc/rgb/train/193/A_cropped_rgb028.jpg,0,51,0.8812980055809021,0.9999998807907104,,A,A,092,193,male,male,black,black,short,short,average,average
visual,2,/data/datasets/PRCC/prcc/rgb/train/092/A_cropped_rgb067.jpg,/data/datasets/PRCC/prcc/rgb/train/193/A_cropped_rgb025.jpg,0,51,0.8760249614715576,0.9999998807907104,,A,A,092,193,male,male,black,black,short,short,average,average
visual,3,/data/datasets/PRCC/prcc/rgb/train/092/A_cropped_rgb067.jpg,/data/datasets/PRCC/prcc/rgb/train/114/B_cropped_rgb144.jpg,0,11,0.8749536275863647,0.9999998807907104,,A,B,092,114,male,male,black,black,short,short,average,average
visual,4,/data/datasets/PRCC/prcc/rgb/train/092/A_cropped_rgb067.jpg,/data/datasets/PRCC/prcc/rgb/train/193/A_cropped_rgb385.jpg,0,51,0.8724750280380249,0.9999998807907104,,A,A,092,193,male,male,black,black,short,short,average,average
visual,5,/data/datasets/PRCC/prcc/rgb/train/092/A_cropped_rgb067.jpg,/data/datasets/PRCC/prcc/rgb/train/149/B_cropped_rgb583.jpg,0,24,0.8713183403015137,0.9999998807907104,,A,B,092,149,male,male,black,black,short,short,average,average
semantic,1,/data/datasets/PRCC/prcc/rgb/train/092/A_cropped_rgb067.jpg,/data/datasets/PRCC/prcc/rgb/train/149/B_cropped_rgb583.jpg,0,24,0.8713183403015137,0.9999998807907104,,A,B,092,149,male,male,black,black,short,short,average,average
semantic,2,/data/datasets/PRCC/prcc/rgb/train/092/A_cropped_rgb067.jpg,/data/datasets/PRCC/prcc/rgb/train/110/A_cropped_rgb517.jpg,0,8,0.657512366771698,0.9999998807907104,,A,A,092,110,male,male,black,black,short,short,average,average
semantic,3,/data/datasets/PRCC/prcc/rgb/train/092/A_cropped_rgb067.jpg,/data/datasets/PRCC/prcc/rgb/train/185/A_cropped_rgb019.jpg,0,48,0.6922479271888733,0.9999998807907104,,A,A,092,185,male,male,black,black,short,short,average,average
semantic,4,/data/datasets/PRCC/prcc/rgb/train/092/A_cropped_rgb067.jpg,/data/datasets/PRCC/prcc/rgb/train/300/C_cropped_rgb171.jpg,0,133,0.7351469993591309,0.9999998807907104,,A,C,092,300C,male,male,black,black,short,short,average,average
semantic,5,/data/datasets/PRCC/prcc/rgb/train/092/A_cropped_rgb067.jpg,/data/datasets/PRCC/prcc/rgb/train/177/C_cropped_rgb475.jpg,0,42,0.6618024110794067,0.9999998807907104,,A,C,092,177C,male,male,black,black,short,short,average,average
hybrid,1,/data/datasets/PRCC/prcc/rgb/train/092/A_cropped_rgb067.jpg,/data/datasets/PRCC/prcc/rgb/train/149/B_cropped_rgb583.jpg,0,24,0.8713183403015137,0.9999998807907104,1,A,B,092,149,male,male,black,black,short,short,average,average
hybrid,2,/data/datasets/PRCC/prcc/rgb/train/092/A_cropped_rgb067.jpg,/data/datasets/PRCC/prcc/rgb/train/193/A_cropped_rgb028.jpg,0,51,0.8812980055809021,0.9999998807907104,2,A,A,092,193,male,male,black,black,short,short,average,average
hybrid,3,/data/datasets/PRCC/prcc/rgb/train/092/A_cropped_rgb067.jpg,/data/datasets/PRCC/prcc/rgb/train/110/A_cropped_rgb517.jpg,0,8,0.657512366771698,0.9999998807907104,3,A,A,092,110,male,male,black,black,short,short,average,average
hybrid,4,/data/datasets/PRCC/prcc/rgb/train/092/A_cropped_rgb067.jpg,/data/datasets/PRCC/prcc/rgb/train/193/A_cropped_rgb025.jpg,0,51,0.8760249614715576,0.9999998807907104,4,A,A,092,193,male,male,black,black,short,short,average,average
hybrid,5,/data/datasets/PRCC/prcc/rgb/train/092/A_cropped_rgb067.jpg,/data/datasets/PRCC/prcc/rgb/train/185/A_cropped_rgb019.jpg,0,48,0.6922479271888733,0.9999998807907104,5,A,A,092,185,male,male,black,black,short,short,average,average
visual,1,/data/datasets/PRCC/prcc/rgb/train/092/A_cropped_rgb070.jpg,/data/datasets/PRCC/prcc/rgb/train/193/A_cropped_rgb025.jpg,0,51,0.8805282115936279,0.9999998807907104,,A,A,092,193,male,male,black,black,short,short,average,average
visual,2,/data/datasets/PRCC/prcc/rgb/train/092/A_cropped_rgb070.jpg,/data/datasets/PRCC/prcc/rgb/train/193/A_cropped_rgb028.jpg,0,51,0.8802468776702881,0.9999998807907104,,A,A,092,193,male,male,black,black,short,short,average,average
visual,3,/data/datasets/PRCC/prcc/rgb/train/092/A_cropped_rgb070.jpg,/data/datasets/PRCC/prcc/rgb/train/114/B_cropped_rgb144.jpg,0,11,0.877347469329834,0.9999998807907104,,A,B,092,114,male,male,black,black,short,short,average,average
visual,4,/data/datasets/PRCC/prcc/rgb/train/092/A_cropped_rgb070.jpg,/data/datasets/PRCC/prcc/rgb/train/193/A_cropped_rgb385.jpg,0,51,0.8763717412948608,0.9999998807907104,,A,A,092,193,male,male,black,black,short,short,average,average
visual,5,/data/datasets/PRCC/prcc/rgb/train/092/A_cropped_rgb070.jpg,/data/datasets/PRCC/prcc/rgb/train/193/A_cropped_rgb019.jpg,0,51,0.8726760149002075,0.9999998807907104,,A,A,092,193,male,male,black,black,short,short,average,average
semantic,1,/data/datasets/PRCC/prcc/rgb/train/092/A_cropped_rgb070.jpg,/data/datasets/PRCC/prcc/rgb/train/149/B_cropped_rgb583.jpg,0,24,0.8658122420310974,0.9999998807907104,,A,B,092,149,male,male,black,black,short,short,average,average
semantic,2,/data/datasets/PRCC/prcc/rgb/train/092/A_cropped_rgb070.jpg,/data/datasets/PRCC/prcc/rgb/train/110/A_cropped_rgb517.jpg,0,8,0.6567935943603516,0.9999998807907104,,A,A,092,110,male,male,black,black,short,short,average,average
semantic,3,/data/datasets/PRCC/prcc/rgb/train/092/A_cropped_rgb070.jpg,/data/datasets/PRCC/prcc/rgb/train/185/A_cropped_rgb019.jpg,0,48,0.7131971716880798,0.9999998807907104,,A,A,092,185,male,male,black,black,short,short,average,average
semantic,4,/data/datasets/PRCC/prcc/rgb/train/092/A_cropped_rgb070.jpg,/data/datasets/PRCC/prcc/rgb/train/300/C_cropped_rgb171.jpg,0,133,0.7364501357078552,0.9999998807907104,,A,C,092,300C,male,male,black,black,short,short,average,average
semantic,5,/data/datasets/PRCC/prcc/rgb/train/092/A_cropped_rgb070.jpg,/data/datasets/PRCC/prcc/rgb/train/177/C_cropped_rgb475.jpg,0,42,0.6799859404563904,0.9999998807907104,,A,C,092,177C,male,male,black,black,short,short,average,average
hybrid,1,/data/datasets/PRCC/prcc/rgb/train/092/A_cropped_rgb070.jpg,/data/datasets/PRCC/prcc/rgb/train/149/B_cropped_rgb583.jpg,0,24,0.8658122420310974,0.9999998807907104,1,A,B,092,149,male,male,black,black,short,short,average,average
hybrid,2,/data/datasets/PRCC/prcc/rgb/train/092/A_cropped_rgb070.jpg,/data/datasets/PRCC/prcc/rgb/train/193/A_cropped_rgb025.jpg,0,51,0.8805282115936279,0.9999998807907104,2,A,A,092,193,male,male,black,black,short,short,average,average
hybrid,3,/data/datasets/PRCC/prcc/rgb/train/092/A_cropped_rgb070.jpg,/data/datasets/PRCC/prcc/rgb/train/110/A_cropped_rgb517.jpg,0,8,0.6567935943603516,0.9999998807907104,3,A,A,092,110,male,male,black,black,short,short,average,average
hybrid,4,/data/datasets/PRCC/prcc/rgb/train/092/A_cropped_rgb070.jpg,/data/datasets/PRCC/prcc/rgb/train/193/A_cropped_rgb028.jpg,0,51,0.8802468776702881,0.9999998807907104,4,A,A,092,193,male,male,black,black,short,short,average,average
hybrid,5,/data/datasets/PRCC/prcc/rgb/train/092/A_cropped_rgb070.jpg,/data/datasets/PRCC/prcc/rgb/train/185/A_cropped_rgb019.jpg,0,48,0.7131971716880798,0.9999998807907104,5,A,A,092,185,male,male,black,black,short,short,average,average
visual,1,/data/datasets/PRCC/prcc/rgb/train/092/A_cropped_rgb090.jpg,/data/datasets/PRCC/prcc/rgb/train/193/A_cropped_rgb385.jpg,0,51,0.8790123462677002,0.9999998807907104,,A,A,092,193,male,male,black,black,short,short,average,average
visual,2,/data/datasets/PRCC/prcc/rgb/train/092/A_cropped_rgb090.jpg,/data/datasets/PRCC/prcc/rgb/train/149/C_cropped_rgb452.jpg,0,24,0.8767975568771362,0.9999998807907104,,A,C,092,149C,male,male,black,black,short,short,average,average
visual,3,/data/datasets/PRCC/prcc/rgb/train/092/A_cropped_rgb090.jpg,/data/datasets/PRCC/prcc/rgb/train/149/C_cropped_rgb162.jpg,0,24,0.8704937696456909,0.9999998807907104,,A,C,092,149C,male,male,black,black,short,short,average,average
visual,4,/data/datasets/PRCC/prcc/rgb/train/092/A_cropped_rgb090.jpg,/data/datasets/PRCC/prcc/rgb/train/193/A_cropped_rgb400.jpg,0,51,0.8663445711135864,0.9999998807907104,,A,A,092,193,male,male,black,black,short,short,average,average
visual,5,/data/datasets/PRCC/prcc/rgb/train/092/A_cropped_rgb090.jpg,/data/datasets/PRCC/prcc/rgb/train/149/C_cropped_rgb415.jpg,0,24,0.8657212257385254,0.9999998807907104,,A,C,092,149C,male,male,black,black,short,short,average,average
semantic,1,/data/datasets/PRCC/prcc/rgb/train/092/A_cropped_rgb090.jpg,/data/datasets/PRCC/prcc/rgb/train/149/B_cropped_rgb583.jpg,0,24,0.8646559715270996,0.9999998807907104,,A,B,092,149,male,male,black,black,short,short,average,average
semantic,2,/data/datasets/PRCC/prcc/rgb/train/092/A_cropped_rgb090.jpg,/data/datasets/PRCC/prcc/rgb/train/110/A_cropped_rgb517.jpg,0,8,0.6449863314628601,0.9999998807907104,,A,A,092,110,male,male,black,black,short,short,average,average
semantic,3,/data/datasets/PRCC/prcc/rgb/train/092/A_cropped_rgb090.jpg,/data/datasets/PRCC/prcc/rgb/train/185/A_cropped_rgb019.jpg,0,48,0.6629149913787842,0.9999998807907104,,A,A,092,185,male,male,black,black,short,short,average,average
semantic,4,/data/datasets/PRCC/prcc/rgb/train/092/A_cropped_rgb090.jpg,/data/datasets/PRCC/prcc/rgb/train/300/C_cropped_rgb171.jpg,0,133,0.7497413158416748,0.9999998807907104,,A,C,092,300C,male,male,black,black,short,short,average,average
semantic,5,/data/datasets/PRCC/prcc/rgb/train/092/A_cropped_rgb090.jpg,/data/datasets/PRCC/prcc/rgb/train/177/C_cropped_rgb475.jpg,0,42,0.633398175239563,0.9999998807907104,,A,C,092,177C,male,male,black,black,short,short,average,average
hybrid,1,/data/datasets/PRCC/prcc/rgb/train/092/A_cropped_rgb090.jpg,/data/datasets/PRCC/prcc/rgb/train/149/B_cropped_rgb583.jpg,0,24,0.8646559715270996,0.9999998807907104,1,A,B,092,149,male,male,black,black,short,short,average,average
hybrid,2,/data/datasets/PRCC/prcc/rgb/train/092/A_cropped_rgb090.jpg,/data/datasets/PRCC/prcc/rgb/train/193/A_cropped_rgb385.jpg,0,51,0.8790123462677002,0.9999998807907104,2,A,A,092,193,male,male,black,black,short,short,average,average
hybrid,3,/data/datasets/PRCC/prcc/rgb/train/092/A_cropped_rgb090.jpg,/data/datasets/PRCC/prcc/rgb/train/110/A_cropped_rgb517.jpg,0,8,0.6449863314628601,0.9999998807907104,3,A,A,092,110,male,male,black,black,short,short,average,average
hybrid,4,/data/datasets/PRCC/prcc/rgb/train/092/A_cropped_rgb090.jpg,/data/datasets/PRCC/prcc/rgb/train/149/C_cropped_rgb452.jpg,0,24,0.8767975568771362,0.9999998807907104,4,A,C,092,149C,male,male,black,black,short,short,average,average
hybrid,5,/data/datasets/PRCC/prcc/rgb/train/092/A_cropped_rgb090.jpg,/data/datasets/PRCC/prcc/rgb/train/185/A_cropped_rgb019.jpg,0,48,0.6629149913787842,0.9999998807907104,5,A,A,092,185,male,male,black,black,short,short,average,average
visual,1,/data/datasets/PRCC/prcc/rgb/train/092/A_cropped_rgb154.jpg,/data/datasets/PRCC/prcc/rgb/train/193/A_cropped_rgb385.jpg,0,51,0.8936622738838196,0.9926623702049255,,A,A,092,193,male,male,unknown,black,short,short,average,average
visual,2,/data/datasets/PRCC/prcc/rgb/train/092/A_cropped_rgb154.jpg,/data/datasets/PRCC/prcc/rgb/train/206/C_cropped_rgb464.jpg,0,61,0.8904179334640503,0.9926623702049255,,A,C,092,206C,male,male,unknown,black,short,short,average,average
visual,3,/data/datasets/PRCC/prcc/rgb/train/092/A_cropped_rgb154.jpg,/data/datasets/PRCC/prcc/rgb/train/193/A_cropped_rgb379.jpg,0,51,0.886663019657135,0.9926623702049255,,A,A,092,193,male,male,unknown,black,short,short,average,average
visual,4,/data/datasets/PRCC/prcc/rgb/train/092/A_cropped_rgb154.jpg,/data/datasets/PRCC/prcc/rgb/train/114/C_cropped_rgb571.jpg,0,11,0.8838391304016113,0.9926623702049255,,A,C,092,114C,male,male,unknown,black,short,short,average,average
visual,5,/data/datasets/PRCC/prcc/rgb/train/092/A_cropped_rgb154.jpg,/data/datasets/PRCC/prcc/rgb/train/193/A_cropped_rgb316.jpg,0,51,0.8824092745780945,0.9926623702049255,,A,A,092,193,male,male,unknown,black,short,short,average,average
semantic,1,/data/datasets/PRCC/prcc/rgb/train/092/A_cropped_rgb154.jpg,/data/datasets/PRCC/prcc/rgb/train/164/B_cropped_rgb047.jpg,0,33,0.7450370192527771,1.0000001192092896,,A,B,092,164,male,male,unknown,unknown,short,short,average,average
semantic,2,/data/datasets/PRCC/prcc/rgb/train/092/A_cropped_rgb154.jpg,/data/datasets/PRCC/prcc/rgb/train/206/C_cropped_rgb484.jpg,0,61,0.7944871187210083,1.0000001192092896,,A,C,092,206C,male,male,unknown,unknown,short,short,average,average
semantic,3,/data/datasets/PRCC/prcc/rgb/train/092/A_cropped_rgb154.jpg,/data/datasets/PRCC/prcc/rgb/train/155/C_cropped_rgb424.jpg,0,28,0.6889774203300476,1.0000001192092896,,A,C,092,155C,male,male,unknown,unknown,short,short,average,average
semantic,4,/data/datasets/PRCC/prcc/rgb/train/092/A_cropped_rgb154.jpg,/data/datasets/PRCC/prcc/rgb/train/127/A_cropped_rgb168.jpg,0,20,0.6346937417984009,1.0000001192092896,,A,A,092,127,male,male,unknown,unknown,short,short,average,average
semantic,5,/data/datasets/PRCC/prcc/rgb/train/092/A_cropped_rgb154.jpg,/data/datasets/PRCC/prcc/rgb/train/154/A_cropped_rgb274.jpg,0,27,0.773544430732727,1.0000001192092896,,A,A,092,154,male,male,unknown,unknown,short,short,average,average
hybrid,1,/data/datasets/PRCC/prcc/rgb/train/092/A_cropped_rgb154.jpg,/data/datasets/PRCC/prcc/rgb/train/164/B_cropped_rgb047.jpg,0,33,0.7450370192527771,1.0000001192092896,1,A,B,092,164,male,male,unknown,unknown,short,short,average,average
hybrid,2,/data/datasets/PRCC/prcc/rgb/train/092/A_cropped_rgb154.jpg,/data/datasets/PRCC/prcc/rgb/train/193/A_cropped_rgb385.jpg,0,51,0.8936622738838196,0.9926623702049255,2,A,A,092,193,male,male,unknown,black,short,short,average,average
hybrid,3,/data/datasets/PRCC/prcc/rgb/train/092/A_cropped_rgb154.jpg,/data/datasets/PRCC/prcc/rgb/train/206/C_cropped_rgb484.jpg,0,61,0.7944871187210083,1.0000001192092896,3,A,C,092,206C,male,male,unknown,unknown,short,short,average,average
hybrid,4,/data/datasets/PRCC/prcc/rgb/train/092/A_cropped_rgb154.jpg,/data/datasets/PRCC/prcc/rgb/train/206/C_cropped_rgb464.jpg,0,61,0.8904179334640503,0.9926623702049255,4,A,C,092,206C,male,male,unknown,black,short,short,average,average
hybrid,5,/data/datasets/PRCC/prcc/rgb/train/092/A_cropped_rgb154.jpg,/data/datasets/PRCC/prcc/rgb/train/155/C_cropped_rgb424.jpg,0,28,0.6889774203300476,1.0000001192092896,5,A,C,092,155C,male,male,unknown,unknown,short,short,average,average
visual,1,/data/datasets/PRCC/prcc/rgb/train/092/A_cropped_rgb172.jpg,/data/datasets/PRCC/prcc/rgb/train/114/B_cropped_rgb144.jpg,0,11,0.8788376450538635,0.9999998807907104,,A,B,092,114,male,male,black,black,short,short,average,average
visual,2,/data/datasets/PRCC/prcc/rgb/train/092/A_cropped_rgb172.jpg,/data/datasets/PRCC/prcc/rgb/train/114/C_cropped_rgb571.jpg,0,11,0.8764774799346924,0.9999998807907104,,A,C,092,114C,male,male,black,black,short,short,average,average
visual,3,/data/datasets/PRCC/prcc/rgb/train/092/A_cropped_rgb172.jpg,/data/datasets/PRCC/prcc/rgb/train/193/A_cropped_rgb400.jpg,0,51,0.8761493563652039,0.9999998807907104,,A,A,092,193,male,male,black,black,short,short,average,average
visual,4,/data/datasets/PRCC/prcc/rgb/train/092/A_cropped_rgb172.jpg,/data/datasets/PRCC/prcc/rgb/train/193/A_cropped_rgb385.jpg,0,51,0.8736714720726013,0.9999998807907104,,A,A,092,193,male,male,black,black,short,short,average,average
visual,5,/data/datasets/PRCC/prcc/rgb/train/092/A_cropped_rgb172.jpg,/data/datasets/PRCC/prcc/rgb/train/149/A_cropped_rgb046.jpg,0,24,0.8727624416351318,0.9999998807907104,,A,A,092,149,male,male,black,black,short,short,average,average
semantic,1,/data/datasets/PRCC/prcc/rgb/train/092/A_cropped_rgb172.jpg,/data/datasets/PRCC/prcc/rgb/train/149/B_cropped_rgb583.jpg,0,24,0.8670390844345093,0.9999998807907104,,A,B,092,149,male,male,black,black,short,short,average,average
semantic,2,/data/datasets/PRCC/prcc/rgb/train/092/A_cropped_rgb172.jpg,/data/datasets/PRCC/prcc/rgb/train/110/A_cropped_rgb517.jpg,0,8,0.6498480439186096,0.9999998807907104,,A,A,092,110,male,male,black,black,short,short,average,average
semantic,3,/data/datasets/PRCC/prcc/rgb/train/092/A_cropped_rgb172.jpg,/data/datasets/PRCC/prcc/rgb/train/185/A_cropped_rgb019.jpg,0,48,0.6651616096496582,0.9999998807907104,,A,A,092,185,male,male,black,black,short,short,average,average
semantic,4,/data/datasets/PRCC/prcc/rgb/train/092/A_cropped_rgb172.jpg,/data/datasets/PRCC/prcc/rgb/train/300/C_cropped_rgb171.jpg,0,133,0.7921658158302307,0.9999998807907104,,A,C,092,300C,male,male,black,black,short,short,average,average
semantic,5,/data/datasets/PRCC/prcc/rgb/train/092/A_cropped_rgb172.jpg,/data/datasets/PRCC/prcc/rgb/train/177/C_cropped_rgb475.jpg,0,42,0.6668974161148071,0.9999998807907104,,A,C,092,177C,male,male,black,black,short,short,average,average
hybrid,1,/data/datasets/PRCC/prcc/rgb/train/092/A_cropped_rgb172.jpg,/data/datasets/PRCC/prcc/rgb/train/149/B_cropped_rgb583.jpg,0,24,0.8670390844345093,0.9999998807907104,1,A,B,092,149,male,male,black,black,short,short,average,average
hybrid,2,/data/datasets/PRCC/prcc/rgb/train/092/A_cropped_rgb172.jpg,/data/datasets/PRCC/prcc/rgb/train/114/B_cropped_rgb144.jpg,0,11,0.8788376450538635,0.9999998807907104,2,A,B,092,114,male,male,black,black,short,short,average,average
hybrid,3,/data/datasets/PRCC/prcc/rgb/train/092/A_cropped_rgb172.jpg,/data/datasets/PRCC/prcc/rgb/train/110/A_cropped_rgb517.jpg,0,8,0.6498480439186096,0.9999998807907104,3,A,A,092,110,male,male,black,black,short,short,average,average
hybrid,4,/data/datasets/PRCC/prcc/rgb/train/092/A_cropped_rgb172.jpg,/data/datasets/PRCC/prcc/rgb/train/114/C_cropped_rgb571.jpg,0,11,0.8764774799346924,0.9999998807907104,4,A,C,092,114C,male,male,black,black,short,short,average,average
hybrid,5,/data/datasets/PRCC/prcc/rgb/train/092/A_cropped_rgb172.jpg,/data/datasets/PRCC/prcc/rgb/train/185/A_cropped_rgb019.jpg,0,48,0.6651616096496582,0.9999998807907104,5,A,A,092,185,male,male,black,black,short,short,average,average
visual,1,/data/datasets/PRCC/prcc/rgb/train/092/A_cropped_rgb173.jpg,/data/datasets/PRCC/prcc/rgb/train/114/B_cropped_rgb144.jpg,0,11,0.8846083879470825,0.9999998807907104,,A,B,092,114,male,male,black,black,short,short,average,average
visual,2,/data/datasets/PRCC/prcc/rgb/train/092/A_cropped_rgb173.jpg,/data/datasets/PRCC/prcc/rgb/train/193/A_cropped_rgb400.jpg,0,51,0.8818448185920715,0.9999998807907104,,A,A,092,193,male,male,black,black,short,short,average,average
visual,3,/data/datasets/PRCC/prcc/rgb/train/092/A_cropped_rgb173.jpg,/data/datasets/PRCC/prcc/rgb/train/193/A_cropped_rgb385.jpg,0,51,0.8777535557746887,0.9999998807907104,,A,A,092,193,male,male,black,black,short,short,average,average
visual,4,/data/datasets/PRCC/prcc/rgb/train/092/A_cropped_rgb173.jpg,/data/datasets/PRCC/prcc/rgb/train/193/A_cropped_rgb025.jpg,0,51,0.8761281967163086,0.9999998807907104,,A,A,092,193,male,male,black,black,short,short,average,average
visual,5,/data/datasets/PRCC/prcc/rgb/train/092/A_cropped_rgb173.jpg,/data/datasets/PRCC/prcc/rgb/train/193/A_cropped_rgb379.jpg,0,51,0.875766396522522,0.9999998807907104,,A,A,092,193,male,male,black,black,short,short,average,average
semantic,1,/data/datasets/PRCC/prcc/rgb/train/092/A_cropped_rgb173.jpg,/data/datasets/PRCC/prcc/rgb/train/149/B_cropped_rgb583.jpg,0,24,0.8591310977935791,0.9999998807907104,,A,B,092,149,male,male,black,black,short,short,average,average
semantic,2,/data/datasets/PRCC/prcc/rgb/train/092/A_cropped_rgb173.jpg,/data/datasets/PRCC/prcc/rgb/train/110/A_cropped_rgb517.jpg,0,8,0.6607105731964111,0.9999998807907104,,A,A,092,110,male,male,black,black,short,short,average,average
semantic,3,/data/datasets/PRCC/prcc/rgb/train/092/A_cropped_rgb173.jpg,/data/datasets/PRCC/prcc/rgb/train/185/A_cropped_rgb019.jpg,0,48,0.6988544464111328,0.9999998807907104,,A,A,092,185,male,male,black,black,short,short,average,average
semantic,4,/data/datasets/PRCC/prcc/rgb/train/092/A_cropped_rgb173.jpg,/data/datasets/PRCC/prcc/rgb/train/300/C_cropped_rgb171.jpg,0,133,0.7795987129211426,0.9999998807907104,,A,C,092,300C,male,male,black,black,short,short,average,average
semantic,5,/data/datasets/PRCC/prcc/rgb/train/092/A_cropped_rgb173.jpg,/data/datasets/PRCC/prcc/rgb/train/177/C_cropped_rgb475.jpg,0,42,0.6751231551170349,0.9999998807907104,,A,C,092,177C,male,male,black,black,short,short,average,average
hybrid,1,/data/datasets/PRCC/prcc/rgb/train/092/A_cropped_rgb173.jpg,/data/datasets/PRCC/prcc/rgb/train/149/B_cropped_rgb583.jpg,0,24,0.8591310977935791,0.9999998807907104,1,A,B,092,149,male,male,black,black,short,short,average,average
hybrid,2,/data/datasets/PRCC/prcc/rgb/train/092/A_cropped_rgb173.jpg,/data/datasets/PRCC/prcc/rgb/train/114/B_cropped_rgb144.jpg,0,11,0.8846083879470825,0.9999998807907104,2,A,B,092,114,male,male,black,black,short,short,average,average
hybrid,3,/data/datasets/PRCC/prcc/rgb/train/092/A_cropped_rgb173.jpg,/data/datasets/PRCC/prcc/rgb/train/110/A_cropped_rgb517.jpg,0,8,0.6607105731964111,0.9999998807907104,3,A,A,092,110,male,male,black,black,short,short,average,average
hybrid,4,/data/datasets/PRCC/prcc/rgb/train/092/A_cropped_rgb173.jpg,/data/datasets/PRCC/prcc/rgb/train/193/A_cropped_rgb400.jpg,0,51,0.8818448185920715,0.9999998807907104,4,A,A,092,193,male,male,black,black,short,short,average,average
hybrid,5,/data/datasets/PRCC/prcc/rgb/train/092/A_cropped_rgb173.jpg,/data/datasets/PRCC/prcc/rgb/train/185/A_cropped_rgb019.jpg,0,48,0.6988544464111328,0.9999998807907104,5,A,A,092,185,male,male,black,black,short,short,average,average
visual,1,/data/datasets/PRCC/prcc/rgb/train/092/A_cropped_rgb181.jpg,/data/datasets/PRCC/prcc/rgb/train/113/A_cropped_rgb126.jpg,0,10,0.8749012351036072,0.9999998807907104,,A,A,092,113,male,male,black,black,short,short,average,average
visual,2,/data/datasets/PRCC/prcc/rgb/train/092/A_cropped_rgb181.jpg,/data/datasets/PRCC/prcc/rgb/train/284/A_cropped_rgb046.jpg,0,117,0.874157726764679,0.9999998807907104,,A,A,092,284,male,male,black,black,short,short,average,average
visual,3,/data/datasets/PRCC/prcc/rgb/train/092/A_cropped_rgb181.jpg,/data/datasets/PRCC/prcc/rgb/train/149/C_cropped_rgb013.jpg,0,24,0.8715142607688904,0.9999998807907104,,A,C,092,149C,male,male,black,black,short,short,average,average
visual,4,/data/datasets/PRCC/prcc/rgb/train/092/A_cropped_rgb181.jpg,/data/datasets/PRCC/prcc/rgb/train/284/B_cropped_rgb028.jpg,0,117,0.8710665106773376,0.9999998807907104,,A,B,092,284,male,male,black,black,short,short,average,average
visual,5,/data/datasets/PRCC/prcc/rgb/train/092/A_cropped_rgb181.jpg,/data/datasets/PRCC/prcc/rgb/train/149/C_cropped_rgb004.jpg,0,24,0.8700965642929077,0.9999998807907104,,A,C,092,149C,male,male,black,black,short,short,average,average
semantic,1,/data/datasets/PRCC/prcc/rgb/train/092/A_cropped_rgb181.jpg,/data/datasets/PRCC/prcc/rgb/train/149/B_cropped_rgb583.jpg,0,24,0.8307384848594666,0.9999998807907104,,A,B,092,149,male,male,black,black,short,short,average,average
semantic,2,/data/datasets/PRCC/prcc/rgb/train/092/A_cropped_rgb181.jpg,/data/datasets/PRCC/prcc/rgb/train/110/A_cropped_rgb517.jpg,0,8,0.6607219576835632,0.9999998807907104,,A,A,092,110,male,male,black,black,short,short,average,average
semantic,3,/data/datasets/PRCC/prcc/rgb/train/092/A_cropped_rgb181.jpg,/data/datasets/PRCC/prcc/rgb/train/185/A_cropped_rgb019.jpg,0,48,0.6632908582687378,0.9999998807907104,,A,A,092,185,male,male,black,black,short,short,average,average
semantic,4,/data/datasets/PRCC/prcc/rgb/train/092/A_cropped_rgb181.jpg,/data/datasets/PRCC/prcc/rgb/train/300/C_cropped_rgb171.jpg,0,133,0.8077501058578491,0.9999998807907104,,A,C,092,300C,male,male,black,black,short,short,average,average
semantic,5,/data/datasets/PRCC/prcc/rgb/train/092/A_cropped_rgb181.jpg,/data/datasets/PRCC/prcc/rgb/train/177/C_cropped_rgb475.jpg,0,42,0.667961061000824,0.9999998807907104,,A,C,092,177C,male,male,black,black,short,short,average,average
hybrid,1,/data/datasets/PRCC/prcc/rgb/train/092/A_cropped_rgb181.jpg,/data/datasets/PRCC/prcc/rgb/train/149/B_cropped_rgb583.jpg,0,24,0.8307384848594666,0.9999998807907104,1,A,B,092,149,male,male,black,black,short,short,average,average
hybrid,2,/data/datasets/PRCC/prcc/rgb/train/092/A_cropped_rgb181.jpg,/data/datasets/PRCC/prcc/rgb/train/113/A_cropped_rgb126.jpg,0,10,0.8749012351036072,0.9999998807907104,2,A,A,092,113,male,male,black,black,short,short,average,average
hybrid,3,/data/datasets/PRCC/prcc/rgb/train/092/A_cropped_rgb181.jpg,/data/datasets/PRCC/prcc/rgb/train/110/A_cropped_rgb517.jpg,0,8,0.6607219576835632,0.9999998807907104,3,A,A,092,110,male,male,black,black,short,short,average,average
hybrid,4,/data/datasets/PRCC/prcc/rgb/train/092/A_cropped_rgb181.jpg,/data/datasets/PRCC/prcc/rgb/train/284/A_cropped_rgb046.jpg,0,117,0.874157726764679,0.9999998807907104,4,A,A,092,284,male,male,black,black,short,short,average,average
hybrid,5,/data/datasets/PRCC/prcc/rgb/train/092/A_cropped_rgb181.jpg,/data/datasets/PRCC/prcc/rgb/train/185/A_cropped_rgb019.jpg,0,48,0.6632908582687378,0.9999998807907104,5,A,A,092,185,male,male,black,black,short,short,average,average
visual,1,/data/datasets/PRCC/prcc/rgb/train/092/A_cropped_rgb190.jpg,/data/datasets/PRCC/prcc/rgb/train/193/A_cropped_rgb028.jpg,0,51,0.8927472829818726,0.9999998807907104,,A,A,092,193,male,male,black,black,short,short,average,average
visual,2,/data/datasets/PRCC/prcc/rgb/train/092/A_cropped_rgb190.jpg,/data/datasets/PRCC/prcc/rgb/train/193/A_cropped_rgb016.jpg,0,51,0.8914690017700195,0.9999998807907104,,A,A,092,193,male,male,black,black,short,short,average,average
visual,3,/data/datasets/PRCC/prcc/rgb/train/092/A_cropped_rgb190.jpg,/data/datasets/PRCC/prcc/rgb/train/193/A_cropped_rgb400.jpg,0,51,0.8882131576538086,0.9999998807907104,,A,A,092,193,male,male,black,black,short,short,average,average
visual,4,/data/datasets/PRCC/prcc/rgb/train/092/A_cropped_rgb190.jpg,/data/datasets/PRCC/prcc/rgb/train/193/A_cropped_rgb025.jpg,0,51,0.887789249420166,0.9999998807907104,,A,A,092,193,male,male,black,black,short,short,average,average
visual,5,/data/datasets/PRCC/prcc/rgb/train/092/A_cropped_rgb190.jpg,/data/datasets/PRCC/prcc/rgb/train/193/A_cropped_rgb385.jpg,0,51,0.8845254182815552,0.9999998807907104,,A,A,092,193,male,male,black,black,short,short,average,average
semantic,1,/data/datasets/PRCC/prcc/rgb/train/092/A_cropped_rgb190.jpg,/data/datasets/PRCC/prcc/rgb/train/149/B_cropped_rgb583.jpg,0,24,0.8817994594573975,0.9999998807907104,,A,B,092,149,male,male,black,black,short,short,average,average
semantic,2,/data/datasets/PRCC/prcc/rgb/train/092/A_cropped_rgb190.jpg,/data/datasets/PRCC/prcc/rgb/train/110/A_cropped_rgb517.jpg,0,8,0.637199878692627,0.9999998807907104,,A,A,092,110,male,male,black,black,short,short,average,average
semantic,3,/data/datasets/PRCC/prcc/rgb/train/092/A_cropped_rgb190.jpg,/data/datasets/PRCC/prcc/rgb/train/185/A_cropped_rgb019.jpg,0,48,0.7105913162231445,0.9999998807907104,,A,A,092,185,male,male,black,black,short,short,average,average
semantic,4,/data/datasets/PRCC/prcc/rgb/train/092/A_cropped_rgb190.jpg,/data/datasets/PRCC/prcc/rgb/train/300/C_cropped_rgb171.jpg,0,133,0.7601500749588013,0.9999998807907104,,A,C,092,300C,male,male,black,black,short,short,average,average
semantic,5,/data/datasets/PRCC/prcc/rgb/train/092/A_cropped_rgb190.jpg,/data/datasets/PRCC/prcc/rgb/train/177/C_cropped_rgb475.jpg,0,42,0.6461416482925415,0.9999998807907104,,A,C,092,177C,male,male,black,black,short,short,average,average
hybrid,1,/data/datasets/PRCC/prcc/rgb/train/092/A_cropped_rgb190.jpg,/data/datasets/PRCC/prcc/rgb/train/149/B_cropped_rgb583.jpg,0,24,0.8817994594573975,0.9999998807907104,1,A,B,092,149,male,male,black,black,short,short,average,average
hybrid,2,/data/datasets/PRCC/prcc/rgb/train/092/A_cropped_rgb190.jpg,/data/datasets/PRCC/prcc/rgb/train/193/A_cropped_rgb028.jpg,0,51,0.8927472829818726,0.9999998807907104,2,A,A,092,193,male,male,black,black,short,short,average,average
hybrid,3,/data/datasets/PRCC/prcc/rgb/train/092/A_cropped_rgb190.jpg,/data/datasets/PRCC/prcc/rgb/train/110/A_cropped_rgb517.jpg,0,8,0.637199878692627,0.9999998807907104,3,A,A,092,110,male,male,black,black,short,short,average,average
hybrid,4,/data/datasets/PRCC/prcc/rgb/train/092/A_cropped_rgb190.jpg,/data/datasets/PRCC/prcc/rgb/train/193/A_cropped_rgb016.jpg,0,51,0.8914690017700195,0.9999998807907104,4,A,A,092,193,male,male,black,black,short,short,average,average
hybrid,5,/data/datasets/PRCC/prcc/rgb/train/092/A_cropped_rgb190.jpg,/data/datasets/PRCC/prcc/rgb/train/185/A_cropped_rgb019.jpg,0,48,0.7105913162231445,0.9999998807907104,5,A,A,092,185,male,male,black,black,short,short,average,average
visual,1,/data/datasets/PRCC/prcc/rgb/train/092/A_cropped_rgb193.jpg,/data/datasets/PRCC/prcc/rgb/train/154/A_cropped_rgb013.jpg,0,27,0.8782237768173218,0.9999998807907104,,A,A,092,154,male,male,black,black,short,short,average,average
visual,2,/data/datasets/PRCC/prcc/rgb/train/092/A_cropped_rgb193.jpg,/data/datasets/PRCC/prcc/rgb/train/098/A_cropped_rgb022.jpg,0,2,0.8761343955993652,0.9999998807907104,,A,A,092,098,male,male,black,black,short,short,average,average
visual,3,/data/datasets/PRCC/prcc/rgb/train/092/A_cropped_rgb193.jpg,/data/datasets/PRCC/prcc/rgb/train/284/B_cropped_rgb028.jpg,0,117,0.8750922679901123,0.9999998807907104,,A,B,092,284,male,male,black,black,short,short,average,average
visual,4,/data/datasets/PRCC/prcc/rgb/train/092/A_cropped_rgb193.jpg,/data/datasets/PRCC/prcc/rgb/train/149/B_cropped_rgb583.jpg,0,24,0.872421383857727,0.9999998807907104,,A,B,092,149,male,male,black,black,short,short,average,average
visual,5,/data/datasets/PRCC/prcc/rgb/train/092/A_cropped_rgb193.jpg,/data/datasets/PRCC/prcc/rgb/train/193/A_cropped_rgb028.jpg,0,51,0.8714286088943481,0.9999998807907104,,A,A,092,193,male,male,black,black,short,short,average,average
semantic,1,/data/datasets/PRCC/prcc/rgb/train/092/A_cropped_rgb193.jpg,/data/datasets/PRCC/prcc/rgb/train/149/B_cropped_rgb583.jpg,0,24,0.872421383857727,0.9999998807907104,,A,B,092,149,male,male,black,black,short,short,average,average
semantic,2,/data/datasets/PRCC/prcc/rgb/train/092/A_cropped_rgb193.jpg,/data/datasets/PRCC/prcc/rgb/train/110/A_cropped_rgb517.jpg,0,8,0.6341750621795654,0.9999998807907104,,A,A,092,110,male,male,black,black,short,short,average,average
semantic,3,/data/datasets/PRCC/prcc/rgb/train/092/A_cropped_rgb193.jpg,/data/datasets/PRCC/prcc/rgb/train/185/A_cropped_rgb019.jpg,0,48,0.7046517133712769,0.9999998807907104,,A,A,092,185,male,male,black,black,short,short,average,average
semantic,4,/data/datasets/PRCC/prcc/rgb/train/092/A_cropped_rgb193.jpg,/data/datasets/PRCC/prcc/rgb/train/300/C_cropped_rgb171.jpg,0,133,0.7503955960273743,0.9999998807907104,,A,C,092,300C,male,male,black,black,short,short,average,average
semantic,5,/data/datasets/PRCC/prcc/rgb/train/092/A_cropped_rgb193.jpg,/data/datasets/PRCC/prcc/rgb/train/177/C_cropped_rgb475.jpg,0,42,0.6666276454925537,0.9999998807907104,,A,C,092,177C,male,male,black,black,short,short,average,average
hybrid,1,/data/datasets/PRCC/prcc/rgb/train/092/A_cropped_rgb193.jpg,/data/datasets/PRCC/prcc/rgb/train/149/B_cropped_rgb583.jpg,0,24,0.872421383857727,0.9999998807907104,1,A,B,092,149,male,male,black,black,short,short,average,average
hybrid,2,/data/datasets/PRCC/prcc/rgb/train/092/A_cropped_rgb193.jpg,/data/datasets/PRCC/prcc/rgb/train/154/A_cropped_rgb013.jpg,0,27,0.8782237768173218,0.9999998807907104,2,A,A,092,154,male,male,black,black,short,short,average,average
hybrid,3,/data/datasets/PRCC/prcc/rgb/train/092/A_cropped_rgb193.jpg,/data/datasets/PRCC/prcc/rgb/train/110/A_cropped_rgb517.jpg,0,8,0.6341750621795654,0.9999998807907104,3,A,A,092,110,male,male,black,black,short,short,average,average
hybrid,4,/data/datasets/PRCC/prcc/rgb/train/092/A_cropped_rgb193.jpg,/data/datasets/PRCC/prcc/rgb/train/098/A_cropped_rgb022.jpg,0,2,0.8761343955993652,0.9999998807907104,4,A,A,092,098,male,male,black,black,short,short,average,average
hybrid,5,/data/datasets/PRCC/prcc/rgb/train/092/A_cropped_rgb193.jpg,/data/datasets/PRCC/prcc/rgb/train/185/A_cropped_rgb019.jpg,0,48,0.7046517133712769,0.9999998807907104,5,A,A,092,185,male,male,black,black,short,short,average,average
visual,1,/data/datasets/PRCC/prcc/rgb/train/092/A_cropped_rgb196.jpg,/data/datasets/PRCC/prcc/rgb/train/114/B_cropped_rgb144.jpg,0,11,0.8893625140190125,0.9999998807907104,,A,B,092,114,male,male,black,black,short,short,average,average
visual,2,/data/datasets/PRCC/prcc/rgb/train/092/A_cropped_rgb196.jpg,/data/datasets/PRCC/prcc/rgb/train/149/B_cropped_rgb583.jpg,0,24,0.8833688497543335,0.9999998807907104,,A,B,092,149,male,male,black,black,short,short,average,average
visual,3,/data/datasets/PRCC/prcc/rgb/train/092/A_cropped_rgb196.jpg,/data/datasets/PRCC/prcc/rgb/train/114/B_cropped_rgb151.jpg,0,11,0.8644305467605591,0.9999998807907104,,A,B,092,114,male,male,black,black,short,short,average,average
visual,4,/data/datasets/PRCC/prcc/rgb/train/092/A_cropped_rgb196.jpg,/data/datasets/PRCC/prcc/rgb/train/193/A_cropped_rgb028.jpg,0,51,0.8636229038238525,0.9999998807907104,,A,A,092,193,male,male,black,black,short,short,average,average
visual,5,/data/datasets/PRCC/prcc/rgb/train/092/A_cropped_rgb196.jpg,/data/datasets/PRCC/prcc/rgb/train/193/A_cropped_rgb016.jpg,0,51,0.8618443608283997,0.9999998807907104,,A,A,092,193,male,male,black,black,short,short,average,average
semantic,1,/data/datasets/PRCC/prcc/rgb/train/092/A_cropped_rgb196.jpg,/data/datasets/PRCC/prcc/rgb/train/149/B_cropped_rgb583.jpg,0,24,0.8833688497543335,0.9999998807907104,,A,B,092,149,male,male,black,black,short,short,average,average
semantic,2,/data/datasets/PRCC/prcc/rgb/train/092/A_cropped_rgb196.jpg,/data/datasets/PRCC/prcc/rgb/train/110/A_cropped_rgb517.jpg,0,8,0.6282161474227905,0.9999998807907104,,A,A,092,110,male,male,black,black,short,short,average,average
semantic,3,/data/datasets/PRCC/prcc/rgb/train/092/A_cropped_rgb196.jpg,/data/datasets/PRCC/prcc/rgb/train/185/A_cropped_rgb019.jpg,0,48,0.7002347111701965,0.9999998807907104,,A,A,092,185,male,male,black,black,short,short,average,average
semantic,4,/data/datasets/PRCC/prcc/rgb/train/092/A_cropped_rgb196.jpg,/data/datasets/PRCC/prcc/rgb/train/300/C_cropped_rgb171.jpg,0,133,0.7479435205459595,0.9999998807907104,,A,C,092,300C,male,male,black,black,short,short,average,average
semantic,5,/data/datasets/PRCC/prcc/rgb/train/092/A_cropped_rgb196.jpg,/data/datasets/PRCC/prcc/rgb/train/177/C_cropped_rgb475.jpg,0,42,0.6908426880836487,0.9999998807907104,,A,C,092,177C,male,male,black,black,short,short,average,average
hybrid,1,/data/datasets/PRCC/prcc/rgb/train/092/A_cropped_rgb196.jpg,/data/datasets/PRCC/prcc/rgb/train/149/B_cropped_rgb583.jpg,0,24,0.8833688497543335,0.9999998807907104,1,A,B,092,149,male,male,black,black,short,short,average,average
hybrid,2,/data/datasets/PRCC/prcc/rgb/train/092/A_cropped_rgb196.jpg,/data/datasets/PRCC/prcc/rgb/train/114/B_cropped_rgb144.jpg,0,11,0.8893625140190125,0.9999998807907104,2,A,B,092,114,male,male,black,black,short,short,average,average
hybrid,3,/data/datasets/PRCC/prcc/rgb/train/092/A_cropped_rgb196.jpg,/data/datasets/PRCC/prcc/rgb/train/110/A_cropped_rgb517.jpg,0,8,0.6282161474227905,0.9999998807907104,3,A,A,092,110,male,male,black,black,short,short,average,average
hybrid,4,/data/datasets/PRCC/prcc/rgb/train/092/A_cropped_rgb196.jpg,/data/datasets/PRCC/prcc/rgb/train/185/A_cropped_rgb019.jpg,0,48,0.7002347111701965,0.9999998807907104,4,A,A,092,185,male,male,black,black,short,short,average,average
hybrid,5,/data/datasets/PRCC/prcc/rgb/train/092/A_cropped_rgb196.jpg,/data/datasets/PRCC/prcc/rgb/train/114/B_cropped_rgb151.jpg,0,11,0.8644305467605591,0.9999998807907104,5,A,B,092,114,male,male,black,black,short,short,average,average
visual,1,/data/datasets/PRCC/prcc/rgb/train/092/A_cropped_rgb199.jpg,/data/datasets/PRCC/prcc/rgb/train/149/B_cropped_rgb583.jpg,0,24,0.8956340551376343,0.9999998807907104,,A,B,092,149,male,male,black,black,short,short,average,average
visual,2,/data/datasets/PRCC/prcc/rgb/train/092/A_cropped_rgb199.jpg,/data/datasets/PRCC/prcc/rgb/train/114/B_cropped_rgb144.jpg,0,11,0.8744343519210815,0.9999998807907104,,A,B,092,114,male,male,black,black,short,short,average,average
visual,3,/data/datasets/PRCC/prcc/rgb/train/092/A_cropped_rgb199.jpg,/data/datasets/PRCC/prcc/rgb/train/193/A_cropped_rgb016.jpg,0,51,0.8635784387588501,0.9999998807907104,,A,A,092,193,male,male,black,black,short,short,average,average
visual,4,/data/datasets/PRCC/prcc/rgb/train/092/A_cropped_rgb199.jpg,/data/datasets/PRCC/prcc/rgb/train/193/A_cropped_rgb028.jpg,0,51,0.8633935451507568,0.9999998807907104,,A,A,092,193,male,male,black,black,short,short,average,average
visual,5,/data/datasets/PRCC/prcc/rgb/train/092/A_cropped_rgb199.jpg,/data/datasets/PRCC/prcc/rgb/train/206/C_cropped_rgb214.jpg,0,61,0.8616006970405579,0.9999998807907104,,A,C,092,206C,male,male,black,black,short,short,average,average
semantic,1,/data/datasets/PRCC/prcc/rgb/train/092/A_cropped_rgb199.jpg,/data/datasets/PRCC/prcc/rgb/train/149/B_cropped_rgb583.jpg,0,24,0.8956340551376343,0.9999998807907104,,A,B,092,149,male,male,black,black,short,short,average,average
semantic,2,/data/datasets/PRCC/prcc/rgb/train/092/A_cropped_rgb199.jpg,/data/datasets/PRCC/prcc/rgb/train/110/A_cropped_rgb517.jpg,0,8,0.6364836692810059,0.9999998807907104,,A,A,092,110,male,male,black,black,short,short,average,average
semantic,3,/data/datasets/PRCC/prcc/rgb/train/092/A_cropped_rgb199.jpg,/data/datasets/PRCC/prcc/rgb/train/185/A_cropped_rgb019.jpg,0,48,0.7191710472106934,0.9999998807907104,,A,A,092,185,male,male,black,black,short,short,average,average
semantic,4,/data/datasets/PRCC/prcc/rgb/train/092/A_cropped_rgb199.jpg,/data/datasets/PRCC/prcc/rgb/train/300/C_cropped_rgb171.jpg,0,133,0.7296766638755798,0.9999998807907104,,A,C,092,300C,male,male,black,black,short,short,average,average
semantic,5,/data/datasets/PRCC/prcc/rgb/train/092/A_cropped_rgb199.jpg,/data/datasets/PRCC/prcc/rgb/train/177/C_cropped_rgb475.jpg,0,42,0.6741639375686646,0.9999998807907104,,A,C,092,177C,male,male,black,black,short,short,average,average
hybrid,1,/data/datasets/PRCC/prcc/rgb/train/092/A_cropped_rgb199.jpg,/data/datasets/PRCC/prcc/rgb/train/149/B_cropped_rgb583.jpg,0,24,0.8956340551376343,0.9999998807907104,1,A,B,092,149,male,male,black,black,short,short,average,average
hybrid,2,/data/datasets/PRCC/prcc/rgb/train/092/A_cropped_rgb199.jpg,/data/datasets/PRCC/prcc/rgb/train/110/A_cropped_rgb517.jpg,0,8,0.6364836692810059,0.9999998807907104,2,A,A,092,110,male,male,black,black,short,short,average,average
hybrid,3,/data/datasets/PRCC/prcc/rgb/train/092/A_cropped_rgb199.jpg,/data/datasets/PRCC/prcc/rgb/train/114/B_cropped_rgb144.jpg,0,11,0.8744343519210815,0.9999998807907104,3,A,B,092,114,male,male,black,black,short,short,average,average
hybrid,4,/data/datasets/PRCC/prcc/rgb/train/092/A_cropped_rgb199.jpg,/data/datasets/PRCC/prcc/rgb/train/185/A_cropped_rgb019.jpg,0,48,0.7191710472106934,0.9999998807907104,4,A,A,092,185,male,male,black,black,short,short,average,average
hybrid,5,/data/datasets/PRCC/prcc/rgb/train/092/A_cropped_rgb199.jpg,/data/datasets/PRCC/prcc/rgb/train/193/A_cropped_rgb016.jpg,0,51,0.8635784387588501,0.9999998807907104,5,A,A,092,193,male,male,black,black,short,short,average,average
visual,1,/data/datasets/PRCC/prcc/rgb/train/092/A_cropped_rgb202.jpg,/data/datasets/PRCC/prcc/rgb/train/149/B_cropped_rgb583.jpg,0,24,0.879752516746521,0.9999998807907104,,A,B,092,149,male,male,black,black,short,short,average,average
visual,2,/data/datasets/PRCC/prcc/rgb/train/092/A_cropped_rgb202.jpg,/data/datasets/PRCC/prcc/rgb/train/193/A_cropped_rgb016.jpg,0,51,0.8764010667800903,0.9999998807907104,,A,A,092,193,male,male,black,black,short,short,average,average
visual,3,/data/datasets/PRCC/prcc/rgb/train/092/A_cropped_rgb202.jpg,/data/datasets/PRCC/prcc/rgb/train/193/A_cropped_rgb028.jpg,0,51,0.8685438632965088,0.9999998807907104,,A,A,092,193,male,male,black,black,short,short,average,average
visual,4,/data/datasets/PRCC/prcc/rgb/train/092/A_cropped_rgb202.jpg,/data/datasets/PRCC/prcc/rgb/train/193/A_cropped_rgb019.jpg,0,51,0.8670924305915833,0.9999998807907104,,A,A,092,193,male,male,black,black,short,short,average,average
visual,5,/data/datasets/PRCC/prcc/rgb/train/092/A_cropped_rgb202.jpg,/data/datasets/PRCC/prcc/rgb/train/193/A_cropped_rgb025.jpg,0,51,0.8666918873786926,0.9999998807907104,,A,A,092,193,male,male,black,black,short,short,average,average
semantic,1,/data/datasets/PRCC/prcc/rgb/train/092/A_cropped_rgb202.jpg,/data/datasets/PRCC/prcc/rgb/train/149/B_cropped_rgb583.jpg,0,24,0.879752516746521,0.9999998807907104,,A,B,092,149,male,male,black,black,short,short,average,average
semantic,2,/data/datasets/PRCC/prcc/rgb/train/092/A_cropped_rgb202.jpg,/data/datasets/PRCC/prcc/rgb/train/110/A_cropped_rgb517.jpg,0,8,0.6135913729667664,0.9999998807907104,,A,A,092,110,male,male,black,black,short,short,average,average
semantic,3,/data/datasets/PRCC/prcc/rgb/train/092/A_cropped_rgb202.jpg,/data/datasets/PRCC/prcc/rgb/train/185/A_cropped_rgb019.jpg,0,48,0.736377477645874,0.9999998807907104,,A,A,092,185,male,male,black,black,short,short,average,average
semantic,4,/data/datasets/PRCC/prcc/rgb/train/092/A_cropped_rgb202.jpg,/data/datasets/PRCC/prcc/rgb/train/300/C_cropped_rgb171.jpg,0,133,0.7417953014373779,0.9999998807907104,,A,C,092,300C,male,male,black,black,short,short,average,average
semantic,5,/data/datasets/PRCC/prcc/rgb/train/092/A_cropped_rgb202.jpg,/data/datasets/PRCC/prcc/rgb/train/177/C_cropped_rgb475.jpg,0,42,0.6557527780532837,0.9999998807907104,,A,C,092,177C,male,male,black,black,short,short,average,average
hybrid,1,/data/datasets/PRCC/prcc/rgb/train/092/A_cropped_rgb202.jpg,/data/datasets/PRCC/prcc/rgb/train/149/B_cropped_rgb583.jpg,0,24,0.879752516746521,0.9999998807907104,1,A,B,092,149,male,male,black,black,short,short,average,average
hybrid,2,/data/datasets/PRCC/prcc/rgb/train/092/A_cropped_rgb202.jpg,/data/datasets/PRCC/prcc/rgb/train/110/A_cropped_rgb517.jpg,0,8,0.6135913729667664,0.9999998807907104,2,A,A,092,110,male,male,black,black,short,short,average,average
hybrid,3,/data/datasets/PRCC/prcc/rgb/train/092/A_cropped_rgb202.jpg,/data/datasets/PRCC/prcc/rgb/train/193/A_cropped_rgb016.jpg,0,51,0.8764010667800903,0.9999998807907104,3,A,A,092,193,male,male,black,black,short,short,average,average
hybrid,4,/data/datasets/PRCC/prcc/rgb/train/092/A_cropped_rgb202.jpg,/data/datasets/PRCC/prcc/rgb/train/185/A_cropped_rgb019.jpg,0,48,0.736377477645874,0.9999998807907104,4,A,A,092,185,male,male,black,black,short,short,average,average
hybrid,5,/data/datasets/PRCC/prcc/rgb/train/092/A_cropped_rgb202.jpg,/data/datasets/PRCC/prcc/rgb/train/193/A_cropped_rgb028.jpg,0,51,0.8685438632965088,0.9999998807907104,5,A,A,092,193,male,male,black,black,short,short,average,average
visual,1,/data/datasets/PRCC/prcc/rgb/train/092/A_cropped_rgb205.jpg,/data/datasets/PRCC/prcc/rgb/train/149/B_cropped_rgb583.jpg,0,24,0.881179928779602,0.9999998807907104,,A,B,092,149,male,male,black,black,short,short,average,average
visual,2,/data/datasets/PRCC/prcc/rgb/train/092/A_cropped_rgb205.jpg,/data/datasets/PRCC/prcc/rgb/train/114/B_cropped_rgb144.jpg,0,11,0.8728741407394409,0.9999998807907104,,A,B,092,114,male,male,black,black,short,short,average,average
visual,3,/data/datasets/PRCC/prcc/rgb/train/092/A_cropped_rgb205.jpg,/data/datasets/PRCC/prcc/rgb/train/114/B_cropped_rgb151.jpg,0,11,0.8679725527763367,0.9999998807907104,,A,B,092,114,male,male,black,black,short,short,average,average
visual,4,/data/datasets/PRCC/prcc/rgb/train/092/A_cropped_rgb205.jpg,/data/datasets/PRCC/prcc/rgb/train/114/B_cropped_rgb307.jpg,0,11,0.8615531921386719,0.9999998807907104,,A,B,092,114,male,male,black,black,short,short,average,average
visual,5,/data/datasets/PRCC/prcc/rgb/train/092/A_cropped_rgb205.jpg,/data/datasets/PRCC/prcc/rgb/train/114/B_cropped_rgb115.jpg,0,11,0.8598713874816895,0.9999998807907104,,A,B,092,114,male,male,black,black,short,short,average,average
semantic,1,/data/datasets/PRCC/prcc/rgb/train/092/A_cropped_rgb205.jpg,/data/datasets/PRCC/prcc/rgb/train/149/B_cropped_rgb583.jpg,0,24,0.881179928779602,0.9999998807907104,,A,B,092,149,male,male,black,black,short,short,average,average
semantic,2,/data/datasets/PRCC/prcc/rgb/train/092/A_cropped_rgb205.jpg,/data/datasets/PRCC/prcc/rgb/train/110/A_cropped_rgb517.jpg,0,8,0.6096303462982178,0.9999998807907104,,A,A,092,110,male,male,black,black,short,short,average,average
semantic,3,/data/datasets/PRCC/prcc/rgb/train/092/A_cropped_rgb205.jpg,/data/datasets/PRCC/prcc/rgb/train/185/A_cropped_rgb019.jpg,0,48,0.6943998336791992,0.9999998807907104,,A,A,092,185,male,male,black,black,short,short,average,average
semantic,4,/data/datasets/PRCC/prcc/rgb/train/092/A_cropped_rgb205.jpg,/data/datasets/PRCC/prcc/rgb/train/300/C_cropped_rgb171.jpg,0,133,0.7314420938491821,0.9999998807907104,,A,C,092,300C,male,male,black,black,short,short,average,average
semantic,5,/data/datasets/PRCC/prcc/rgb/train/092/A_cropped_rgb205.jpg,/data/datasets/PRCC/prcc/rgb/train/177/C_cropped_rgb475.jpg,0,42,0.6584674119949341,0.9999998807907104,,A,C,092,177C,male,male,black,black,short,short,average,average
hybrid,1,/data/datasets/PRCC/prcc/rgb/train/092/A_cropped_rgb205.jpg,/data/datasets/PRCC/prcc/rgb/train/149/B_cropped_rgb583.jpg,0,24,0.881179928779602,0.9999998807907104,1,A,B,092,149,male,male,black,black,short,short,average,average
hybrid,2,/data/datasets/PRCC/prcc/rgb/train/092/A_cropped_rgb205.jpg,/data/datasets/PRCC/prcc/rgb/train/110/A_cropped_rgb517.jpg,0,8,0.6096303462982178,0.9999998807907104,2,A,A,092,110,male,male,black,black,short,short,average,average
hybrid,3,/data/datasets/PRCC/prcc/rgb/train/092/A_cropped_rgb205.jpg,/data/datasets/PRCC/prcc/rgb/train/114/B_cropped_rgb144.jpg,0,11,0.8728741407394409,0.9999998807907104,3,A,B,092,114,male,male,black,black,short,short,average,average
hybrid,4,/data/datasets/PRCC/prcc/rgb/train/092/A_cropped_rgb205.jpg,/data/datasets/PRCC/prcc/rgb/train/185/A_cropped_rgb019.jpg,0,48,0.6943998336791992,0.9999998807907104,4,A,A,092,185,male,male,black,black,short,short,average,average
hybrid,5,/data/datasets/PRCC/prcc/rgb/train/092/A_cropped_rgb205.jpg,/data/datasets/PRCC/prcc/rgb/train/114/B_cropped_rgb151.jpg,0,11,0.8679725527763367,0.9999998807907104,5,A,B,092,114,male,male,black,black,short,short,average,average
visual,1,/data/datasets/PRCC/prcc/rgb/train/092/A_cropped_rgb208.jpg,/data/datasets/PRCC/prcc/rgb/train/149/B_cropped_rgb583.jpg,0,24,0.8883233666419983,0.9999998807907104,,A,B,092,149,male,male,black,black,short,short,average,average
visual,2,/data/datasets/PRCC/prcc/rgb/train/092/A_cropped_rgb208.jpg,/data/datasets/PRCC/prcc/rgb/train/114/B_cropped_rgb144.jpg,0,11,0.8836800456047058,0.9999998807907104,,A,B,092,114,male,male,black,black,short,short,average,average
visual,3,/data/datasets/PRCC/prcc/rgb/train/092/A_cropped_rgb208.jpg,/data/datasets/PRCC/prcc/rgb/train/114/B_cropped_rgb151.jpg,0,11,0.8689283132553101,0.9999998807907104,,A,B,092,114,male,male,black,black,short,short,average,average
visual,4,/data/datasets/PRCC/prcc/rgb/train/092/A_cropped_rgb208.jpg,/data/datasets/PRCC/prcc/rgb/train/193/A_cropped_rgb028.jpg,0,51,0.8685088157653809,0.9999998807907104,,A,A,092,193,male,male,black,black,short,short,average,average
visual,5,/data/datasets/PRCC/prcc/rgb/train/092/A_cropped_rgb208.jpg,/data/datasets/PRCC/prcc/rgb/train/193/A_cropped_rgb016.jpg,0,51,0.8671234250068665,0.9999998807907104,,A,A,092,193,male,male,black,black,short,short,average,average
semantic,1,/data/datasets/PRCC/prcc/rgb/train/092/A_cropped_rgb208.jpg,/data/datasets/PRCC/prcc/rgb/train/149/B_cropped_rgb583.jpg,0,24,0.8883233666419983,0.9999998807907104,,A,B,092,149,male,male,black,black,short,short,average,average
semantic,2,/data/datasets/PRCC/prcc/rgb/train/092/A_cropped_rgb208.jpg,/data/datasets/PRCC/prcc/rgb/train/110/A_cropped_rgb517.jpg,0,8,0.6129128336906433,0.9999998807907104,,A,A,092,110,male,male,black,black,short,short,average,average
semantic,3,/data/datasets/PRCC/prcc/rgb/train/092/A_cropped_rgb208.jpg,/data/datasets/PRCC/prcc/rgb/train/185/A_cropped_rgb019.jpg,0,48,0.6958369612693787,0.9999998807907104,,A,A,092,185,male,male,black,black,short,short,average,average
semantic,4,/data/datasets/PRCC/prcc/rgb/train/092/A_cropped_rgb208.jpg,/data/datasets/PRCC/prcc/rgb/train/300/C_cropped_rgb171.jpg,0,133,0.7310154438018799,0.9999998807907104,,A,C,092,300C,male,male,black,black,short,short,average,average
semantic,5,/data/datasets/PRCC/prcc/rgb/train/092/A_cropped_rgb208.jpg,/data/datasets/PRCC/prcc/rgb/train/177/C_cropped_rgb475.jpg,0,42,0.6612287759780884,0.9999998807907104,,A,C,092,177C,male,male,black,black,short,short,average,average
hybrid,1,/data/datasets/PRCC/prcc/rgb/train/092/A_cropped_rgb208.jpg,/data/datasets/PRCC/prcc/rgb/train/149/B_cropped_rgb583.jpg,0,24,0.8883233666419983,0.9999998807907104,1,A,B,092,149,male,male,black,black,short,short,average,average
hybrid,2,/data/datasets/PRCC/prcc/rgb/train/092/A_cropped_rgb208.jpg,/data/datasets/PRCC/prcc/rgb/train/110/A_cropped_rgb517.jpg,0,8,0.6129128336906433,0.9999998807907104,2,A,A,092,110,male,male,black,black,short,short,average,average
hybrid,3,/data/datasets/PRCC/prcc/rgb/train/092/A_cropped_rgb208.jpg,/data/datasets/PRCC/prcc/rgb/train/114/B_cropped_rgb144.jpg,0,11,0.8836800456047058,0.9999998807907104,3,A,B,092,114,male,male,black,black,short,short,average,average
hybrid,4,/data/datasets/PRCC/prcc/rgb/train/092/A_cropped_rgb208.jpg,/data/datasets/PRCC/prcc/rgb/train/185/A_cropped_rgb019.jpg,0,48,0.6958369612693787,0.9999998807907104,4,A,A,092,185,male,male,black,black,short,short,average,average
hybrid,5,/data/datasets/PRCC/prcc/rgb/train/092/A_cropped_rgb208.jpg,/data/datasets/PRCC/prcc/rgb/train/114/B_cropped_rgb151.jpg,0,11,0.8689283132553101,0.9999998807907104,5,A,B,092,114,male,male,black,black,short,short,average,average
visual,1,/data/datasets/PRCC/prcc/rgb/train/092/A_cropped_rgb217.jpg,/data/datasets/PRCC/prcc/rgb/train/114/B_cropped_rgb144.jpg,0,11,0.8715783357620239,0.9999998807907104,,A,B,092,114,male,male,black,black,short,short,average,average
visual,2,/data/datasets/PRCC/prcc/rgb/train/092/A_cropped_rgb217.jpg,/data/datasets/PRCC/prcc/rgb/train/149/B_cropped_rgb583.jpg,0,24,0.8711629509925842,0.9999998807907104,,A,B,092,149,male,male,black,black,short,short,average,average
visual,3,/data/datasets/PRCC/prcc/rgb/train/092/A_cropped_rgb217.jpg,/data/datasets/PRCC/prcc/rgb/train/149/A_cropped_rgb046.jpg,0,24,0.8617360591888428,0.9999998807907104,,A,A,092,149,male,male,black,black,short,short,average,average
visual,4,/data/datasets/PRCC/prcc/rgb/train/092/A_cropped_rgb217.jpg,/data/datasets/PRCC/prcc/rgb/train/193/A_cropped_rgb385.jpg,0,51,0.8597612380981445,0.9999998807907104,,A,A,092,193,male,male,black,black,short,short,average,average
visual,5,/data/datasets/PRCC/prcc/rgb/train/092/A_cropped_rgb217.jpg,/data/datasets/PRCC/prcc/rgb/train/193/A_cropped_rgb028.jpg,0,51,0.8572983145713806,0.9999998807907104,,A,A,092,193,male,male,black,black,short,short,average,average
semantic,1,/data/datasets/PRCC/prcc/rgb/train/092/A_cropped_rgb217.jpg,/data/datasets/PRCC/prcc/rgb/train/149/B_cropped_rgb583.jpg,0,24,0.8711629509925842,0.9999998807907104,,A,B,092,149,male,male,black,black,short,short,average,average
semantic,2,/data/datasets/PRCC/prcc/rgb/train/092/A_cropped_rgb217.jpg,/data/datasets/PRCC/prcc/rgb/train/110/A_cropped_rgb517.jpg,0,8,0.6596772074699402,0.9999998807907104,,A,A,092,110,male,male,black,black,short,short,average,average
semantic,3,/data/datasets/PRCC/prcc/rgb/train/092/A_cropped_rgb217.jpg,/data/datasets/PRCC/prcc/rgb/train/185/A_cropped_rgb019.jpg,0,48,0.6801455020904541,0.9999998807907104,,A,A,092,185,male,male,black,black,short,short,average,average
semantic,4,/data/datasets/PRCC/prcc/rgb/train/092/A_cropped_rgb217.jpg,/data/datasets/PRCC/prcc/rgb/train/300/C_cropped_rgb171.jpg,0,133,0.756064772605896,0.9999998807907104,,A,C,092,300C,male,male,black,black,short,short,average,average
semantic,5,/data/datasets/PRCC/prcc/rgb/train/092/A_cropped_rgb217.jpg,/data/datasets/PRCC/prcc/rgb/train/177/C_cropped_rgb475.jpg,0,42,0.6840071082115173,0.9999998807907104,,A,C,092,177C,male,male,black,black,short,short,average,average
hybrid,1,/data/datasets/PRCC/prcc/rgb/train/092/A_cropped_rgb217.jpg,/data/datasets/PRCC/prcc/rgb/train/149/B_cropped_rgb583.jpg,0,24,0.8711629509925842,0.9999998807907104,1,A,B,092,149,male,male,black,black,short,short,average,average
hybrid,2,/data/datasets/PRCC/prcc/rgb/train/092/A_cropped_rgb217.jpg,/data/datasets/PRCC/prcc/rgb/train/114/B_cropped_rgb144.jpg,0,11,0.8715783357620239,0.9999998807907104,2,A,B,092,114,male,male,black,black,short,short,average,average
hybrid,3,/data/datasets/PRCC/prcc/rgb/train/092/A_cropped_rgb217.jpg,/data/datasets/PRCC/prcc/rgb/train/110/A_cropped_rgb517.jpg,0,8,0.6596772074699402,0.9999998807907104,3,A,A,092,110,male,male,black,black,short,short,average,average
hybrid,4,/data/datasets/PRCC/prcc/rgb/train/092/A_cropped_rgb217.jpg,/data/datasets/PRCC/prcc/rgb/train/185/A_cropped_rgb019.jpg,0,48,0.6801455020904541,0.9999998807907104,4,A,A,092,185,male,male,black,black,short,short,average,average
hybrid,5,/data/datasets/PRCC/prcc/rgb/train/092/A_cropped_rgb217.jpg,/data/datasets/PRCC/prcc/rgb/train/149/A_cropped_rgb046.jpg,0,24,0.8617360591888428,0.9999998807907104,5,A,A,092,149,male,male,black,black,short,short,average,average
visual,1,/data/datasets/PRCC/prcc/rgb/train/092/A_cropped_rgb226.jpg,/data/datasets/PRCC/prcc/rgb/train/193/A_cropped_rgb379.jpg,0,51,0.8882112503051758,0.9999998807907104,,A,A,092,193,male,male,black,black,short,short,average,average
visual,2,/data/datasets/PRCC/prcc/rgb/train/092/A_cropped_rgb226.jpg,/data/datasets/PRCC/prcc/rgb/train/193/A_cropped_rgb028.jpg,0,51,0.887341320514679,0.9999998807907104,,A,A,092,193,male,male,black,black,short,short,average,average
visual,3,/data/datasets/PRCC/prcc/rgb/train/092/A_cropped_rgb226.jpg,/data/datasets/PRCC/prcc/rgb/train/193/A_cropped_rgb385.jpg,0,51,0.8855890035629272,0.9999998807907104,,A,A,092,193,male,male,black,black,short,short,average,average
visual,4,/data/datasets/PRCC/prcc/rgb/train/092/A_cropped_rgb226.jpg,/data/datasets/PRCC/prcc/rgb/train/193/A_cropped_rgb001.jpg,0,51,0.8836715221405029,0.9999998807907104,,A,A,092,193,male,male,black,black,short,short,average,average
visual,5,/data/datasets/PRCC/prcc/rgb/train/092/A_cropped_rgb226.jpg,/data/datasets/PRCC/prcc/rgb/train/193/A_cropped_rgb025.jpg,0,51,0.8834821581840515,0.9999998807907104,,A,A,092,193,male,male,black,black,short,short,average,average
semantic,1,/data/datasets/PRCC/prcc/rgb/train/092/A_cropped_rgb226.jpg,/data/datasets/PRCC/prcc/rgb/train/149/B_cropped_rgb583.jpg,0,24,0.878731906414032,0.9999998807907104,,A,B,092,149,male,male,black,black,short,short,average,average
semantic,2,/data/datasets/PRCC/prcc/rgb/train/092/A_cropped_rgb226.jpg,/data/datasets/PRCC/prcc/rgb/train/110/A_cropped_rgb517.jpg,0,8,0.6528785228729248,0.9999998807907104,,A,A,092,110,male,male,black,black,short,short,average,average
semantic,3,/data/datasets/PRCC/prcc/rgb/train/092/A_cropped_rgb226.jpg,/data/datasets/PRCC/prcc/rgb/train/185/A_cropped_rgb019.jpg,0,48,0.71490478515625,0.9999998807907104,,A,A,092,185,male,male,black,black,short,short,average,average
semantic,4,/data/datasets/PRCC/prcc/rgb/train/092/A_cropped_rgb226.jpg,/data/datasets/PRCC/prcc/rgb/train/300/C_cropped_rgb171.jpg,0,133,0.7397624254226685,0.9999998807907104,,A,C,092,300C,male,male,black,black,short,short,average,average
semantic,5,/data/datasets/PRCC/prcc/rgb/train/092/A_cropped_rgb226.jpg,/data/datasets/PRCC/prcc/rgb/train/177/C_cropped_rgb475.jpg,0,42,0.6311222314834595,0.9999998807907104,,A,C,092,177C,male,male,black,black,short,short,average,average
hybrid,1,/data/datasets/PRCC/prcc/rgb/train/092/A_cropped_rgb226.jpg,/data/datasets/PRCC/prcc/rgb/train/149/B_cropped_rgb583.jpg,0,24,0.878731906414032,0.9999998807907104,1,A,B,092,149,male,male,black,black,short,short,average,average
hybrid,2,/data/datasets/PRCC/prcc/rgb/train/092/A_cropped_rgb226.jpg,/data/datasets/PRCC/prcc/rgb/train/193/A_cropped_rgb379.jpg,0,51,0.8882112503051758,0.9999998807907104,2,A,A,092,193,male,male,black,black,short,short,average,average
hybrid,3,/data/datasets/PRCC/prcc/rgb/train/092/A_cropped_rgb226.jpg,/data/datasets/PRCC/prcc/rgb/train/110/A_cropped_rgb517.jpg,0,8,0.6528785228729248,0.9999998807907104,3,A,A,092,110,male,male,black,black,short,short,average,average
hybrid,4,/data/datasets/PRCC/prcc/rgb/train/092/A_cropped_rgb226.jpg,/data/datasets/PRCC/prcc/rgb/train/193/A_cropped_rgb028.jpg,0,51,0.887341320514679,0.9999998807907104,4,A,A,092,193,male,male,black,black,short,short,average,average
hybrid,5,/data/datasets/PRCC/prcc/rgb/train/092/A_cropped_rgb226.jpg,/data/datasets/PRCC/prcc/rgb/train/185/A_cropped_rgb019.jpg,0,48,0.71490478515625,0.9999998807907104,5,A,A,092,185,male,male,black,black,short,short,average,average
visual,1,/data/datasets/PRCC/prcc/rgb/train/092/A_cropped_rgb232.jpg,/data/datasets/PRCC/prcc/rgb/train/206/C_cropped_rgb464.jpg,0,61,0.8821002244949341,0.9999998807907104,,A,C,092,206C,male,male,black,black,short,short,average,average
visual,2,/data/datasets/PRCC/prcc/rgb/train/092/A_cropped_rgb232.jpg,/data/datasets/PRCC/prcc/rgb/train/193/A_cropped_rgb028.jpg,0,51,0.8773327469825745,0.9999998807907104,,A,A,092,193,male,male,black,black,short,short,average,average
visual,3,/data/datasets/PRCC/prcc/rgb/train/092/A_cropped_rgb232.jpg,/data/datasets/PRCC/prcc/rgb/train/193/A_cropped_rgb385.jpg,0,51,0.8765474557876587,0.9999998807907104,,A,A,092,193,male,male,black,black,short,short,average,average
visual,4,/data/datasets/PRCC/prcc/rgb/train/092/A_cropped_rgb232.jpg,/data/datasets/PRCC/prcc/rgb/train/149/A_cropped_rgb046.jpg,0,24,0.8740056753158569,0.9999998807907104,,A,A,092,149,male,male,black,black,short,short,average,average
visual,5,/data/datasets/PRCC/prcc/rgb/train/092/A_cropped_rgb232.jpg,/data/datasets/PRCC/prcc/rgb/train/193/A_cropped_rgb025.jpg,0,51,0.8732735514640808,0.9999998807907104,,A,A,092,193,male,male,black,black,short,short,average,average
semantic,1,/data/datasets/PRCC/prcc/rgb/train/092/A_cropped_rgb232.jpg,/data/datasets/PRCC/prcc/rgb/train/149/B_cropped_rgb583.jpg,0,24,0.862834632396698,0.9999998807907104,,A,B,092,149,male,male,black,black,short,short,average,average
semantic,2,/data/datasets/PRCC/prcc/rgb/train/092/A_cropped_rgb232.jpg,/data/datasets/PRCC/prcc/rgb/train/110/A_cropped_rgb517.jpg,0,8,0.6810329556465149,0.9999998807907104,,A,A,092,110,male,male,black,black,short,short,average,average
semantic,3,/data/datasets/PRCC/prcc/rgb/train/092/A_cropped_rgb232.jpg,/data/datasets/PRCC/prcc/rgb/train/185/A_cropped_rgb019.jpg,0,48,0.7193728685379028,0.9999998807907104,,A,A,092,185,male,male,black,black,short,short,average,average
semantic,4,/data/datasets/PRCC/prcc/rgb/train/092/A_cropped_rgb232.jpg,/data/datasets/PRCC/prcc/rgb/train/300/C_cropped_rgb171.jpg,0,133,0.7162682414054871,0.9999998807907104,,A,C,092,300C,male,male,black,black,short,short,average,average
semantic,5,/data/datasets/PRCC/prcc/rgb/train/092/A_cropped_rgb232.jpg,/data/datasets/PRCC/prcc/rgb/train/177/C_cropped_rgb475.jpg,0,42,0.6605745553970337,0.9999998807907104,,A,C,092,177C,male,male,black,black,short,short,average,average
hybrid,1,/data/datasets/PRCC/prcc/rgb/train/092/A_cropped_rgb232.jpg,/data/datasets/PRCC/prcc/rgb/train/149/B_cropped_rgb583.jpg,0,24,0.862834632396698,0.9999998807907104,1,A,B,092,149,male,male,black,black,short,short,average,average
hybrid,2,/data/datasets/PRCC/prcc/rgb/train/092/A_cropped_rgb232.jpg,/data/datasets/PRCC/prcc/rgb/train/206/C_cropped_rgb464.jpg,0,61,0.8821002244949341,0.9999998807907104,2,A,C,092,206C,male,male,black,black,short,short,average,average
hybrid,3,/data/datasets/PRCC/prcc/rgb/train/092/A_cropped_rgb232.jpg,/data/datasets/PRCC/prcc/rgb/train/110/A_cropped_rgb517.jpg,0,8,0.6810329556465149,0.9999998807907104,3,A,A,092,110,male,male,black,black,short,short,average,average
hybrid,4,/data/datasets/PRCC/prcc/rgb/train/092/A_cropped_rgb232.jpg,/data/datasets/PRCC/prcc/rgb/train/193/A_cropped_rgb028.jpg,0,51,0.8773327469825745,0.9999998807907104,4,A,A,092,193,male,male,black,black,short,short,average,average
hybrid,5,/data/datasets/PRCC/prcc/rgb/train/092/A_cropped_rgb232.jpg,/data/datasets/PRCC/prcc/rgb/train/185/A_cropped_rgb019.jpg,0,48,0.7193728685379028,0.9999998807907104,5,A,A,092,185,male,male,black,black,short,short,average,average
visual,1,/data/datasets/PRCC/prcc/rgb/train/092/A_cropped_rgb238.jpg,/data/datasets/PRCC/prcc/rgb/train/193/A_cropped_rgb385.jpg,0,51,0.8936567306518555,0.9954804182052612,,A,A,092,193,male,male,black,black,short,short,slim,average
visual,2,/data/datasets/PRCC/prcc/rgb/train/092/A_cropped_rgb238.jpg,/data/datasets/PRCC/prcc/rgb/train/193/A_cropped_rgb379.jpg,0,51,0.8917962312698364,0.9954804182052612,,A,A,092,193,male,male,black,black,short,short,slim,average
visual,3,/data/datasets/PRCC/prcc/rgb/train/092/A_cropped_rgb238.jpg,/data/datasets/PRCC/prcc/rgb/train/193/A_cropped_rgb028.jpg,0,51,0.888853132724762,0.9954804182052612,,A,A,092,193,male,male,black,black,short,short,slim,average
visual,4,/data/datasets/PRCC/prcc/rgb/train/092/A_cropped_rgb238.jpg,/data/datasets/PRCC/prcc/rgb/train/193/A_cropped_rgb025.jpg,0,51,0.8854668736457825,0.9954804182052612,,A,A,092,193,male,male,black,black,short,short,slim,average
visual,5,/data/datasets/PRCC/prcc/rgb/train/092/A_cropped_rgb238.jpg,/data/datasets/PRCC/prcc/rgb/train/193/A_cropped_rgb001.jpg,0,51,0.8832687139511108,0.9954804182052612,,A,A,092,193,male,male,black,black,short,short,slim,average
semantic,1,/data/datasets/PRCC/prcc/rgb/train/092/A_cropped_rgb238.jpg,/data/datasets/PRCC/prcc/rgb/train/253/B_cropped_rgb078.jpg,0,95,0.764846920967102,1.0000001192092896,,A,B,092,253,male,male,black,black,short,short,slim,slim
semantic,2,/data/datasets/PRCC/prcc/rgb/train/092/A_cropped_rgb238.jpg,/data/datasets/PRCC/prcc/rgb/train/301/A_cropped_rgb484.jpg,0,134,0.748780369758606,1.0000001192092896,,A,A,092,301,male,male,black,black,short,short,slim,slim
semantic,3,/data/datasets/PRCC/prcc/rgb/train/092/A_cropped_rgb238.jpg,/data/datasets/PRCC/prcc/rgb/train/251/C_cropped_rgb463.jpg,0,93,0.6289304494857788,1.0000001192092896,,A,C,092,251C,male,male,black,black,short,short,slim,slim
semantic,4,/data/datasets/PRCC/prcc/rgb/train/092/A_cropped_rgb238.jpg,/data/datasets/PRCC/prcc/rgb/train/189/B_cropped_rgb247.jpg,0,49,0.6921073198318481,1.0000001192092896,,A,B,092,189,male,male,black,black,short,short,slim,slim
semantic,5,/data/datasets/PRCC/prcc/rgb/train/092/A_cropped_rgb238.jpg,/data/datasets/PRCC/prcc/rgb/train/299/B_cropped_rgb211.jpg,0,132,0.7290046215057373,1.0000001192092896,,A,B,092,299,male,male,black,black,short,short,slim,slim
hybrid,1,/data/datasets/PRCC/prcc/rgb/train/092/A_cropped_rgb238.jpg,/data/datasets/PRCC/prcc/rgb/train/253/B_cropped_rgb078.jpg,0,95,0.764846920967102,1.0000001192092896,1,A,B,092,253,male,male,black,black,short,short,slim,slim
hybrid,2,/data/datasets/PRCC/prcc/rgb/train/092/A_cropped_rgb238.jpg,/data/datasets/PRCC/prcc/rgb/train/193/A_cropped_rgb385.jpg,0,51,0.8936567306518555,0.9954804182052612,2,A,A,092,193,male,male,black,black,short,short,slim,average
hybrid,3,/data/datasets/PRCC/prcc/rgb/train/092/A_cropped_rgb238.jpg,/data/datasets/PRCC/prcc/rgb/train/301/A_cropped_rgb484.jpg,0,134,0.748780369758606,1.0000001192092896,3,A,A,092,301,male,male,black,black,short,short,slim,slim
hybrid,4,/data/datasets/PRCC/prcc/rgb/train/092/A_cropped_rgb238.jpg,/data/datasets/PRCC/prcc/rgb/train/193/A_cropped_rgb379.jpg,0,51,0.8917962312698364,0.9954804182052612,4,A,A,092,193,male,male,black,black,short,short,slim,average
hybrid,5,/data/datasets/PRCC/prcc/rgb/train/092/A_cropped_rgb238.jpg,/data/datasets/PRCC/prcc/rgb/train/251/C_cropped_rgb463.jpg,0,93,0.6289304494857788,1.0000001192092896,5,A,C,092,251C,male,male,black,black,short,short,slim,slim
visual,1,/data/datasets/PRCC/prcc/rgb/train/092/A_cropped_rgb361.jpg,/data/datasets/PRCC/prcc/rgb/train/193/A_cropped_rgb025.jpg,0,51,0.8919439315795898,0.9987469911575317,,A,A,092,193,male,male,dark,black,short,short,average,average
visual,2,/data/datasets/PRCC/prcc/rgb/train/092/A_cropped_rgb361.jpg,/data/datasets/PRCC/prcc/rgb/train/193/A_cropped_rgb028.jpg,0,51,0.8911874294281006,0.9987469911575317,,A,A,092,193,male,male,dark,black,short,short,average,average
visual,3,/data/datasets/PRCC/prcc/rgb/train/092/A_cropped_rgb361.jpg,/data/datasets/PRCC/prcc/rgb/train/193/A_cropped_rgb001.jpg,0,51,0.8840239644050598,0.9987469911575317,,A,A,092,193,male,male,dark,black,short,short,average,average
visual,4,/data/datasets/PRCC/prcc/rgb/train/092/A_cropped_rgb361.jpg,/data/datasets/PRCC/prcc/rgb/train/154/A_cropped_rgb013.jpg,0,27,0.8837077021598816,0.9987469911575317,,A,A,092,154,male,male,dark,black,short,short,average,average
visual,5,/data/datasets/PRCC/prcc/rgb/train/092/A_cropped_rgb361.jpg,/data/datasets/PRCC/prcc/rgb/train/284/B_cropped_rgb028.jpg,0,117,0.8822473287582397,0.9987469911575317,,A,B,092,284,male,male,dark,black,short,short,average,average
semantic,1,/data/datasets/PRCC/prcc/rgb/train/092/A_cropped_rgb361.jpg,/data/datasets/PRCC/prcc/rgb/train/206/A_cropped_rgb007.jpg,0,61,0.7210369110107422,1.0,,A,A,092,206,male,male,dark,dark,short,short,average,average
semantic,2,/data/datasets/PRCC/prcc/rgb/train/092/A_cropped_rgb361.jpg,/data/datasets/PRCC/prcc/rgb/train/205/A_cropped_rgb316.jpg,0,60,0.6568872332572937,1.0,,A,A,092,205,male,male,dark,dark,short,short,average,average
semantic,3,/data/datasets/PRCC/prcc/rgb/train/092/A_cropped_rgb361.jpg,/data/datasets/PRCC/prcc/rgb/train/102/A_cropped_rgb568.jpg,0,3,0.7358493804931641,1.0,,A,A,092,102,male,male,dark,dark,short,short,average,average
semantic,4,/data/datasets/PRCC/prcc/rgb/train/092/A_cropped_rgb361.jpg,/data/datasets/PRCC/prcc/rgb/train/164/C_cropped_rgb358.jpg,0,33,0.7519455552101135,1.0,,A,C,092,164C,male,male,dark,dark,short,short,average,average
semantic,5,/data/datasets/PRCC/prcc/rgb/train/092/A_cropped_rgb361.jpg,/data/datasets/PRCC/prcc/rgb/train/284/C_cropped_rgb391.jpg,0,117,0.8316527009010315,1.0,,A,C,092,284C,male,male,dark,dark,short,short,average,average
hybrid,1,/data/datasets/PRCC/prcc/rgb/train/092/A_cropped_rgb361.jpg,/data/datasets/PRCC/prcc/rgb/train/206/A_cropped_rgb007.jpg,0,61,0.7210369110107422,1.0,1,A,A,092,206,male,male,dark,dark,short,short,average,average
hybrid,2,/data/datasets/PRCC/prcc/rgb/train/092/A_cropped_rgb361.jpg,/data/datasets/PRCC/prcc/rgb/train/193/A_cropped_rgb025.jpg,0,51,0.8919439315795898,0.9987469911575317,2,A,A,092,193,male,male,dark,black,short,short,average,average
hybrid,3,/data/datasets/PRCC/prcc/rgb/train/092/A_cropped_rgb361.jpg,/data/datasets/PRCC/prcc/rgb/train/205/A_cropped_rgb316.jpg,0,60,0.6568872332572937,1.0,3,A,A,092,205,male,male,dark,dark,short,short,average,average
hybrid,4,/data/datasets/PRCC/prcc/rgb/train/092/A_cropped_rgb361.jpg,/data/datasets/PRCC/prcc/rgb/train/193/A_cropped_rgb028.jpg,0,51,0.8911874294281006,0.9987469911575317,4,A,A,092,193,male,male,dark,black,short,short,average,average
hybrid,5,/data/datasets/PRCC/prcc/rgb/train/092/A_cropped_rgb361.jpg,/data/datasets/PRCC/prcc/rgb/train/102/A_cropped_rgb568.jpg,0,3,0.7358493804931641,1.0,5,A,A,092,102,male,male,dark,dark,short,short,average,average
visual,1,/data/datasets/PRCC/prcc/rgb/train/092/A_cropped_rgb364.jpg,/data/datasets/PRCC/prcc/rgb/train/193/A_cropped_rgb025.jpg,0,51,0.8923402428627014,0.9999998807907104,,A,A,092,193,male,male,black,black,short,short,average,average
visual,2,/data/datasets/PRCC/prcc/rgb/train/092/A_cropped_rgb364.jpg,/data/datasets/PRCC/prcc/rgb/train/193/A_cropped_rgb028.jpg,0,51,0.889355480670929,0.9999998807907104,,A,A,092,193,male,male,black,black,short,short,average,average
visual,3,/data/datasets/PRCC/prcc/rgb/train/092/A_cropped_rgb364.jpg,/data/datasets/PRCC/prcc/rgb/train/193/A_cropped_rgb016.jpg,0,51,0.8855666518211365,0.9999998807907104,,A,A,092,193,male,male,black,black,short,short,average,average
visual,4,/data/datasets/PRCC/prcc/rgb/train/092/A_cropped_rgb364.jpg,/data/datasets/PRCC/prcc/rgb/train/114/C_cropped_rgb571.jpg,0,11,0.8807728886604309,0.9999998807907104,,A,C,092,114C,male,male,black,black,short,short,average,average
visual,5,/data/datasets/PRCC/prcc/rgb/train/092/A_cropped_rgb364.jpg,/data/datasets/PRCC/prcc/rgb/train/193/A_cropped_rgb013.jpg,0,51,0.8778643608093262,0.9999998807907104,,A,A,092,193,male,male,black,black,short,short,average,average
semantic,1,/data/datasets/PRCC/prcc/rgb/train/092/A_cropped_rgb364.jpg,/data/datasets/PRCC/prcc/rgb/train/149/B_cropped_rgb583.jpg,0,24,0.8407155871391296,0.9999998807907104,,A,B,092,149,male,male,black,black,short,short,average,average
semantic,2,/data/datasets/PRCC/prcc/rgb/train/092/A_cropped_rgb364.jpg,/data/datasets/PRCC/prcc/rgb/train/110/A_cropped_rgb517.jpg,0,8,0.6471564769744873,0.9999998807907104,,A,A,092,110,male,male,black,black,short,short,average,average
semantic,3,/data/datasets/PRCC/prcc/rgb/train/092/A_cropped_rgb364.jpg,/data/datasets/PRCC/prcc/rgb/train/185/A_cropped_rgb019.jpg,0,48,0.6935644745826721,0.9999998807907104,,A,A,092,185,male,male,black,black,short,short,average,average
semantic,4,/data/datasets/PRCC/prcc/rgb/train/092/A_cropped_rgb364.jpg,/data/datasets/PRCC/prcc/rgb/train/300/C_cropped_rgb171.jpg,0,133,0.7744747400283813,0.9999998807907104,,A,C,092,300C,male,male,black,black,short,short,average,average
semantic,5,/data/datasets/PRCC/prcc/rgb/train/092/A_cropped_rgb364.jpg,/data/datasets/PRCC/prcc/rgb/train/177/C_cropped_rgb475.jpg,0,42,0.6304991245269775,0.9999998807907104,,A,C,092,177C,male,male,black,black,short,short,average,average
hybrid,1,/data/datasets/PRCC/prcc/rgb/train/092/A_cropped_rgb364.jpg,/data/datasets/PRCC/prcc/rgb/train/149/B_cropped_rgb583.jpg,0,24,0.8407155871391296,0.9999998807907104,1,A,B,092,149,male,male,black,black,short,short,average,average
hybrid,2,/data/datasets/PRCC/prcc/rgb/train/092/A_cropped_rgb364.jpg,/data/datasets/PRCC/prcc/rgb/train/193/A_cropped_rgb025.jpg,0,51,0.8923402428627014,0.9999998807907104,2,A,A,092,193,male,male,black,black,short,short,average,average
hybrid,3,/data/datasets/PRCC/prcc/rgb/train/092/A_cropped_rgb364.jpg,/data/datasets/PRCC/prcc/rgb/train/110/A_cropped_rgb517.jpg,0,8,0.6471564769744873,0.9999998807907104,3,A,A,092,110,male,male,black,black,short,short,average,average
hybrid,4,/data/datasets/PRCC/prcc/rgb/train/092/A_cropped_rgb364.jpg,/data/datasets/PRCC/prcc/rgb/train/193/A_cropped_rgb028.jpg,0,51,0.889355480670929,0.9999998807907104,4,A,A,092,193,male,male,black,black,short,short,average,average
hybrid,5,/data/datasets/PRCC/prcc/rgb/train/092/A_cropped_rgb364.jpg,/data/datasets/PRCC/prcc/rgb/train/185/A_cropped_rgb019.jpg,0,48,0.6935644745826721,0.9999998807907104,5,A,A,092,185,male,male,black,black,short,short,average,average
visual,1,/data/datasets/PRCC/prcc/rgb/train/092/A_cropped_rgb370.jpg,/data/datasets/PRCC/prcc/rgb/train/193/A_cropped_rgb025.jpg,0,51,0.898841381072998,0.9999998807907104,,A,A,092,193,male,male,black,black,short,short,average,average
visual,2,/data/datasets/PRCC/prcc/rgb/train/092/A_cropped_rgb370.jpg,/data/datasets/PRCC/prcc/rgb/train/193/A_cropped_rgb028.jpg,0,51,0.897156834602356,0.9999998807907104,,A,A,092,193,male,male,black,black,short,short,average,average
visual,3,/data/datasets/PRCC/prcc/rgb/train/092/A_cropped_rgb370.jpg,/data/datasets/PRCC/prcc/rgb/train/193/A_cropped_rgb400.jpg,0,51,0.8920958638191223,0.9999998807907104,,A,A,092,193,male,male,black,black,short,short,average,average
visual,4,/data/datasets/PRCC/prcc/rgb/train/092/A_cropped_rgb370.jpg,/data/datasets/PRCC/prcc/rgb/train/193/A_cropped_rgb379.jpg,0,51,0.8902056217193604,0.9999998807907104,,A,A,092,193,male,male,black,black,short,short,average,average
visual,5,/data/datasets/PRCC/prcc/rgb/train/092/A_cropped_rgb370.jpg,/data/datasets/PRCC/prcc/rgb/train/193/A_cropped_rgb001.jpg,0,51,0.8879566192626953,0.9999998807907104,,A,A,092,193,male,male,black,black,short,short,average,average
semantic,1,/data/datasets/PRCC/prcc/rgb/train/092/A_cropped_rgb370.jpg,/data/datasets/PRCC/prcc/rgb/train/149/B_cropped_rgb583.jpg,0,24,0.8574243783950806,0.9999998807907104,,A,B,092,149,male,male,black,black,short,short,average,average
semantic,2,/data/datasets/PRCC/prcc/rgb/train/092/A_cropped_rgb370.jpg,/data/datasets/PRCC/prcc/rgb/train/110/A_cropped_rgb517.jpg,0,8,0.6459836959838867,0.9999998807907104,,A,A,092,110,male,male,black,black,short,short,average,average
semantic,3,/data/datasets/PRCC/prcc/rgb/train/092/A_cropped_rgb370.jpg,/data/datasets/PRCC/prcc/rgb/train/185/A_cropped_rgb019.jpg,0,48,0.7077780961990356,0.9999998807907104,,A,A,092,185,male,male,black,black,short,short,average,average
semantic,4,/data/datasets/PRCC/prcc/rgb/train/092/A_cropped_rgb370.jpg,/data/datasets/PRCC/prcc/rgb/train/300/C_cropped_rgb171.jpg,0,133,0.7683233022689819,0.9999998807907104,,A,C,092,300C,male,male,black,black,short,short,average,average
semantic,5,/data/datasets/PRCC/prcc/rgb/train/092/A_cropped_rgb370.jpg,/data/datasets/PRCC/prcc/rgb/train/177/C_cropped_rgb475.jpg,0,42,0.6292235255241394,0.9999998807907104,,A,C,092,177C,male,male,black,black,short,short,average,average
hybrid,1,/data/datasets/PRCC/prcc/rgb/train/092/A_cropped_rgb370.jpg,/data/datasets/PRCC/prcc/rgb/train/149/B_cropped_rgb583.jpg,0,24,0.8574243783950806,0.9999998807907104,1,A,B,092,149,male,male,black,black,short,short,average,average
hybrid,2,/data/datasets/PRCC/prcc/rgb/train/092/A_cropped_rgb370.jpg,/data/datasets/PRCC/prcc/rgb/train/193/A_cropped_rgb025.jpg,0,51,0.898841381072998,0.9999998807907104,2,A,A,092,193,male,male,black,black,short,short,average,average
hybrid,3,/data/datasets/PRCC/prcc/rgb/train/092/A_cropped_rgb370.jpg,/data/datasets/PRCC/prcc/rgb/train/110/A_cropped_rgb517.jpg,0,8,0.6459836959838867,0.9999998807907104,3,A,A,092,110,male,male,black,black,short,short,average,average
hybrid,4,/data/datasets/PRCC/prcc/rgb/train/092/A_cropped_rgb370.jpg,/data/datasets/PRCC/prcc/rgb/train/193/A_cropped_rgb028.jpg,0,51,0.897156834602356,0.9999998807907104,4,A,A,092,193,male,male,black,black,short,short,average,average
hybrid,5,/data/datasets/PRCC/prcc/rgb/train/092/A_cropped_rgb370.jpg,/data/datasets/PRCC/prcc/rgb/train/185/A_cropped_rgb019.jpg,0,48,0.7077780961990356,0.9999998807907104,5,A,A,092,185,male,male,black,black,short,short,average,average
visual,1,/data/datasets/PRCC/prcc/rgb/train/092/A_cropped_rgb373.jpg,/data/datasets/PRCC/prcc/rgb/train/284/B_cropped_rgb028.jpg,0,117,0.8797003030776978,0.9999998807907104,,A,B,092,284,male,male,black,black,short,short,average,average
visual,2,/data/datasets/PRCC/prcc/rgb/train/092/A_cropped_rgb373.jpg,/data/datasets/PRCC/prcc/rgb/train/193/A_cropped_rgb025.jpg,0,51,0.8724493980407715,0.9999998807907104,,A,A,092,193,male,male,black,black,short,short,average,average
visual,3,/data/datasets/PRCC/prcc/rgb/train/092/A_cropped_rgb373.jpg,/data/datasets/PRCC/prcc/rgb/train/154/A_cropped_rgb013.jpg,0,27,0.8714509010314941,0.9999998807907104,,A,A,092,154,male,male,black,black,short,short,average,average
visual,4,/data/datasets/PRCC/prcc/rgb/train/092/A_cropped_rgb373.jpg,/data/datasets/PRCC/prcc/rgb/train/193/A_cropped_rgb028.jpg,0,51,0.8713379502296448,0.9999998807907104,,A,A,092,193,male,male,black,black,short,short,average,average
visual,5,/data/datasets/PRCC/prcc/rgb/train/092/A_cropped_rgb373.jpg,/data/datasets/PRCC/prcc/rgb/train/098/A_cropped_rgb022.jpg,0,2,0.8705501556396484,0.9999998807907104,,A,A,092,098,male,male,black,black,short,short,average,average
semantic,1,/data/datasets/PRCC/prcc/rgb/train/092/A_cropped_rgb373.jpg,/data/datasets/PRCC/prcc/rgb/train/149/B_cropped_rgb583.jpg,0,24,0.8300521373748779,0.9999998807907104,,A,B,092,149,male,male,black,black,short,short,average,average
semantic,2,/data/datasets/PRCC/prcc/rgb/train/092/A_cropped_rgb373.jpg,/data/datasets/PRCC/prcc/rgb/train/110/A_cropped_rgb517.jpg,0,8,0.6478490829467773,0.9999998807907104,,A,A,092,110,male,male,black,black,short,short,average,average
semantic,3,/data/datasets/PRCC/prcc/rgb/train/092/A_cropped_rgb373.jpg,/data/datasets/PRCC/prcc/rgb/train/185/A_cropped_rgb019.jpg,0,48,0.7074214220046997,0.9999998807907104,,A,A,092,185,male,male,black,black,short,short,average,average
semantic,4,/data/datasets/PRCC/prcc/rgb/train/092/A_cropped_rgb373.jpg,/data/datasets/PRCC/prcc/rgb/train/300/C_cropped_rgb171.jpg,0,133,0.7455328702926636,0.9999998807907104,,A,C,092,300C,male,male,black,black,short,short,average,average
semantic,5,/data/datasets/PRCC/prcc/rgb/train/092/A_cropped_rgb373.jpg,/data/datasets/PRCC/prcc/rgb/train/177/C_cropped_rgb475.jpg,0,42,0.6182053089141846,0.9999998807907104,,A,C,092,177C,male,male,black,black,short,short,average,average
hybrid,1,/data/datasets/PRCC/prcc/rgb/train/092/A_cropped_rgb373.jpg,/data/datasets/PRCC/prcc/rgb/train/149/B_cropped_rgb583.jpg,0,24,0.8300521373748779,0.9999998807907104,1,A,B,092,149,male,male,black,black,short,short,average,average
hybrid,2,/data/datasets/PRCC/prcc/rgb/train/092/A_cropped_rgb373.jpg,/data/datasets/PRCC/prcc/rgb/train/284/B_cropped_rgb028.jpg,0,117,0.8797003030776978,0.9999998807907104,2,A,B,092,284,male,male,black,black,short,short,average,average
hybrid,3,/data/datasets/PRCC/prcc/rgb/train/092/A_cropped_rgb373.jpg,/data/datasets/PRCC/prcc/rgb/train/110/A_cropped_rgb517.jpg,0,8,0.6478490829467773,0.9999998807907104,3,A,A,092,110,male,male,black,black,short,short,average,average
hybrid,4,/data/datasets/PRCC/prcc/rgb/train/092/A_cropped_rgb373.jpg,/data/datasets/PRCC/prcc/rgb/train/193/A_cropped_rgb025.jpg,0,51,0.8724493980407715,0.9999998807907104,4,A,A,092,193,male,male,black,black,short,short,average,average
hybrid,5,/data/datasets/PRCC/prcc/rgb/train/092/A_cropped_rgb373.jpg,/data/datasets/PRCC/prcc/rgb/train/185/A_cropped_rgb019.jpg,0,48,0.7074214220046997,0.9999998807907104,5,A,A,092,185,male,male,black,black,short,short,average,average
visual,1,/data/datasets/PRCC/prcc/rgb/train/092/A_cropped_rgb376.jpg,/data/datasets/PRCC/prcc/rgb/train/193/A_cropped_rgb025.jpg,0,51,0.8963086605072021,0.9999998807907104,,A,A,092,193,male,male,black,black,short,short,average,average
visual,2,/data/datasets/PRCC/prcc/rgb/train/092/A_cropped_rgb376.jpg,/data/datasets/PRCC/prcc/rgb/train/193/A_cropped_rgb028.jpg,0,51,0.891382098197937,0.9999998807907104,,A,A,092,193,male,male,black,black,short,short,average,average
visual,3,/data/datasets/PRCC/prcc/rgb/train/092/A_cropped_rgb376.jpg,/data/datasets/PRCC/prcc/rgb/train/193/A_cropped_rgb379.jpg,0,51,0.8855350613594055,0.9999998807907104,,A,A,092,193,male,male,black,black,short,short,average,average
visual,4,/data/datasets/PRCC/prcc/rgb/train/092/A_cropped_rgb376.jpg,/data/datasets/PRCC/prcc/rgb/train/193/A_cropped_rgb001.jpg,0,51,0.8834859132766724,0.9999998807907104,,A,A,092,193,male,male,black,black,short,short,average,average
visual,5,/data/datasets/PRCC/prcc/rgb/train/092/A_cropped_rgb376.jpg,/data/datasets/PRCC/prcc/rgb/train/193/A_cropped_rgb016.jpg,0,51,0.8810840845108032,0.9999998807907104,,A,A,092,193,male,male,black,black,short,short,average,average
semantic,1,/data/datasets/PRCC/prcc/rgb/train/092/A_cropped_rgb376.jpg,/data/datasets/PRCC/prcc/rgb/train/149/B_cropped_rgb583.jpg,0,24,0.8312992453575134,0.9999998807907104,,A,B,092,149,male,male,black,black,short,short,average,average
semantic,2,/data/datasets/PRCC/prcc/rgb/train/092/A_cropped_rgb376.jpg,/data/datasets/PRCC/prcc/rgb/train/110/A_cropped_rgb517.jpg,0,8,0.647240161895752,0.9999998807907104,,A,A,092,110,male,male,black,black,short,short,average,average
semantic,3,/data/datasets/PRCC/prcc/rgb/train/092/A_cropped_rgb376.jpg,/data/datasets/PRCC/prcc/rgb/train/185/A_cropped_rgb019.jpg,0,48,0.7138419151306152,0.9999998807907104,,A,A,092,185,male,male,black,black,short,short,average,average
semantic,4,/data/datasets/PRCC/prcc/rgb/train/092/A_cropped_rgb376.jpg,/data/datasets/PRCC/prcc/rgb/train/300/C_cropped_rgb171.jpg,0,133,0.7381795048713684,0.9999998807907104,,A,C,092,300C,male,male,black,black,short,short,average,average
semantic,5,/data/datasets/PRCC/prcc/rgb/train/092/A_cropped_rgb376.jpg,/data/datasets/PRCC/prcc/rgb/train/177/C_cropped_rgb475.jpg,0,42,0.6132546067237854,0.9999998807907104,,A,C,092,177C,male,male,black,black,short,short,average,average
hybrid,1,/data/datasets/PRCC/prcc/rgb/train/092/A_cropped_rgb376.jpg,/data/datasets/PRCC/prcc/rgb/train/149/B_cropped_rgb583.jpg,0,24,0.8312992453575134,0.9999998807907104,1,A,B,092,149,male,male,black,black,short,short,average,average
hybrid,2,/data/datasets/PRCC/prcc/rgb/train/092/A_cropped_rgb376.jpg,/data/datasets/PRCC/prcc/rgb/train/193/A_cropped_rgb025.jpg,0,51,0.8963086605072021,0.9999998807907104,2,A,A,092,193,male,male,black,black,short,short,average,average
hybrid,3,/data/datasets/PRCC/prcc/rgb/train/092/A_cropped_rgb376.jpg,/data/datasets/PRCC/prcc/rgb/train/110/A_cropped_rgb517.jpg,0,8,0.647240161895752,0.9999998807907104,3,A,A,092,110,male,male,black,black,short,short,average,average
hybrid,4,/data/datasets/PRCC/prcc/rgb/train/092/A_cropped_rgb376.jpg,/data/datasets/PRCC/prcc/rgb/train/193/A_cropped_rgb028.jpg,0,51,0.891382098197937,0.9999998807907104,4,A,A,092,193,male,male,black,black,short,short,average,average
hybrid,5,/data/datasets/PRCC/prcc/rgb/train/092/A_cropped_rgb376.jpg,/data/datasets/PRCC/prcc/rgb/train/185/A_cropped_rgb019.jpg,0,48,0.7138419151306152,0.9999998807907104,5,A,A,092,185,male,male,black,black,short,short,average,average
visual,1,/data/datasets/PRCC/prcc/rgb/train/092/A_cropped_rgb415.jpg,/data/datasets/PRCC/prcc/rgb/train/193/A_cropped_rgb028.jpg,0,51,0.8889222741127014,0.9999998807907104,,A,A,092,193,male,male,black,black,short,short,average,average
visual,2,/data/datasets/PRCC/prcc/rgb/train/092/A_cropped_rgb415.jpg,/data/datasets/PRCC/prcc/rgb/train/193/A_cropped_rgb025.jpg,0,51,0.8884999752044678,0.9999998807907104,,A,A,092,193,male,male,black,black,short,short,average,average
visual,3,/data/datasets/PRCC/prcc/rgb/train/092/A_cropped_rgb415.jpg,/data/datasets/PRCC/prcc/rgb/train/193/A_cropped_rgb385.jpg,0,51,0.8883776068687439,0.9999998807907104,,A,A,092,193,male,male,black,black,short,short,average,average
visual,4,/data/datasets/PRCC/prcc/rgb/train/092/A_cropped_rgb415.jpg,/data/datasets/PRCC/prcc/rgb/train/193/A_cropped_rgb001.jpg,0,51,0.8864063620567322,0.9999998807907104,,A,A,092,193,male,male,black,black,short,short,average,average
visual,5,/data/datasets/PRCC/prcc/rgb/train/092/A_cropped_rgb415.jpg,/data/datasets/PRCC/prcc/rgb/train/193/A_cropped_rgb379.jpg,0,51,0.8847134709358215,0.9999998807907104,,A,A,092,193,male,male,black,black,short,short,average,average
semantic,1,/data/datasets/PRCC/prcc/rgb/train/092/A_cropped_rgb415.jpg,/data/datasets/PRCC/prcc/rgb/train/149/B_cropped_rgb583.jpg,0,24,0.8714237809181213,0.9999998807907104,,A,B,092,149,male,male,black,black,short,short,average,average
semantic,2,/data/datasets/PRCC/prcc/rgb/train/092/A_cropped_rgb415.jpg,/data/datasets/PRCC/prcc/rgb/train/110/A_cropped_rgb517.jpg,0,8,0.6676398515701294,0.9999998807907104,,A,A,092,110,male,male,black,black,short,short,average,average
semantic,3,/data/datasets/PRCC/prcc/rgb/train/092/A_cropped_rgb415.jpg,/data/datasets/PRCC/prcc/rgb/train/185/A_cropped_rgb019.jpg,0,48,0.7023952603340149,0.9999998807907104,,A,A,092,185,male,male,black,black,short,short,average,average
semantic,4,/data/datasets/PRCC/prcc/rgb/train/092/A_cropped_rgb415.jpg,/data/datasets/PRCC/prcc/rgb/train/300/C_cropped_rgb171.jpg,0,133,0.7477015256881714,0.9999998807907104,,A,C,092,300C,male,male,black,black,short,short,average,average
semantic,5,/data/datasets/PRCC/prcc/rgb/train/092/A_cropped_rgb415.jpg,/data/datasets/PRCC/prcc/rgb/train/177/C_cropped_rgb475.jpg,0,42,0.6323325634002686,0.9999998807907104,,A,C,092,177C,male,male,black,black,short,short,average,average
hybrid,1,/data/datasets/PRCC/prcc/rgb/train/092/A_cropped_rgb415.jpg,/data/datasets/PRCC/prcc/rgb/train/149/B_cropped_rgb583.jpg,0,24,0.8714237809181213,0.9999998807907104,1,A,B,092,149,male,male,black,black,short,short,average,average
hybrid,2,/data/datasets/PRCC/prcc/rgb/train/092/A_cropped_rgb415.jpg,/data/datasets/PRCC/prcc/rgb/train/193/A_cropped_rgb028.jpg,0,51,0.8889222741127014,0.9999998807907104,2,A,A,092,193,male,male,black,black,short,short,average,average
hybrid,3,/data/datasets/PRCC/prcc/rgb/train/092/A_cropped_rgb415.jpg,/data/datasets/PRCC/prcc/rgb/train/110/A_cropped_rgb517.jpg,0,8,0.6676398515701294,0.9999998807907104,3,A,A,092,110,male,male,black,black,short,short,average,average
hybrid,4,/data/datasets/PRCC/prcc/rgb/train/092/A_cropped_rgb415.jpg,/data/datasets/PRCC/prcc/rgb/train/193/A_cropped_rgb025.jpg,0,51,0.8884999752044678,0.9999998807907104,4,A,A,092,193,male,male,black,black,short,short,average,average
hybrid,5,/data/datasets/PRCC/prcc/rgb/train/092/A_cropped_rgb415.jpg,/data/datasets/PRCC/prcc/rgb/train/185/A_cropped_rgb019.jpg,0,48,0.7023952603340149,0.9999998807907104,5,A,A,092,185,male,male,black,black,short,short,average,average
visual,1,/data/datasets/PRCC/prcc/rgb/train/092/A_cropped_rgb418.jpg,/data/datasets/PRCC/prcc/rgb/train/149/B_cropped_rgb583.jpg,0,24,0.8753643035888672,0.9999998807907104,,A,B,092,149,male,male,black,black,short,short,average,average
visual,2,/data/datasets/PRCC/prcc/rgb/train/092/A_cropped_rgb418.jpg,/data/datasets/PRCC/prcc/rgb/train/114/B_cropped_rgb144.jpg,0,11,0.8666566610336304,0.9999998807907104,,A,B,092,114,male,male,black,black,short,short,average,average
visual,3,/data/datasets/PRCC/prcc/rgb/train/092/A_cropped_rgb418.jpg,/data/datasets/PRCC/prcc/rgb/train/193/A_cropped_rgb028.jpg,0,51,0.8664161562919617,0.9999998807907104,,A,A,092,193,male,male,black,black,short,short,average,average
visual,4,/data/datasets/PRCC/prcc/rgb/train/092/A_cropped_rgb418.jpg,/data/datasets/PRCC/prcc/rgb/train/193/A_cropped_rgb025.jpg,0,51,0.865667998790741,0.9999998807907104,,A,A,092,193,male,male,black,black,short,short,average,average
visual,5,/data/datasets/PRCC/prcc/rgb/train/092/A_cropped_rgb418.jpg,/data/datasets/PRCC/prcc/rgb/train/193/A_cropped_rgb016.jpg,0,51,0.865111231803894,0.9999998807907104,,A,A,092,193,male,male,black,black,short,short,average,average
semantic,1,/data/datasets/PRCC/prcc/rgb/train/092/A_cropped_rgb418.jpg,/data/datasets/PRCC/prcc/rgb/train/149/B_cropped_rgb583.jpg,0,24,0.8753643035888672,0.9999998807907104,,A,B,092,149,male,male,black,black,short,short,average,average
semantic,2,/data/datasets/PRCC/prcc/rgb/train/092/A_cropped_rgb418.jpg,/data/datasets/PRCC/prcc/rgb/train/110/A_cropped_rgb517.jpg,0,8,0.6256420612335205,0.9999998807907104,,A,A,092,110,male,male,black,black,short,short,average,average
semantic,3,/data/datasets/PRCC/prcc/rgb/train/092/A_cropped_rgb418.jpg,/data/datasets/PRCC/prcc/rgb/train/185/A_cropped_rgb019.jpg,0,48,0.7171179056167603,0.9999998807907104,,A,A,092,185,male,male,black,black,short,short,average,average
semantic,4,/data/datasets/PRCC/prcc/rgb/train/092/A_cropped_rgb418.jpg,/data/datasets/PRCC/prcc/rgb/train/300/C_cropped_rgb171.jpg,0,133,0.7432712912559509,0.9999998807907104,,A,C,092,300C,male,male,black,black,short,short,average,average
semantic,5,/data/datasets/PRCC/prcc/rgb/train/092/A_cropped_rgb418.jpg,/data/datasets/PRCC/prcc/rgb/train/177/C_cropped_rgb475.jpg,0,42,0.6483701467514038,0.9999998807907104,,A,C,092,177C,male,male,black,black,short,short,average,average
hybrid,1,/data/datasets/PRCC/prcc/rgb/train/092/A_cropped_rgb418.jpg,/data/datasets/PRCC/prcc/rgb/train/149/B_cropped_rgb583.jpg,0,24,0.8753643035888672,0.9999998807907104,1,A,B,092,149,male,male,black,black,short,short,average,average
hybrid,2,/data/datasets/PRCC/prcc/rgb/train/092/A_cropped_rgb418.jpg,/data/datasets/PRCC/prcc/rgb/train/110/A_cropped_rgb517.jpg,0,8,0.6256420612335205,0.9999998807907104,2,A,A,092,110,male,male,black,black,short,short,average,average
hybrid,3,/data/datasets/PRCC/prcc/rgb/train/092/A_cropped_rgb418.jpg,/data/datasets/PRCC/prcc/rgb/train/114/B_cropped_rgb144.jpg,0,11,0.8666566610336304,0.9999998807907104,3,A,B,092,114,male,male,black,black,short,short,average,average
hybrid,4,/data/datasets/PRCC/prcc/rgb/train/092/A_cropped_rgb418.jpg,/data/datasets/PRCC/prcc/rgb/train/185/A_cropped_rgb019.jpg,0,48,0.7171179056167603,0.9999998807907104,4,A,A,092,185,male,male,black,black,short,short,average,average
hybrid,5,/data/datasets/PRCC/prcc/rgb/train/092/A_cropped_rgb418.jpg,/data/datasets/PRCC/prcc/rgb/train/193/A_cropped_rgb028.jpg,0,51,0.8664161562919617,0.9999998807907104,5,A,A,092,193,male,male,black,black,short,short,average,average
visual,1,/data/datasets/PRCC/prcc/rgb/train/092/A_cropped_rgb421.jpg,/data/datasets/PRCC/prcc/rgb/train/149/B_cropped_rgb583.jpg,0,24,0.8684253692626953,0.9999998807907104,,A,B,092,149,male,male,black,black,short,short,average,average
visual,2,/data/datasets/PRCC/prcc/rgb/train/092/A_cropped_rgb421.jpg,/data/datasets/PRCC/prcc/rgb/train/154/A_cropped_rgb013.jpg,0,27,0.860285758972168,0.9999998807907104,,A,A,092,154,male,male,black,black,short,short,average,average
visual,3,/data/datasets/PRCC/prcc/rgb/train/092/A_cropped_rgb421.jpg,/data/datasets/PRCC/prcc/rgb/train/114/C_cropped_rgb571.jpg,0,11,0.856474757194519,0.9999998807907104,,A,C,092,114C,male,male,black,black,short,short,average,average
visual,4,/data/datasets/PRCC/prcc/rgb/train/092/A_cropped_rgb421.jpg,/data/datasets/PRCC/prcc/rgb/train/114/B_cropped_rgb144.jpg,0,11,0.853327751159668,0.9999998807907104,,A,B,092,114,male,male,black,black,short,short,average,average
visual,5,/data/datasets/PRCC/prcc/rgb/train/092/A_cropped_rgb421.jpg,/data/datasets/PRCC/prcc/rgb/train/149/A_cropped_rgb046.jpg,0,24,0.8530396223068237,0.9999998807907104,,A,A,092,149,male,male,black,black,short,short,average,average
semantic,1,/data/datasets/PRCC/prcc/rgb/train/092/A_cropped_rgb421.jpg,/data/datasets/PRCC/prcc/rgb/train/149/B_cropped_rgb583.jpg,0,24,0.8684253692626953,0.9999998807907104,,A,B,092,149,male,male,black,black,short,short,average,average
semantic,2,/data/datasets/PRCC/prcc/rgb/train/092/A_cropped_rgb421.jpg,/data/datasets/PRCC/prcc/rgb/train/110/A_cropped_rgb517.jpg,0,8,0.6376742124557495,0.9999998807907104,,A,A,092,110,male,male,black,black,short,short,average,average
semantic,3,/data/datasets/PRCC/prcc/rgb/train/092/A_cropped_rgb421.jpg,/data/datasets/PRCC/prcc/rgb/train/185/A_cropped_rgb019.jpg,0,48,0.6945282816886902,0.9999998807907104,,A,A,092,185,male,male,black,black,short,short,average,average
semantic,4,/data/datasets/PRCC/prcc/rgb/train/092/A_cropped_rgb421.jpg,/data/datasets/PRCC/prcc/rgb/train/300/C_cropped_rgb171.jpg,0,133,0.7496030330657959,0.9999998807907104,,A,C,092,300C,male,male,black,black,short,short,average,average
semantic,5,/data/datasets/PRCC/prcc/rgb/train/092/A_cropped_rgb421.jpg,/data/datasets/PRCC/prcc/rgb/train/177/C_cropped_rgb475.jpg,0,42,0.6379991173744202,0.9999998807907104,,A,C,092,177C,male,male,black,black,short,short,average,average
hybrid,1,/data/datasets/PRCC/prcc/rgb/train/092/A_cropped_rgb421.jpg,/data/datasets/PRCC/prcc/rgb/train/149/B_cropped_rgb583.jpg,0,24,0.8684253692626953,0.9999998807907104,1,A,B,092,149,male,male,black,black,short,short,average,average
hybrid,2,/data/datasets/PRCC/prcc/rgb/train/092/A_cropped_rgb421.jpg,/data/datasets/PRCC/prcc/rgb/train/110/A_cropped_rgb517.jpg,0,8,0.6376742124557495,0.9999998807907104,2,A,A,092,110,male,male,black,black,short,short,average,average
hybrid,3,/data/datasets/PRCC/prcc/rgb/train/092/A_cropped_rgb421.jpg,/data/datasets/PRCC/prcc/rgb/train/154/A_cropped_rgb013.jpg,0,27,0.860285758972168,0.9999998807907104,3,A,A,092,154,male,male,black,black,short,short,average,average
hybrid,4,/data/datasets/PRCC/prcc/rgb/train/092/A_cropped_rgb421.jpg,/data/datasets/PRCC/prcc/rgb/train/185/A_cropped_rgb019.jpg,0,48,0.6945282816886902,0.9999998807907104,4,A,A,092,185,male,male,black,black,short,short,average,average
hybrid,5,/data/datasets/PRCC/prcc/rgb/train/092/A_cropped_rgb421.jpg,/data/datasets/PRCC/prcc/rgb/train/114/C_cropped_rgb571.jpg,0,11,0.856474757194519,0.9999998807907104,5,A,C,092,114C,male,male,black,black,short,short,average,average
visual,1,/data/datasets/PRCC/prcc/rgb/train/092/A_cropped_rgb467.jpg,/data/datasets/PRCC/prcc/rgb/train/098/C_cropped_rgb028.jpg,0,2,0.8781424760818481,0.9954804182052612,,A,C,092,098C,male,male,black,black,short,short,slim,average
visual,2,/data/datasets/PRCC/prcc/rgb/train/092/A_cropped_rgb467.jpg,/data/datasets/PRCC/prcc/rgb/train/098/C_cropped_rgb076.jpg,0,2,0.8778150677680969,0.9954804182052612,,A,C,092,098C,male,male,black,black,short,short,slim,average
visual,3,/data/datasets/PRCC/prcc/rgb/train/092/A_cropped_rgb467.jpg,/data/datasets/PRCC/prcc/rgb/train/098/C_cropped_rgb455.jpg,0,2,0.8765089511871338,0.9954804182052612,,A,C,092,098C,male,male,black,black,short,short,slim,average
visual,4,/data/datasets/PRCC/prcc/rgb/train/092/A_cropped_rgb467.jpg,/data/datasets/PRCC/prcc/rgb/train/098/C_cropped_rgb241.jpg,0,2,0.8718018531799316,1.0000001192092896,,A,C,092,098C,male,male,black,black,short,short,slim,slim
visual,5,/data/datasets/PRCC/prcc/rgb/train/092/A_cropped_rgb467.jpg,/data/datasets/PRCC/prcc/rgb/train/098/C_cropped_rgb037.jpg,0,2,0.8714758157730103,0.9954804182052612,,A,C,092,098C,male,male,black,black,short,short,slim,average
semantic,1,/data/datasets/PRCC/prcc/rgb/train/092/A_cropped_rgb467.jpg,/data/datasets/PRCC/prcc/rgb/train/253/B_cropped_rgb078.jpg,0,95,0.7354332208633423,1.0000001192092896,,A,B,092,253,male,male,black,black,short,short,slim,slim
semantic,2,/data/datasets/PRCC/prcc/rgb/train/092/A_cropped_rgb467.jpg,/data/datasets/PRCC/prcc/rgb/train/301/A_cropped_rgb484.jpg,0,134,0.7746155261993408,1.0000001192092896,,A,A,092,301,male,male,black,black,short,short,slim,slim
semantic,3,/data/datasets/PRCC/prcc/rgb/train/092/A_cropped_rgb467.jpg,/data/datasets/PRCC/prcc/rgb/train/251/C_cropped_rgb463.jpg,0,93,0.6394150257110596,1.0000001192092896,,A,C,092,251C,male,male,black,black,short,short,slim,slim
semantic,4,/data/datasets/PRCC/prcc/rgb/train/092/A_cropped_rgb467.jpg,/data/datasets/PRCC/prcc/rgb/train/189/B_cropped_rgb247.jpg,0,49,0.6875009536743164,1.0000001192092896,,A,B,092,189,male,male,black,black,short,short,slim,slim
semantic,5,/data/datasets/PRCC/prcc/rgb/train/092/A_cropped_rgb467.jpg,/data/datasets/PRCC/prcc/rgb/train/299/B_cropped_rgb211.jpg,0,132,0.7255275249481201,1.0000001192092896,,A,B,092,299,male,male,black,black,short,short,slim,slim
hybrid,1,/data/datasets/PRCC/prcc/rgb/train/092/A_cropped_rgb467.jpg,/data/datasets/PRCC/prcc/rgb/train/253/B_cropped_rgb078.jpg,0,95,0.7354332208633423,1.0000001192092896,1,A,B,092,253,male,male,black,black,short,short,slim,slim
hybrid,2,/data/datasets/PRCC/prcc/rgb/train/092/A_cropped_rgb467.jpg,/data/datasets/PRCC/prcc/rgb/train/098/C_cropped_rgb028.jpg,0,2,0.8781424760818481,0.9954804182052612,2,A,C,092,098C,male,male,black,black,short,short,slim,average
hybrid,3,/data/datasets/PRCC/prcc/rgb/train/092/A_cropped_rgb467.jpg,/data/datasets/PRCC/prcc/rgb/train/301/A_cropped_rgb484.jpg,0,134,0.7746155261993408,1.0000001192092896,3,A,A,092,301,male,male,black,black,short,short,slim,slim
hybrid,4,/data/datasets/PRCC/prcc/rgb/train/092/A_cropped_rgb467.jpg,/data/datasets/PRCC/prcc/rgb/train/098/C_cropped_rgb076.jpg,0,2,0.8778150677680969,0.9954804182052612,4,A,C,092,098C,male,male,black,black,short,short,slim,average
hybrid,5,/data/datasets/PRCC/prcc/rgb/train/092/A_cropped_rgb467.jpg,/data/datasets/PRCC/prcc/rgb/train/251/C_cropped_rgb463.jpg,0,93,0.6394150257110596,1.0000001192092896,5,A,C,092,251C,male,male,black,black,short,short,slim,slim
visual,1,/data/datasets/PRCC/prcc/rgb/train/092/B_cropped_rgb012.jpg,/data/datasets/PRCC/prcc/rgb/train/114/B_cropped_rgb151.jpg,0,11,0.9052818417549133,0.9999998807907104,,B,B,092,114,male,male,black,black,short,short,average,average
visual,2,/data/datasets/PRCC/prcc/rgb/train/092/B_cropped_rgb012.jpg,/data/datasets/PRCC/prcc/rgb/train/206/C_cropped_rgb464.jpg,0,61,0.8967291116714478,0.9999998807907104,,B,C,092,206C,male,male,black,black,short,short,average,average
visual,3,/data/datasets/PRCC/prcc/rgb/train/092/B_cropped_rgb012.jpg,/data/datasets/PRCC/prcc/rgb/train/193/A_cropped_rgb052.jpg,0,51,0.8942809700965881,0.9999998807907104,,B,A,092,193,male,male,black,black,short,short,average,average
visual,4,/data/datasets/PRCC/prcc/rgb/train/092/B_cropped_rgb012.jpg,/data/datasets/PRCC/prcc/rgb/train/114/B_cropped_rgb144.jpg,0,11,0.8938671350479126,0.9999998807907104,,B,B,092,114,male,male,black,black,short,short,average,average
visual,5,/data/datasets/PRCC/prcc/rgb/train/092/B_cropped_rgb012.jpg,/data/datasets/PRCC/prcc/rgb/train/114/C_cropped_rgb2205.jpg,0,11,0.8931810259819031,0.9999998807907104,,B,C,092,114C,male,male,black,black,short,short,average,average
semantic,1,/data/datasets/PRCC/prcc/rgb/train/092/B_cropped_rgb012.jpg,/data/datasets/PRCC/prcc/rgb/train/149/B_cropped_rgb583.jpg,0,24,0.844761312007904,0.9999998807907104,,B,B,092,149,male,male,black,black,short,short,average,average
semantic,2,/data/datasets/PRCC/prcc/rgb/train/092/B_cropped_rgb012.jpg,/data/datasets/PRCC/prcc/rgb/train/110/A_cropped_rgb517.jpg,0,8,0.6431262493133545,0.9999998807907104,,B,A,092,110,male,male,black,black,short,short,average,average
semantic,3,/data/datasets/PRCC/prcc/rgb/train/092/B_cropped_rgb012.jpg,/data/datasets/PRCC/prcc/rgb/train/185/A_cropped_rgb019.jpg,0,48,0.7702131867408752,0.9999998807907104,,B,A,092,185,male,male,black,black,short,short,average,average
semantic,4,/data/datasets/PRCC/prcc/rgb/train/092/B_cropped_rgb012.jpg,/data/datasets/PRCC/prcc/rgb/train/300/C_cropped_rgb171.jpg,0,133,0.7067745923995972,0.9999998807907104,,B,C,092,300C,male,male,black,black,short,short,average,average
semantic,5,/data/datasets/PRCC/prcc/rgb/train/092/B_cropped_rgb012.jpg,/data/datasets/PRCC/prcc/rgb/train/177/C_cropped_rgb475.jpg,0,42,0.6608203053474426,0.9999998807907104,,B,C,092,177C,male,male,black,black,short,short,average,average
hybrid,1,/data/datasets/PRCC/prcc/rgb/train/092/B_cropped_rgb012.jpg,/data/datasets/PRCC/prcc/rgb/train/149/B_cropped_rgb583.jpg,0,24,0.844761312007904,0.9999998807907104,1,B,B,092,149,male,male,black,black,short,short,average,average
hybrid,2,/data/datasets/PRCC/prcc/rgb/train/092/B_cropped_rgb012.jpg,/data/datasets/PRCC/prcc/rgb/train/114/B_cropped_rgb151.jpg,0,11,0.9052818417549133,0.9999998807907104,2,B,B,092,114,male,male,black,black,short,short,average,average
hybrid,3,/data/datasets/PRCC/prcc/rgb/train/092/B_cropped_rgb012.jpg,/data/datasets/PRCC/prcc/rgb/train/110/A_cropped_rgb517.jpg,0,8,0.6431262493133545,0.9999998807907104,3,B,A,092,110,male,male,black,black,short,short,average,average
hybrid,4,/data/datasets/PRCC/prcc/rgb/train/092/B_cropped_rgb012.jpg,/data/datasets/PRCC/prcc/rgb/train/206/C_cropped_rgb464.jpg,0,61,0.8967291116714478,0.9999998807907104,4,B,C,092,206C,male,male,black,black,short,short,average,average
hybrid,5,/data/datasets/PRCC/prcc/rgb/train/092/B_cropped_rgb012.jpg,/data/datasets/PRCC/prcc/rgb/train/185/A_cropped_rgb019.jpg,0,48,0.7702131867408752,0.9999998807907104,5,B,A,092,185,male,male,black,black,short,short,average,average
visual,1,/data/datasets/PRCC/prcc/rgb/train/092/B_cropped_rgb024.jpg,/data/datasets/PRCC/prcc/rgb/train/114/B_cropped_rgb151.jpg,0,11,0.9031416773796082,0.9999998807907104,,B,B,092,114,male,male,black,black,short,short,average,average
visual,2,/data/datasets/PRCC/prcc/rgb/train/092/B_cropped_rgb024.jpg,/data/datasets/PRCC/prcc/rgb/train/206/C_cropped_rgb464.jpg,0,61,0.8865797519683838,0.9999998807907104,,B,C,092,206C,male,male,black,black,short,short,average,average
visual,3,/data/datasets/PRCC/prcc/rgb/train/092/B_cropped_rgb024.jpg,/data/datasets/PRCC/prcc/rgb/train/114/C_cropped_rgb2205.jpg,0,11,0.8857594728469849,0.9999998807907104,,B,C,092,114C,male,male,black,black,short,short,average,average
visual,4,/data/datasets/PRCC/prcc/rgb/train/092/B_cropped_rgb024.jpg,/data/datasets/PRCC/prcc/rgb/train/114/B_cropped_rgb144.jpg,0,11,0.8836737871170044,0.9999998807907104,,B,B,092,114,male,male,black,black,short,short,average,average
visual,5,/data/datasets/PRCC/prcc/rgb/train/092/B_cropped_rgb024.jpg,/data/datasets/PRCC/prcc/rgb/train/193/A_cropped_rgb052.jpg,0,51,0.8832976818084717,0.9999998807907104,,B,A,092,193,male,male,black,black,short,short,average,average
semantic,1,/data/datasets/PRCC/prcc/rgb/train/092/B_cropped_rgb024.jpg,/data/datasets/PRCC/prcc/rgb/train/149/B_cropped_rgb583.jpg,0,24,0.8420470952987671,0.9999998807907104,,B,B,092,149,male,male,black,black,short,short,average,average
semantic,2,/data/datasets/PRCC/prcc/rgb/train/092/B_cropped_rgb024.jpg,/data/datasets/PRCC/prcc/rgb/train/110/A_cropped_rgb517.jpg,0,8,0.646090567111969,0.9999998807907104,,B,A,092,110,male,male,black,black,short,short,average,average
semantic,3,/data/datasets/PRCC/prcc/rgb/train/092/B_cropped_rgb024.jpg,/data/datasets/PRCC/prcc/rgb/train/185/A_cropped_rgb019.jpg,0,48,0.7711523771286011,0.9999998807907104,,B,A,092,185,male,male,black,black,short,short,average,average
semantic,4,/data/datasets/PRCC/prcc/rgb/train/092/B_cropped_rgb024.jpg,/data/datasets/PRCC/prcc/rgb/train/300/C_cropped_rgb171.jpg,0,133,0.6883572340011597,0.9999998807907104,,B,C,092,300C,male,male,black,black,short,short,average,average
semantic,5,/data/datasets/PRCC/prcc/rgb/train/092/B_cropped_rgb024.jpg,/data/datasets/PRCC/prcc/rgb/train/177/C_cropped_rgb475.jpg,0,42,0.6609078645706177,0.9999998807907104,,B,C,092,177C,male,male,black,black,short,short,average,average
hybrid,1,/data/datasets/PRCC/prcc/rgb/train/092/B_cropped_rgb024.jpg,/data/datasets/PRCC/prcc/rgb/train/149/B_cropped_rgb583.jpg,0,24,0.8420470952987671,0.9999998807907104,1,B,B,092,149,male,male,black,black,short,short,average,average
hybrid,2,/data/datasets/PRCC/prcc/rgb/train/092/B_cropped_rgb024.jpg,/data/datasets/PRCC/prcc/rgb/train/114/B_cropped_rgb151.jpg,0,11,0.9031416773796082,0.9999998807907104,2,B,B,092,114,male,male,black,black,short,short,average,average
hybrid,3,/data/datasets/PRCC/prcc/rgb/train/092/B_cropped_rgb024.jpg,/data/datasets/PRCC/prcc/rgb/train/110/A_cropped_rgb517.jpg,0,8,0.646090567111969,0.9999998807907104,3,B,A,092,110,male,male,black,black,short,short,average,average
hybrid,4,/data/datasets/PRCC/prcc/rgb/train/092/B_cropped_rgb024.jpg,/data/datasets/PRCC/prcc/rgb/train/206/C_cropped_rgb464.jpg,0,61,0.8865797519683838,0.9999998807907104,4,B,C,092,206C,male,male,black,black,short,short,average,average
hybrid,5,/data/datasets/PRCC/prcc/rgb/train/092/B_cropped_rgb024.jpg,/data/datasets/PRCC/prcc/rgb/train/185/A_cropped_rgb019.jpg,0,48,0.7711523771286011,0.9999998807907104,5,B,A,092,185,male,male,black,black,short,short,average,average
visual,1,/data/datasets/PRCC/prcc/rgb/train/092/B_cropped_rgb066.jpg,/data/datasets/PRCC/prcc/rgb/train/114/B_cropped_rgb151.jpg,0,11,0.8878583908081055,0.9999998807907104,,B,B,092,114,male,male,black,black,short,short,average,average
visual,2,/data/datasets/PRCC/prcc/rgb/train/092/B_cropped_rgb066.jpg,/data/datasets/PRCC/prcc/rgb/train/114/B_cropped_rgb144.jpg,0,11,0.8795199394226074,0.9999998807907104,,B,B,092,114,male,male,black,black,short,short,average,average
visual,3,/data/datasets/PRCC/prcc/rgb/train/092/B_cropped_rgb066.jpg,/data/datasets/PRCC/prcc/rgb/train/114/C_cropped_rgb2205.jpg,0,11,0.8743747472763062,0.9999998807907104,,B,C,092,114C,male,male,black,black,short,short,average,average
visual,4,/data/datasets/PRCC/prcc/rgb/train/092/B_cropped_rgb066.jpg,/data/datasets/PRCC/prcc/rgb/train/193/A_cropped_rgb016.jpg,0,51,0.873742401599884,0.9999998807907104,,B,A,092,193,male,male,black,black,short,short,average,average
visual,5,/data/datasets/PRCC/prcc/rgb/train/092/B_cropped_rgb066.jpg,/data/datasets/PRCC/prcc/rgb/train/193/A_cropped_rgb045.jpg,0,51,0.8717138767242432,0.9999998807907104,,B,A,092,193,male,male,black,black,short,short,average,average
semantic,1,/data/datasets/PRCC/prcc/rgb/train/092/B_cropped_rgb066.jpg,/data/datasets/PRCC/prcc/rgb/train/149/B_cropped_rgb583.jpg,0,24,0.8525289297103882,0.9999998807907104,,B,B,092,149,male,male,black,black,short,short,average,average
semantic,2,/data/datasets/PRCC/prcc/rgb/train/092/B_cropped_rgb066.jpg,/data/datasets/PRCC/prcc/rgb/train/110/A_cropped_rgb517.jpg,0,8,0.6102300882339478,0.9999998807907104,,B,A,092,110,male,male,black,black,short,short,average,average
semantic,3,/data/datasets/PRCC/prcc/rgb/train/092/B_cropped_rgb066.jpg,/data/datasets/PRCC/prcc/rgb/train/185/A_cropped_rgb019.jpg,0,48,0.7701516151428223,0.9999998807907104,,B,A,092,185,male,male,black,black,short,short,average,average
semantic,4,/data/datasets/PRCC/prcc/rgb/train/092/B_cropped_rgb066.jpg,/data/datasets/PRCC/prcc/rgb/train/300/C_cropped_rgb171.jpg,0,133,0.7175788283348083,0.9999998807907104,,B,C,092,300C,male,male,black,black,short,short,average,average
semantic,5,/data/datasets/PRCC/prcc/rgb/train/092/B_cropped_rgb066.jpg,/data/datasets/PRCC/prcc/rgb/train/177/C_cropped_rgb475.jpg,0,42,0.6584764122962952,0.9999998807907104,,B,C,092,177C,male,male,black,black,short,short,average,average
hybrid,1,/data/datasets/PRCC/prcc/rgb/train/092/B_cropped_rgb066.jpg,/data/datasets/PRCC/prcc/rgb/train/149/B_cropped_rgb583.jpg,0,24,0.8525289297103882,0.9999998807907104,1,B,B,092,149,male,male,black,black,short,short,average,average
hybrid,2,/data/datasets/PRCC/prcc/rgb/train/092/B_cropped_rgb066.jpg,/data/datasets/PRCC/prcc/rgb/train/114/B_cropped_rgb151.jpg,0,11,0.8878583908081055,0.9999998807907104,2,B,B,092,114,male,male,black,black,short,short,average,average
hybrid,3,/data/datasets/PRCC/prcc/rgb/train/092/B_cropped_rgb066.jpg,/data/datasets/PRCC/prcc/rgb/train/110/A_cropped_rgb517.jpg,0,8,0.6102300882339478,0.9999998807907104,3,B,A,092,110,male,male,black,black,short,short,average,average
hybrid,4,/data/datasets/PRCC/prcc/rgb/train/092/B_cropped_rgb066.jpg,/data/datasets/PRCC/prcc/rgb/train/114/B_cropped_rgb144.jpg,0,11,0.8795199394226074,0.9999998807907104,4,B,B,092,114,male,male,black,black,short,short,average,average
hybrid,5,/data/datasets/PRCC/prcc/rgb/train/092/B_cropped_rgb066.jpg,/data/datasets/PRCC/prcc/rgb/train/185/A_cropped_rgb019.jpg,0,48,0.7701516151428223,0.9999998807907104,5,B,A,092,185,male,male,black,black,short,short,average,average
visual,1,/data/datasets/PRCC/prcc/rgb/train/092/B_cropped_rgb092.jpg,/data/datasets/PRCC/prcc/rgb/train/193/A_cropped_rgb025.jpg,0,51,0.9075983762741089,0.9999998807907104,,B,A,092,193,male,male,black,black,short,short,average,average
visual,2,/data/datasets/PRCC/prcc/rgb/train/092/B_cropped_rgb092.jpg,/data/datasets/PRCC/prcc/rgb/train/193/A_cropped_rgb045.jpg,0,51,0.9075071811676025,0.9999998807907104,,B,A,092,193,male,male,black,black,short,short,average,average
visual,3,/data/datasets/PRCC/prcc/rgb/train/092/B_cropped_rgb092.jpg,/data/datasets/PRCC/prcc/rgb/train/193/A_cropped_rgb052.jpg,0,51,0.9023013710975647,0.9999998807907104,,B,A,092,193,male,male,black,black,short,short,average,average
visual,4,/data/datasets/PRCC/prcc/rgb/train/092/B_cropped_rgb092.jpg,/data/datasets/PRCC/prcc/rgb/train/114/B_cropped_rgb151.jpg,0,11,0.9021745920181274,0.9999998807907104,,B,B,092,114,male,male,black,black,short,short,average,average
visual,5,/data/datasets/PRCC/prcc/rgb/train/092/B_cropped_rgb092.jpg,/data/datasets/PRCC/prcc/rgb/train/206/C_cropped_rgb464.jpg,0,61,0.9021276235580444,0.9999998807907104,,B,C,092,206C,male,male,black,black,short,short,average,average
semantic,1,/data/datasets/PRCC/prcc/rgb/train/092/B_cropped_rgb092.jpg,/data/datasets/PRCC/prcc/rgb/train/149/B_cropped_rgb583.jpg,0,24,0.8502357006072998,0.9999998807907104,,B,B,092,149,male,male,black,black,short,short,average,average
semantic,2,/data/datasets/PRCC/prcc/rgb/train/092/B_cropped_rgb092.jpg,/data/datasets/PRCC/prcc/rgb/train/110/A_cropped_rgb517.jpg,0,8,0.692965030670166,0.9999998807907104,,B,A,092,110,male,male,black,black,short,short,average,average
semantic,3,/data/datasets/PRCC/prcc/rgb/train/092/B_cropped_rgb092.jpg,/data/datasets/PRCC/prcc/rgb/train/185/A_cropped_rgb019.jpg,0,48,0.7255173921585083,0.9999998807907104,,B,A,092,185,male,male,black,black,short,short,average,average
semantic,4,/data/datasets/PRCC/prcc/rgb/train/092/B_cropped_rgb092.jpg,/data/datasets/PRCC/prcc/rgb/train/300/C_cropped_rgb171.jpg,0,133,0.76617032289505,0.9999998807907104,,B,C,092,300C,male,male,black,black,short,short,average,average
semantic,5,/data/datasets/PRCC/prcc/rgb/train/092/B_cropped_rgb092.jpg,/data/datasets/PRCC/prcc/rgb/train/177/C_cropped_rgb475.jpg,0,42,0.6901532411575317,0.9999998807907104,,B,C,092,177C,male,male,black,black,short,short,average,average
hybrid,1,/data/datasets/PRCC/prcc/rgb/train/092/B_cropped_rgb092.jpg,/data/datasets/PRCC/prcc/rgb/train/149/B_cropped_rgb583.jpg,0,24,0.8502357006072998,0.9999998807907104,1,B,B,092,149,male,male,black,black,short,short,average,average
hybrid,2,/data/datasets/PRCC/prcc/rgb/train/092/B_cropped_rgb092.jpg,/data/datasets/PRCC/prcc/rgb/train/193/A_cropped_rgb025.jpg,0,51,0.9075983762741089,0.9999998807907104,2,B,A,092,193,male,male,black,black,short,short,average,average
hybrid,3,/data/datasets/PRCC/prcc/rgb/train/092/B_cropped_rgb092.jpg,/data/datasets/PRCC/prcc/rgb/train/110/A_cropped_rgb517.jpg,0,8,0.692965030670166,0.9999998807907104,3,B,A,092,110,male,male,black,black,short,short,average,average
hybrid,4,/data/datasets/PRCC/prcc/rgb/train/092/B_cropped_rgb092.jpg,/data/datasets/PRCC/prcc/rgb/train/193/A_cropped_rgb045.jpg,0,51,0.9075071811676025,0.9999998807907104,4,B,A,092,193,male,male,black,black,short,short,average,average
hybrid,5,/data/datasets/PRCC/prcc/rgb/train/092/B_cropped_rgb092.jpg,/data/datasets/PRCC/prcc/rgb/train/185/A_cropped_rgb019.jpg,0,48,0.7255173921585083,0.9999998807907104,5,B,A,092,185,male,male,black,black,short,short,average,average
visual,1,/data/datasets/PRCC/prcc/rgb/train/092/B_cropped_rgb112.jpg,/data/datasets/PRCC/prcc/rgb/train/114/B_cropped_rgb144.jpg,0,11,0.8888389468193054,0.9999998807907104,,B,B,092,114,male,male,black,black,short,short,average,average
visual,2,/data/datasets/PRCC/prcc/rgb/train/092/B_cropped_rgb112.jpg,/data/datasets/PRCC/prcc/rgb/train/193/A_cropped_rgb025.jpg,0,51,0.8887377977371216,0.9999998807907104,,B,A,092,193,male,male,black,black,short,short,average,average
visual,3,/data/datasets/PRCC/prcc/rgb/train/092/B_cropped_rgb112.jpg,/data/datasets/PRCC/prcc/rgb/train/206/C_cropped_rgb464.jpg,0,61,0.8824366927146912,0.9999998807907104,,B,C,092,206C,male,male,black,black,short,short,average,average
visual,4,/data/datasets/PRCC/prcc/rgb/train/092/B_cropped_rgb112.jpg,/data/datasets/PRCC/prcc/rgb/train/193/A_cropped_rgb016.jpg,0,51,0.8816584944725037,0.9999998807907104,,B,A,092,193,male,male,black,black,short,short,average,average
visual,5,/data/datasets/PRCC/prcc/rgb/train/092/B_cropped_rgb112.jpg,/data/datasets/PRCC/prcc/rgb/train/193/A_cropped_rgb028.jpg,0,51,0.8806368708610535,0.9999998807907104,,B,A,092,193,male,male,black,black,short,short,average,average
semantic,1,/data/datasets/PRCC/prcc/rgb/train/092/B_cropped_rgb112.jpg,/data/datasets/PRCC/prcc/rgb/train/149/B_cropped_rgb583.jpg,0,24,0.8710049986839294,0.9999998807907104,,B,B,092,149,male,male,black,black,short,short,average,average
semantic,2,/data/datasets/PRCC/prcc/rgb/train/092/B_cropped_rgb112.jpg,/data/datasets/PRCC/prcc/rgb/train/110/A_cropped_rgb517.jpg,0,8,0.6559714674949646,0.9999998807907104,,B,A,092,110,male,male,black,black,short,short,average,average
semantic,3,/data/datasets/PRCC/prcc/rgb/train/092/B_cropped_rgb112.jpg,/data/datasets/PRCC/prcc/rgb/train/185/A_cropped_rgb019.jpg,0,48,0.7188122868537903,0.9999998807907104,,B,A,092,185,male,male,black,black,short,short,average,average
semantic,4,/data/datasets/PRCC/prcc/rgb/train/092/B_cropped_rgb112.jpg,/data/datasets/PRCC/prcc/rgb/train/300/C_cropped_rgb171.jpg,0,133,0.7613650560379028,0.9999998807907104,,B,C,092,300C,male,male,black,black,short,short,average,average
semantic,5,/data/datasets/PRCC/prcc/rgb/train/092/B_cropped_rgb112.jpg,/data/datasets/PRCC/prcc/rgb/train/177/C_cropped_rgb475.jpg,0,42,0.6903132796287537,0.9999998807907104,,B,C,092,177C,male,male,black,black,short,short,average,average
hybrid,1,/data/datasets/PRCC/prcc/rgb/train/092/B_cropped_rgb112.jpg,/data/datasets/PRCC/prcc/rgb/train/149/B_cropped_rgb583.jpg,0,24,0.8710049986839294,0.9999998807907104,1,B,B,092,149,male,male,black,black,short,short,average,average
hybrid,2,/data/datasets/PRCC/prcc/rgb/train/092/B_cropped_rgb112.jpg,/data/datasets/PRCC/prcc/rgb/train/114/B_cropped_rgb144.jpg,0,11,0.8888389468193054,0.9999998807907104,2,B,B,092,114,male,male,black,black,short,short,average,average
hybrid,3,/data/datasets/PRCC/prcc/rgb/train/092/B_cropped_rgb112.jpg,/data/datasets/PRCC/prcc/rgb/train/110/A_cropped_rgb517.jpg,0,8,0.6559714674949646,0.9999998807907104,3,B,A,092,110,male,male,black,black,short,short,average,average
hybrid,4,/data/datasets/PRCC/prcc/rgb/train/092/B_cropped_rgb112.jpg,/data/datasets/PRCC/prcc/rgb/train/193/A_cropped_rgb025.jpg,0,51,0.8887377977371216,0.9999998807907104,4,B,A,092,193,male,male,black,black,short,short,average,average
hybrid,5,/data/datasets/PRCC/prcc/rgb/train/092/B_cropped_rgb112.jpg,/data/datasets/PRCC/prcc/rgb/train/185/A_cropped_rgb019.jpg,0,48,0.7188122868537903,0.9999998807907104,5,B,A,092,185,male,male,black,black,short,short,average,average
visual,1,/data/datasets/PRCC/prcc/rgb/train/092/B_cropped_rgb115.jpg,/data/datasets/PRCC/prcc/rgb/train/193/A_cropped_rgb025.jpg,0,51,0.8844665884971619,0.9999998807907104,,B,A,092,193,male,male,black,black,short,short,average,average
visual,2,/data/datasets/PRCC/prcc/rgb/train/092/B_cropped_rgb115.jpg,/data/datasets/PRCC/prcc/rgb/train/193/A_cropped_rgb016.jpg,0,51,0.8818565011024475,0.9999998807907104,,B,A,092,193,male,male,black,black,short,short,average,average
visual,3,/data/datasets/PRCC/prcc/rgb/train/092/B_cropped_rgb115.jpg,/data/datasets/PRCC/prcc/rgb/train/193/A_cropped_rgb028.jpg,0,51,0.8803855180740356,0.9999998807907104,,B,A,092,193,male,male,black,black,short,short,average,average
visual,4,/data/datasets/PRCC/prcc/rgb/train/092/B_cropped_rgb115.jpg,/data/datasets/PRCC/prcc/rgb/train/193/A_cropped_rgb019.jpg,0,51,0.8768388032913208,0.9999998807907104,,B,A,092,193,male,male,black,black,short,short,average,average
visual,5,/data/datasets/PRCC/prcc/rgb/train/092/B_cropped_rgb115.jpg,/data/datasets/PRCC/prcc/rgb/train/154/A_cropped_rgb001.jpg,0,27,0.8764674663543701,0.9999998807907104,,B,A,092,154,male,male,black,black,short,short,average,average
semantic,1,/data/datasets/PRCC/prcc/rgb/train/092/B_cropped_rgb115.jpg,/data/datasets/PRCC/prcc/rgb/train/149/B_cropped_rgb583.jpg,0,24,0.8655657172203064,0.9999998807907104,,B,B,092,149,male,male,black,black,short,short,average,average
semantic,2,/data/datasets/PRCC/prcc/rgb/train/092/B_cropped_rgb115.jpg,/data/datasets/PRCC/prcc/rgb/train/110/A_cropped_rgb517.jpg,0,8,0.6265765428543091,0.9999998807907104,,B,A,092,110,male,male,black,black,short,short,average,average
semantic,3,/data/datasets/PRCC/prcc/rgb/train/092/B_cropped_rgb115.jpg,/data/datasets/PRCC/prcc/rgb/train/185/A_cropped_rgb019.jpg,0,48,0.7702330350875854,0.9999998807907104,,B,A,092,185,male,male,black,black,short,short,average,average
semantic,4,/data/datasets/PRCC/prcc/rgb/train/092/B_cropped_rgb115.jpg,/data/datasets/PRCC/prcc/rgb/train/300/C_cropped_rgb171.jpg,0,133,0.7345580458641052,0.9999998807907104,,B,C,092,300C,male,male,black,black,short,short,average,average
semantic,5,/data/datasets/PRCC/prcc/rgb/train/092/B_cropped_rgb115.jpg,/data/datasets/PRCC/prcc/rgb/train/177/C_cropped_rgb475.jpg,0,42,0.680648922920227,0.9999998807907104,,B,C,092,177C,male,male,black,black,short,short,average,average
hybrid,1,/data/datasets/PRCC/prcc/rgb/train/092/B_cropped_rgb115.jpg,/data/datasets/PRCC/prcc/rgb/train/149/B_cropped_rgb583.jpg,0,24,0.8655657172203064,0.9999998807907104,1,B,B,092,149,male,male,black,black,short,short,average,average
hybrid,2,/data/datasets/PRCC/prcc/rgb/train/092/B_cropped_rgb115.jpg,/data/datasets/PRCC/prcc/rgb/train/193/A_cropped_rgb025.jpg,0,51,0.8844665884971619,0.9999998807907104,2,B,A,092,193,male,male,black,black,short,short,average,average
hybrid,3,/data/datasets/PRCC/prcc/rgb/train/092/B_cropped_rgb115.jpg,/data/datasets/PRCC/prcc/rgb/train/110/A_cropped_rgb517.jpg,0,8,0.6265765428543091,0.9999998807907104,3,B,A,092,110,male,male,black,black,short,short,average,average
hybrid,4,/data/datasets/PRCC/prcc/rgb/train/092/B_cropped_rgb115.jpg,/data/datasets/PRCC/prcc/rgb/train/193/A_cropped_rgb016.jpg,0,51,0.8818565011024475,0.9999998807907104,4,B,A,092,193,male,male,black,black,short,short,average,average
hybrid,5,/data/datasets/PRCC/prcc/rgb/train/092/B_cropped_rgb115.jpg,/data/datasets/PRCC/prcc/rgb/train/185/A_cropped_rgb019.jpg,0,48,0.7702330350875854,0.9999998807907104,5,B,A,092,185,male,male,black,black,short,short,average,average
visual,1,/data/datasets/PRCC/prcc/rgb/train/092/B_cropped_rgb118.jpg,/data/datasets/PRCC/prcc/rgb/train/114/C_cropped_rgb2205.jpg,0,11,0.8728020191192627,0.9999998807907104,,B,C,092,114C,male,male,black,black,short,short,average,average
visual,2,/data/datasets/PRCC/prcc/rgb/train/092/B_cropped_rgb118.jpg,/data/datasets/PRCC/prcc/rgb/train/193/A_cropped_rgb028.jpg,0,51,0.8711012601852417,0.9999998807907104,,B,A,092,193,male,male,black,black,short,short,average,average
visual,3,/data/datasets/PRCC/prcc/rgb/train/092/B_cropped_rgb118.jpg,/data/datasets/PRCC/prcc/rgb/train/193/A_cropped_rgb025.jpg,0,51,0.8701629042625427,0.9999998807907104,,B,A,092,193,male,male,black,black,short,short,average,average
visual,4,/data/datasets/PRCC/prcc/rgb/train/092/B_cropped_rgb118.jpg,/data/datasets/PRCC/prcc/rgb/train/193/A_cropped_rgb260.jpg,0,51,0.8647006750106812,0.9999998807907104,,B,A,092,193,male,male,black,black,short,short,average,average
visual,5,/data/datasets/PRCC/prcc/rgb/train/092/B_cropped_rgb118.jpg,/data/datasets/PRCC/prcc/rgb/train/193/A_cropped_rgb001.jpg,0,51,0.8623707294464111,0.9999998807907104,,B,A,092,193,male,male,black,black,short,short,average,average
semantic,1,/data/datasets/PRCC/prcc/rgb/train/092/B_cropped_rgb118.jpg,/data/datasets/PRCC/prcc/rgb/train/149/B_cropped_rgb583.jpg,0,24,0.8574441075325012,0.9999998807907104,,B,B,092,149,male,male,black,black,short,short,average,average
semantic,2,/data/datasets/PRCC/prcc/rgb/train/092/B_cropped_rgb118.jpg,/data/datasets/PRCC/prcc/rgb/train/110/A_cropped_rgb517.jpg,0,8,0.7313367128372192,0.9999998807907104,,B,A,092,110,male,male,black,black,short,short,average,average
semantic,3,/data/datasets/PRCC/prcc/rgb/train/092/B_cropped_rgb118.jpg,/data/datasets/PRCC/prcc/rgb/train/185/A_cropped_rgb019.jpg,0,48,0.7499483823776245,0.9999998807907104,,B,A,092,185,male,male,black,black,short,short,average,average
semantic,4,/data/datasets/PRCC/prcc/rgb/train/092/B_cropped_rgb118.jpg,/data/datasets/PRCC/prcc/rgb/train/300/C_cropped_rgb171.jpg,0,133,0.766495406627655,0.9999998807907104,,B,C,092,300C,male,male,black,black,short,short,average,average
semantic,5,/data/datasets/PRCC/prcc/rgb/train/092/B_cropped_rgb118.jpg,/data/datasets/PRCC/prcc/rgb/train/177/C_cropped_rgb475.jpg,0,42,0.6729814410209656,0.9999998807907104,,B,C,092,177C,male,male,black,black,short,short,average,average
hybrid,1,/data/datasets/PRCC/prcc/rgb/train/092/B_cropped_rgb118.jpg,/data/datasets/PRCC/prcc/rgb/train/149/B_cropped_rgb583.jpg,0,24,0.8574441075325012,0.9999998807907104,1,B,B,092,149,male,male,black,black,short,short,average,average
hybrid,2,/data/datasets/PRCC/prcc/rgb/train/092/B_cropped_rgb118.jpg,/data/datasets/PRCC/prcc/rgb/train/114/C_cropped_rgb2205.jpg,0,11,0.8728020191192627,0.9999998807907104,2,B,C,092,114C,male,male,black,black,short,short,average,average
hybrid,3,/data/datasets/PRCC/prcc/rgb/train/092/B_cropped_rgb118.jpg,/data/datasets/PRCC/prcc/rgb/train/110/A_cropped_rgb517.jpg,0,8,0.7313367128372192,0.9999998807907104,3,B,A,092,110,male,male,black,black,short,short,average,average
hybrid,4,/data/datasets/PRCC/prcc/rgb/train/092/B_cropped_rgb118.jpg,/data/datasets/PRCC/prcc/rgb/train/193/A_cropped_rgb028.jpg,0,51,0.8711012601852417,0.9999998807907104,4,B,A,092,193,male,male,black,black,short,short,average,average
hybrid,5,/data/datasets/PRCC/prcc/rgb/train/092/B_cropped_rgb118.jpg,/data/datasets/PRCC/prcc/rgb/train/185/A_cropped_rgb019.jpg,0,48,0.7499483823776245,0.9999998807907104,5,B,A,092,185,male,male,black,black,short,short,average,average
visual,1,/data/datasets/PRCC/prcc/rgb/train/092/B_cropped_rgb121.jpg,/data/datasets/PRCC/prcc/rgb/train/193/A_cropped_rgb025.jpg,0,51,0.8771277070045471,0.9999998807907104,,B,A,092,193,male,male,black,black,short,short,average,average
visual,2,/data/datasets/PRCC/prcc/rgb/train/092/B_cropped_rgb121.jpg,/data/datasets/PRCC/prcc/rgb/train/098/C_cropped_rgb076.jpg,0,2,0.8719819188117981,0.9999998807907104,,B,C,092,098C,male,male,black,black,short,short,average,average
visual,3,/data/datasets/PRCC/prcc/rgb/train/092/B_cropped_rgb121.jpg,/data/datasets/PRCC/prcc/rgb/train/193/A_cropped_rgb028.jpg,0,51,0.8698040246963501,0.9999998807907104,,B,A,092,193,male,male,black,black,short,short,average,average
visual,4,/data/datasets/PRCC/prcc/rgb/train/092/B_cropped_rgb121.jpg,/data/datasets/PRCC/prcc/rgb/train/098/C_cropped_rgb079.jpg,0,2,0.8693221807479858,0.9999998807907104,,B,C,092,098C,male,male,black,black,short,short,average,average
visual,5,/data/datasets/PRCC/prcc/rgb/train/092/B_cropped_rgb121.jpg,/data/datasets/PRCC/prcc/rgb/train/193/A_cropped_rgb019.jpg,0,51,0.8687208890914917,0.9999998807907104,,B,A,092,193,male,male,black,black,short,short,average,average
semantic,1,/data/datasets/PRCC/prcc/rgb/train/092/B_cropped_rgb121.jpg,/data/datasets/PRCC/prcc/rgb/train/149/B_cropped_rgb583.jpg,0,24,0.8680589199066162,0.9999998807907104,,B,B,092,149,male,male,black,black,short,short,average,average
semantic,2,/data/datasets/PRCC/prcc/rgb/train/092/B_cropped_rgb121.jpg,/data/datasets/PRCC/prcc/rgb/train/110/A_cropped_rgb517.jpg,0,8,0.6469712853431702,0.9999998807907104,,B,A,092,110,male,male,black,black,short,short,average,average
semantic,3,/data/datasets/PRCC/prcc/rgb/train/092/B_cropped_rgb121.jpg,/data/datasets/PRCC/prcc/rgb/train/185/A_cropped_rgb019.jpg,0,48,0.7213190793991089,0.9999998807907104,,B,A,092,185,male,male,black,black,short,short,average,average
semantic,4,/data/datasets/PRCC/prcc/rgb/train/092/B_cropped_rgb121.jpg,/data/datasets/PRCC/prcc/rgb/train/300/C_cropped_rgb171.jpg,0,133,0.7511686682701111,0.9999998807907104,,B,C,092,300C,male,male,black,black,short,short,average,average
semantic,5,/data/datasets/PRCC/prcc/rgb/train/092/B_cropped_rgb121.jpg,/data/datasets/PRCC/prcc/rgb/train/177/C_cropped_rgb475.jpg,0,42,0.667452871799469,0.9999998807907104,,B,C,092,177C,male,male,black,black,short,short,average,average
hybrid,1,/data/datasets/PRCC/prcc/rgb/train/092/B_cropped_rgb121.jpg,/data/datasets/PRCC/prcc/rgb/train/149/B_cropped_rgb583.jpg,0,24,0.8680589199066162,0.9999998807907104,1,B,B,092,149,male,male,black,black,short,short,average,average
hybrid,2,/data/datasets/PRCC/prcc/rgb/train/092/B_cropped_rgb121.jpg,/data/datasets/PRCC/prcc/rgb/train/193/A_cropped_rgb025.jpg,0,51,0.8771277070045471,0.9999998807907104,2,B,A,092,193,male,male,black,black,short,short,average,average
hybrid,3,/data/datasets/PRCC/prcc/rgb/train/092/B_cropped_rgb121.jpg,/data/datasets/PRCC/prcc/rgb/train/110/A_cropped_rgb517.jpg,0,8,0.6469712853431702,0.9999998807907104,3,B,A,092,110,male,male,black,black,short,short,average,average
hybrid,4,/data/datasets/PRCC/prcc/rgb/train/092/B_cropped_rgb121.jpg,/data/datasets/PRCC/prcc/rgb/train/098/C_cropped_rgb076.jpg,0,2,0.8719819188117981,0.9999998807907104,4,B,C,092,098C,male,male,black,black,short,short,average,average
hybrid,5,/data/datasets/PRCC/prcc/rgb/train/092/B_cropped_rgb121.jpg,/data/datasets/PRCC/prcc/rgb/train/185/A_cropped_rgb019.jpg,0,48,0.7213190793991089,0.9999998807907104,5,B,A,092,185,male,male,black,black,short,short,average,average
visual,1,/data/datasets/PRCC/prcc/rgb/train/092/B_cropped_rgb127.jpg,/data/datasets/PRCC/prcc/rgb/train/193/A_cropped_rgb025.jpg,0,51,0.8793274164199829,0.9999998807907104,,B,A,092,193,male,male,black,black,short,short,average,average
visual,2,/data/datasets/PRCC/prcc/rgb/train/092/B_cropped_rgb127.jpg,/data/datasets/PRCC/prcc/rgb/train/193/A_cropped_rgb052.jpg,0,51,0.8725629448890686,0.9999998807907104,,B,A,092,193,male,male,black,black,short,short,average,average
visual,3,/data/datasets/PRCC/prcc/rgb/train/092/B_cropped_rgb127.jpg,/data/datasets/PRCC/prcc/rgb/train/193/A_cropped_rgb016.jpg,0,51,0.8723254799842834,0.9999998807907104,,B,A,092,193,male,male,black,black,short,short,average,average
visual,4,/data/datasets/PRCC/prcc/rgb/train/092/B_cropped_rgb127.jpg,/data/datasets/PRCC/prcc/rgb/train/193/A_cropped_rgb019.jpg,0,51,0.8716983199119568,0.9999998807907104,,B,A,092,193,male,male,black,black,short,short,average,average
visual,5,/data/datasets/PRCC/prcc/rgb/train/092/B_cropped_rgb127.jpg,/data/datasets/PRCC/prcc/rgb/train/114/B_cropped_rgb144.jpg,0,11,0.8712763786315918,0.9999998807907104,,B,B,092,114,male,male,black,black,short,short,average,average
semantic,1,/data/datasets/PRCC/prcc/rgb/train/092/B_cropped_rgb127.jpg,/data/datasets/PRCC/prcc/rgb/train/149/B_cropped_rgb583.jpg,0,24,0.8669694066047668,0.9999998807907104,,B,B,092,149,male,male,black,black,short,short,average,average
semantic,2,/data/datasets/PRCC/prcc/rgb/train/092/B_cropped_rgb127.jpg,/data/datasets/PRCC/prcc/rgb/train/110/A_cropped_rgb517.jpg,0,8,0.6235867738723755,0.9999998807907104,,B,A,092,110,male,male,black,black,short,short,average,average
semantic,3,/data/datasets/PRCC/prcc/rgb/train/092/B_cropped_rgb127.jpg,/data/datasets/PRCC/prcc/rgb/train/185/A_cropped_rgb019.jpg,0,48,0.7275949716567993,0.9999998807907104,,B,A,092,185,male,male,black,black,short,short,average,average
semantic,4,/data/datasets/PRCC/prcc/rgb/train/092/B_cropped_rgb127.jpg,/data/datasets/PRCC/prcc/rgb/train/300/C_cropped_rgb171.jpg,0,133,0.7665979862213135,0.9999998807907104,,B,C,092,300C,male,male,black,black,short,short,average,average
semantic,5,/data/datasets/PRCC/prcc/rgb/train/092/B_cropped_rgb127.jpg,/data/datasets/PRCC/prcc/rgb/train/177/C_cropped_rgb475.jpg,0,42,0.6676785349845886,0.9999998807907104,,B,C,092,177C,male,male,black,black,short,short,average,average
hybrid,1,/data/datasets/PRCC/prcc/rgb/train/092/B_cropped_rgb127.jpg,/data/datasets/PRCC/prcc/rgb/train/149/B_cropped_rgb583.jpg,0,24,0.8669694066047668,0.9999998807907104,1,B,B,092,149,male,male,black,black,short,short,average,average
hybrid,2,/data/datasets/PRCC/prcc/rgb/train/092/B_cropped_rgb127.jpg,/data/datasets/PRCC/prcc/rgb/train/193/A_cropped_rgb025.jpg,0,51,0.8793274164199829,0.9999998807907104,2,B,A,092,193,male,male,black,black,short,short,average,average
hybrid,3,/data/datasets/PRCC/prcc/rgb/train/092/B_cropped_rgb127.jpg,/data/datasets/PRCC/prcc/rgb/train/110/A_cropped_rgb517.jpg,0,8,0.6235867738723755,0.9999998807907104,3,B,A,092,110,male,male,black,black,short,short,average,average
hybrid,4,/data/datasets/PRCC/prcc/rgb/train/092/B_cropped_rgb127.jpg,/data/datasets/PRCC/prcc/rgb/train/193/A_cropped_rgb052.jpg,0,51,0.8725629448890686,0.9999998807907104,4,B,A,092,193,male,male,black,black,short,short,average,average
hybrid,5,/data/datasets/PRCC/prcc/rgb/train/092/B_cropped_rgb127.jpg,/data/datasets/PRCC/prcc/rgb/train/185/A_cropped_rgb019.jpg,0,48,0.7275949716567993,0.9999998807907104,5,B,A,092,185,male,male,black,black,short,short,average,average
visual,1,/data/datasets/PRCC/prcc/rgb/train/092/B_cropped_rgb133.jpg,/data/datasets/PRCC/prcc/rgb/train/149/B_cropped_rgb583.jpg,0,24,0.8845022916793823,0.9999998807907104,,B,B,092,149,male,male,black,black,short,short,average,average
visual,2,/data/datasets/PRCC/prcc/rgb/train/092/B_cropped_rgb133.jpg,/data/datasets/PRCC/prcc/rgb/train/193/A_cropped_rgb028.jpg,0,51,0.8836508393287659,0.9999998807907104,,B,A,092,193,male,male,black,black,short,short,average,average
visual,3,/data/datasets/PRCC/prcc/rgb/train/092/B_cropped_rgb133.jpg,/data/datasets/PRCC/prcc/rgb/train/193/A_cropped_rgb025.jpg,0,51,0.8832916617393494,0.9999998807907104,,B,A,092,193,male,male,black,black,short,short,average,average
visual,4,/data/datasets/PRCC/prcc/rgb/train/092/B_cropped_rgb133.jpg,/data/datasets/PRCC/prcc/rgb/train/193/A_cropped_rgb001.jpg,0,51,0.8775866627693176,0.9999998807907104,,B,A,092,193,male,male,black,black,short,short,average,average
visual,5,/data/datasets/PRCC/prcc/rgb/train/092/B_cropped_rgb133.jpg,/data/datasets/PRCC/prcc/rgb/train/193/A_cropped_rgb016.jpg,0,51,0.876549482345581,0.9999998807907104,,B,A,092,193,male,male,black,black,short,short,average,average
semantic,1,/data/datasets/PRCC/prcc/rgb/train/092/B_cropped_rgb133.jpg,/data/datasets/PRCC/prcc/rgb/train/149/B_cropped_rgb583.jpg,0,24,0.8845022916793823,0.9999998807907104,,B,B,092,149,male,male,black,black,short,short,average,average
semantic,2,/data/datasets/PRCC/prcc/rgb/train/092/B_cropped_rgb133.jpg,/data/datasets/PRCC/prcc/rgb/train/110/A_cropped_rgb517.jpg,0,8,0.653073787689209,0.9999998807907104,,B,A,092,110,male,male,black,black,short,short,average,average
semantic,3,/data/datasets/PRCC/prcc/rgb/train/092/B_cropped_rgb133.jpg,/data/datasets/PRCC/prcc/rgb/train/185/A_cropped_rgb019.jpg,0,48,0.7382849454879761,0.9999998807907104,,B,A,092,185,male,male,black,black,short,short,average,average
semantic,4,/data/datasets/PRCC/prcc/rgb/train/092/B_cropped_rgb133.jpg,/data/datasets/PRCC/prcc/rgb/train/300/C_cropped_rgb171.jpg,0,133,0.7478228807449341,0.9999998807907104,,B,C,092,300C,male,male,black,black,short,short,average,average
semantic,5,/data/datasets/PRCC/prcc/rgb/train/092/B_cropped_rgb133.jpg,/data/datasets/PRCC/prcc/rgb/train/177/C_cropped_rgb475.jpg,0,42,0.6617429852485657,0.9999998807907104,,B,C,092,177C,male,male,black,black,short,short,average,average
hybrid,1,/data/datasets/PRCC/prcc/rgb/train/092/B_cropped_rgb133.jpg,/data/datasets/PRCC/prcc/rgb/train/149/B_cropped_rgb583.jpg,0,24,0.8845022916793823,0.9999998807907104,1,B,B,092,149,male,male,black,black,short,short,average,average
hybrid,2,/data/datasets/PRCC/prcc/rgb/train/092/B_cropped_rgb133.jpg,/data/datasets/PRCC/prcc/rgb/train/110/A_cropped_rgb517.jpg,0,8,0.653073787689209,0.9999998807907104,2,B,A,092,110,male,male,black,black,short,short,average,average
hybrid,3,/data/datasets/PRCC/prcc/rgb/train/092/B_cropped_rgb133.jpg,/data/datasets/PRCC/prcc/rgb/train/193/A_cropped_rgb028.jpg,0,51,0.8836508393287659,0.9999998807907104,3,B,A,092,193,male,male,black,black,short,short,average,average
hybrid,4,/data/datasets/PRCC/prcc/rgb/train/092/B_cropped_rgb133.jpg,/data/datasets/PRCC/prcc/rgb/train/185/A_cropped_rgb019.jpg,0,48,0.7382849454879761,0.9999998807907104,4,B,A,092,185,male,male,black,black,short,short,average,average
hybrid,5,/data/datasets/PRCC/prcc/rgb/train/092/B_cropped_rgb133.jpg,/data/datasets/PRCC/prcc/rgb/train/193/A_cropped_rgb025.jpg,0,51,0.8832916617393494,0.9999998807907104,5,B,A,092,193,male,male,black,black,short,short,average,average
visual,1,/data/datasets/PRCC/prcc/rgb/train/092/B_cropped_rgb136.jpg,/data/datasets/PRCC/prcc/rgb/train/149/B_cropped_rgb583.jpg,0,24,0.8875927925109863,0.9999998807907104,,B,B,092,149,male,male,black,black,short,short,average,average
visual,2,/data/datasets/PRCC/prcc/rgb/train/092/B_cropped_rgb136.jpg,/data/datasets/PRCC/prcc/rgb/train/193/A_cropped_rgb025.jpg,0,51,0.883448600769043,0.9999998807907104,,B,A,092,193,male,male,black,black,short,short,average,average
visual,3,/data/datasets/PRCC/prcc/rgb/train/092/B_cropped_rgb136.jpg,/data/datasets/PRCC/prcc/rgb/train/114/B_cropped_rgb144.jpg,0,11,0.8783655762672424,0.9999998807907104,,B,B,092,114,male,male,black,black,short,short,average,average
visual,4,/data/datasets/PRCC/prcc/rgb/train/092/B_cropped_rgb136.jpg,/data/datasets/PRCC/prcc/rgb/train/193/A_cropped_rgb028.jpg,0,51,0.8778239488601685,0.9999998807907104,,B,A,092,193,male,male,black,black,short,short,average,average
visual,5,/data/datasets/PRCC/prcc/rgb/train/092/B_cropped_rgb136.jpg,/data/datasets/PRCC/prcc/rgb/train/098/C_cropped_rgb076.jpg,0,2,0.8753380179405212,0.9999998807907104,,B,C,092,098C,male,male,black,black,short,short,average,average
semantic,1,/data/datasets/PRCC/prcc/rgb/train/092/B_cropped_rgb136.jpg,/data/datasets/PRCC/prcc/rgb/train/149/B_cropped_rgb583.jpg,0,24,0.8875927925109863,0.9999998807907104,,B,B,092,149,male,male,black,black,short,short,average,average
semantic,2,/data/datasets/PRCC/prcc/rgb/train/092/B_cropped_rgb136.jpg,/data/datasets/PRCC/prcc/rgb/train/110/A_cropped_rgb517.jpg,0,8,0.6396717429161072,0.9999998807907104,,B,A,092,110,male,male,black,black,short,short,average,average
semantic,3,/data/datasets/PRCC/prcc/rgb/train/092/B_cropped_rgb136.jpg,/data/datasets/PRCC/prcc/rgb/train/185/A_cropped_rgb019.jpg,0,48,0.7309426069259644,0.9999998807907104,,B,A,092,185,male,male,black,black,short,short,average,average
semantic,4,/data/datasets/PRCC/prcc/rgb/train/092/B_cropped_rgb136.jpg,/data/datasets/PRCC/prcc/rgb/train/300/C_cropped_rgb171.jpg,0,133,0.7632340788841248,0.9999998807907104,,B,C,092,300C,male,male,black,black,short,short,average,average
semantic,5,/data/datasets/PRCC/prcc/rgb/train/092/B_cropped_rgb136.jpg,/data/datasets/PRCC/prcc/rgb/train/177/C_cropped_rgb475.jpg,0,42,0.6772857904434204,0.9999998807907104,,B,C,092,177C,male,male,black,black,short,short,average,average
hybrid,1,/data/datasets/PRCC/prcc/rgb/train/092/B_cropped_rgb136.jpg,/data/datasets/PRCC/prcc/rgb/train/149/B_cropped_rgb583.jpg,0,24,0.8875927925109863,0.9999998807907104,1,B,B,092,149,male,male,black,black,short,short,average,average
hybrid,2,/data/datasets/PRCC/prcc/rgb/train/092/B_cropped_rgb136.jpg,/data/datasets/PRCC/prcc/rgb/train/110/A_cropped_rgb517.jpg,0,8,0.6396717429161072,0.9999998807907104,2,B,A,092,110,male,male,black,black,short,short,average,average
hybrid,3,/data/datasets/PRCC/prcc/rgb/train/092/B_cropped_rgb136.jpg,/data/datasets/PRCC/prcc/rgb/train/193/A_cropped_rgb025.jpg,0,51,0.883448600769043,0.9999998807907104,3,B,A,092,193,male,male,black,black,short,short,average,average
hybrid,4,/data/datasets/PRCC/prcc/rgb/train/092/B_cropped_rgb136.jpg,/data/datasets/PRCC/prcc/rgb/train/185/A_cropped_rgb019.jpg,0,48,0.7309426069259644,0.9999998807907104,4,B,A,092,185,male,male,black,black,short,short,average,average
hybrid,5,/data/datasets/PRCC/prcc/rgb/train/092/B_cropped_rgb136.jpg,/data/datasets/PRCC/prcc/rgb/train/114/B_cropped_rgb144.jpg,0,11,0.8783655762672424,0.9999998807907104,5,B,B,092,114,male,male,black,black,short,short,average,average
visual,1,/data/datasets/PRCC/prcc/rgb/train/092/B_cropped_rgb139.jpg,/data/datasets/PRCC/prcc/rgb/train/114/B_cropped_rgb144.jpg,0,11,0.8859677314758301,0.9999998807907104,,B,B,092,114,male,male,black,black,short,short,average,average
visual,2,/data/datasets/PRCC/prcc/rgb/train/092/B_cropped_rgb139.jpg,/data/datasets/PRCC/prcc/rgb/train/149/B_cropped_rgb583.jpg,0,24,0.8823890686035156,0.9999998807907104,,B,B,092,149,male,male,black,black,short,short,average,average
visual,3,/data/datasets/PRCC/prcc/rgb/train/092/B_cropped_rgb139.jpg,/data/datasets/PRCC/prcc/rgb/train/193/A_cropped_rgb025.jpg,0,51,0.8790420293807983,0.9999998807907104,,B,A,092,193,male,male,black,black,short,short,average,average
visual,4,/data/datasets/PRCC/prcc/rgb/train/092/B_cropped_rgb139.jpg,/data/datasets/PRCC/prcc/rgb/train/193/A_cropped_rgb028.jpg,0,51,0.8779987096786499,0.9999998807907104,,B,A,092,193,male,male,black,black,short,short,average,average
visual,5,/data/datasets/PRCC/prcc/rgb/train/092/B_cropped_rgb139.jpg,/data/datasets/PRCC/prcc/rgb/train/193/A_cropped_rgb052.jpg,0,51,0.8729246854782104,0.9999998807907104,,B,A,092,193,male,male,black,black,short,short,average,average
semantic,1,/data/datasets/PRCC/prcc/rgb/train/092/B_cropped_rgb139.jpg,/data/datasets/PRCC/prcc/rgb/train/149/B_cropped_rgb583.jpg,0,24,0.8823890686035156,0.9999998807907104,,B,B,092,149,male,male,black,black,short,short,average,average
semantic,2,/data/datasets/PRCC/prcc/rgb/train/092/B_cropped_rgb139.jpg,/data/datasets/PRCC/prcc/rgb/train/110/A_cropped_rgb517.jpg,0,8,0.6379569172859192,0.9999998807907104,,B,A,092,110,male,male,black,black,short,short,average,average
semantic,3,/data/datasets/PRCC/prcc/rgb/train/092/B_cropped_rgb139.jpg,/data/datasets/PRCC/prcc/rgb/train/185/A_cropped_rgb019.jpg,0,48,0.7038486003875732,0.9999998807907104,,B,A,092,185,male,male,black,black,short,short,average,average
semantic,4,/data/datasets/PRCC/prcc/rgb/train/092/B_cropped_rgb139.jpg,/data/datasets/PRCC/prcc/rgb/train/300/C_cropped_rgb171.jpg,0,133,0.7630141377449036,0.9999998807907104,,B,C,092,300C,male,male,black,black,short,short,average,average
semantic,5,/data/datasets/PRCC/prcc/rgb/train/092/B_cropped_rgb139.jpg,/data/datasets/PRCC/prcc/rgb/train/177/C_cropped_rgb475.jpg,0,42,0.658489465713501,0.9999998807907104,,B,C,092,177C,male,male,black,black,short,short,average,average
hybrid,1,/data/datasets/PRCC/prcc/rgb/train/092/B_cropped_rgb139.jpg,/data/datasets/PRCC/prcc/rgb/train/149/B_cropped_rgb583.jpg,0,24,0.8823890686035156,0.9999998807907104,1,B,B,092,149,male,male,black,black,short,short,average,average
hybrid,2,/data/datasets/PRCC/prcc/rgb/train/092/B_cropped_rgb139.jpg,/data/datasets/PRCC/prcc/rgb/train/114/B_cropped_rgb144.jpg,0,11,0.8859677314758301,0.9999998807907104,2,B,B,092,114,male,male,black,black,short,short,average,average
hybrid,3,/data/datasets/PRCC/prcc/rgb/train/092/B_cropped_rgb139.jpg,/data/datasets/PRCC/prcc/rgb/train/110/A_cropped_rgb517.jpg,0,8,0.6379569172859192,0.9999998807907104,3,B,A,092,110,male,male,black,black,short,short,average,average
hybrid,4,/data/datasets/PRCC/prcc/rgb/train/092/B_cropped_rgb139.jpg,/data/datasets/PRCC/prcc/rgb/train/185/A_cropped_rgb019.jpg,0,48,0.7038486003875732,0.9999998807907104,4,B,A,092,185,male,male,black,black,short,short,average,average
hybrid,5,/data/datasets/PRCC/prcc/rgb/train/092/B_cropped_rgb139.jpg,/data/datasets/PRCC/prcc/rgb/train/193/A_cropped_rgb025.jpg,0,51,0.8790420293807983,0.9999998807907104,5,B,A,092,193,male,male,black,black,short,short,average,average
visual,1,/data/datasets/PRCC/prcc/rgb/train/092/B_cropped_rgb142.jpg,/data/datasets/PRCC/prcc/rgb/train/193/A_cropped_rgb025.jpg,0,51,0.8980097770690918,0.9954804182052612,,B,A,092,193,male,male,black,black,short,short,slim,average
visual,2,/data/datasets/PRCC/prcc/rgb/train/092/B_cropped_rgb142.jpg,/data/datasets/PRCC/prcc/rgb/train/193/A_cropped_rgb028.jpg,0,51,0.894453763961792,0.9954804182052612,,B,A,092,193,male,male,black,black,short,short,slim,average
visual,3,/data/datasets/PRCC/prcc/rgb/train/092/B_cropped_rgb142.jpg,/data/datasets/PRCC/prcc/rgb/train/193/A_cropped_rgb016.jpg,0,51,0.8914073705673218,0.9954804182052612,,B,A,092,193,male,male,black,black,short,short,slim,average
visual,4,/data/datasets/PRCC/prcc/rgb/train/092/B_cropped_rgb142.jpg,/data/datasets/PRCC/prcc/rgb/train/193/A_cropped_rgb019.jpg,0,51,0.8892263770103455,0.9954804182052612,,B,A,092,193,male,male,black,black,short,short,slim,average
visual,5,/data/datasets/PRCC/prcc/rgb/train/092/B_cropped_rgb142.jpg,/data/datasets/PRCC/prcc/rgb/train/193/A_cropped_rgb052.jpg,0,51,0.8889808654785156,0.9954804182052612,,B,A,092,193,male,male,black,black,short,short,slim,average
semantic,1,/data/datasets/PRCC/prcc/rgb/train/092/B_cropped_rgb142.jpg,/data/datasets/PRCC/prcc/rgb/train/253/B_cropped_rgb078.jpg,0,95,0.7691383361816406,1.0000001192092896,,B,B,092,253,male,male,black,black,short,short,slim,slim
semantic,2,/data/datasets/PRCC/prcc/rgb/train/092/B_cropped_rgb142.jpg,/data/datasets/PRCC/prcc/rgb/train/301/A_cropped_rgb484.jpg,0,134,0.7686145901679993,1.0000001192092896,,B,A,092,301,male,male,black,black,short,short,slim,slim
semantic,3,/data/datasets/PRCC/prcc/rgb/train/092/B_cropped_rgb142.jpg,/data/datasets/PRCC/prcc/rgb/train/251/C_cropped_rgb463.jpg,0,93,0.6544994711875916,1.0000001192092896,,B,C,092,251C,male,male,black,black,short,short,slim,slim
semantic,4,/data/datasets/PRCC/prcc/rgb/train/092/B_cropped_rgb142.jpg,/data/datasets/PRCC/prcc/rgb/train/189/B_cropped_rgb247.jpg,0,49,0.7395379543304443,1.0000001192092896,,B,B,092,189,male,male,black,black,short,short,slim,slim
semantic,5,/data/datasets/PRCC/prcc/rgb/train/092/B_cropped_rgb142.jpg,/data/datasets/PRCC/prcc/rgb/train/299/B_cropped_rgb211.jpg,0,132,0.7153344750404358,1.0000001192092896,,B,B,092,299,male,male,black,black,short,short,slim,slim
hybrid,1,/data/datasets/PRCC/prcc/rgb/train/092/B_cropped_rgb142.jpg,/data/datasets/PRCC/prcc/rgb/train/253/B_cropped_rgb078.jpg,0,95,0.7691383361816406,1.0000001192092896,1,B,B,092,253,male,male,black,black,short,short,slim,slim
hybrid,2,/data/datasets/PRCC/prcc/rgb/train/092/B_cropped_rgb142.jpg,/data/datasets/PRCC/prcc/rgb/train/193/A_cropped_rgb025.jpg,0,51,0.8980097770690918,0.9954804182052612,2,B,A,092,193,male,male,black,black,short,short,slim,average
hybrid,3,/data/datasets/PRCC/prcc/rgb/train/092/B_cropped_rgb142.jpg,/data/datasets/PRCC/prcc/rgb/train/301/A_cropped_rgb484.jpg,0,134,0.7686145901679993,1.0000001192092896,3,B,A,092,301,male,male,black,black,short,short,slim,slim
hybrid,4,/data/datasets/PRCC/prcc/rgb/train/092/B_cropped_rgb142.jpg,/data/datasets/PRCC/prcc/rgb/train/193/A_cropped_rgb028.jpg,0,51,0.894453763961792,0.9954804182052612,4,B,A,092,193,male,male,black,black,short,short,slim,average
hybrid,5,/data/datasets/PRCC/prcc/rgb/train/092/B_cropped_rgb142.jpg,/data/datasets/PRCC/prcc/rgb/train/251/C_cropped_rgb463.jpg,0,93,0.6544994711875916,1.0000001192092896,5,B,C,092,251C,male,male,black,black,short,short,slim,slim
visual,1,/data/datasets/PRCC/prcc/rgb/train/092/B_cropped_rgb145.jpg,/data/datasets/PRCC/prcc/rgb/train/193/A_cropped_rgb025.jpg,0,51,0.9085052609443665,0.9999998807907104,,B,A,092,193,male,male,black,black,short,short,average,average
visual,2,/data/datasets/PRCC/prcc/rgb/train/092/B_cropped_rgb145.jpg,/data/datasets/PRCC/prcc/rgb/train/193/A_cropped_rgb052.jpg,0,51,0.9051335453987122,0.9999998807907104,,B,A,092,193,male,male,black,black,short,short,average,average
visual,3,/data/datasets/PRCC/prcc/rgb/train/092/B_cropped_rgb145.jpg,/data/datasets/PRCC/prcc/rgb/train/193/A_cropped_rgb019.jpg,0,51,0.9001345634460449,0.9999998807907104,,B,A,092,193,male,male,black,black,short,short,average,average
visual,4,/data/datasets/PRCC/prcc/rgb/train/092/B_cropped_rgb145.jpg,/data/datasets/PRCC/prcc/rgb/train/193/A_cropped_rgb028.jpg,0,51,0.8983399868011475,0.9999998807907104,,B,A,092,193,male,male,black,black,short,short,average,average
visual,5,/data/datasets/PRCC/prcc/rgb/train/092/B_cropped_rgb145.jpg,/data/datasets/PRCC/prcc/rgb/train/193/A_cropped_rgb016.jpg,0,51,0.8980110883712769,0.9999998807907104,,B,A,092,193,male,male,black,black,short,short,average,average
semantic,1,/data/datasets/PRCC/prcc/rgb/train/092/B_cropped_rgb145.jpg,/data/datasets/PRCC/prcc/rgb/train/149/B_cropped_rgb583.jpg,0,24,0.8650068044662476,0.9999998807907104,,B,B,092,149,male,male,black,black,short,short,average,average
semantic,2,/data/datasets/PRCC/prcc/rgb/train/092/B_cropped_rgb145.jpg,/data/datasets/PRCC/prcc/rgb/train/110/A_cropped_rgb517.jpg,0,8,0.6375988721847534,0.9999998807907104,,B,A,092,110,male,male,black,black,short,short,average,average
semantic,3,/data/datasets/PRCC/prcc/rgb/train/092/B_cropped_rgb145.jpg,/data/datasets/PRCC/prcc/rgb/train/185/A_cropped_rgb019.jpg,0,48,0.7294653058052063,0.9999998807907104,,B,A,092,185,male,male,black,black,short,short,average,average
semantic,4,/data/datasets/PRCC/prcc/rgb/train/092/B_cropped_rgb145.jpg,/data/datasets/PRCC/prcc/rgb/train/300/C_cropped_rgb171.jpg,0,133,0.7525137662887573,0.9999998807907104,,B,C,092,300C,male,male,black,black,short,short,average,average
semantic,5,/data/datasets/PRCC/prcc/rgb/train/092/B_cropped_rgb145.jpg,/data/datasets/PRCC/prcc/rgb/train/177/C_cropped_rgb475.jpg,0,42,0.6754372119903564,0.9999998807907104,,B,C,092,177C,male,male,black,black,short,short,average,average
hybrid,1,/data/datasets/PRCC/prcc/rgb/train/092/B_cropped_rgb145.jpg,/data/datasets/PRCC/prcc/rgb/train/149/B_cropped_rgb583.jpg,0,24,0.8650068044662476,0.9999998807907104,1,B,B,092,149,male,male,black,black,short,short,average,average
hybrid,2,/data/datasets/PRCC/prcc/rgb/train/092/B_cropped_rgb145.jpg,/data/datasets/PRCC/prcc/rgb/train/193/A_cropped_rgb025.jpg,0,51,0.9085052609443665,0.9999998807907104,2,B,A,092,193,male,male,black,black,short,short,average,average
hybrid,3,/data/datasets/PRCC/prcc/rgb/train/092/B_cropped_rgb145.jpg,/data/datasets/PRCC/prcc/rgb/train/110/A_cropped_rgb517.jpg,0,8,0.6375988721847534,0.9999998807907104,3,B,A,092,110,male,male,black,black,short,short,average,average
hybrid,4,/data/datasets/PRCC/prcc/rgb/train/092/B_cropped_rgb145.jpg,/data/datasets/PRCC/prcc/rgb/train/193/A_cropped_rgb052.jpg,0,51,0.9051335453987122,0.9999998807907104,4,B,A,092,193,male,male,black,black,short,short,average,average
hybrid,5,/data/datasets/PRCC/prcc/rgb/train/092/B_cropped_rgb145.jpg,/data/datasets/PRCC/prcc/rgb/train/185/A_cropped_rgb019.jpg,0,48,0.7294653058052063,0.9999998807907104,5,B,A,092,185,male,male,black,black,short,short,average,average
visual,1,/data/datasets/PRCC/prcc/rgb/train/092/B_cropped_rgb148.jpg,/data/datasets/PRCC/prcc/rgb/train/193/A_cropped_rgb025.jpg,0,51,0.913983166217804,0.9999998807907104,,B,A,092,193,male,male,black,black,short,short,average,average
visual,2,/data/datasets/PRCC/prcc/rgb/train/092/B_cropped_rgb148.jpg,/data/datasets/PRCC/prcc/rgb/train/193/A_cropped_rgb016.jpg,0,51,0.9098316431045532,0.9999998807907104,,B,A,092,193,male,male,black,black,short,short,average,average
visual,3,/data/datasets/PRCC/prcc/rgb/train/092/B_cropped_rgb148.jpg,/data/datasets/PRCC/prcc/rgb/train/193/A_cropped_rgb028.jpg,0,51,0.9075894355773926,0.9999998807907104,,B,A,092,193,male,male,black,black,short,short,average,average
visual,4,/data/datasets/PRCC/prcc/rgb/train/092/B_cropped_rgb148.jpg,/data/datasets/PRCC/prcc/rgb/train/193/A_cropped_rgb019.jpg,0,51,0.9071389436721802,0.9999998807907104,,B,A,092,193,male,male,black,black,short,short,average,average
visual,5,/data/datasets/PRCC/prcc/rgb/train/092/B_cropped_rgb148.jpg,/data/datasets/PRCC/prcc/rgb/train/193/A_cropped_rgb052.jpg,0,51,0.9067926406860352,0.9999998807907104,,B,A,092,193,male,male,black,black,short,short,average,average
semantic,1,/data/datasets/PRCC/prcc/rgb/train/092/B_cropped_rgb148.jpg,/data/datasets/PRCC/prcc/rgb/train/149/B_cropped_rgb583.jpg,0,24,0.8807977437973022,0.9999998807907104,,B,B,092,149,male,male,black,black,short,short,average,average
semantic,2,/data/datasets/PRCC/prcc/rgb/train/092/B_cropped_rgb148.jpg,/data/datasets/PRCC/prcc/rgb/train/110/A_cropped_rgb517.jpg,0,8,0.6412615776062012,0.9999998807907104,,B,A,092,110,male,male,black,black,short,short,average,average
semantic,3,/data/datasets/PRCC/prcc/rgb/train/092/B_cropped_rgb148.jpg,/data/datasets/PRCC/prcc/rgb/train/185/A_cropped_rgb019.jpg,0,48,0.728429913520813,0.9999998807907104,,B,A,092,185,male,male,black,black,short,short,average,average
semantic,4,/data/datasets/PRCC/prcc/rgb/train/092/B_cropped_rgb148.jpg,/data/datasets/PRCC/prcc/rgb/train/300/C_cropped_rgb171.jpg,0,133,0.7412540316581726,0.9999998807907104,,B,C,092,300C,male,male,black,black,short,short,average,average
semantic,5,/data/datasets/PRCC/prcc/rgb/train/092/B_cropped_rgb148.jpg,/data/datasets/PRCC/prcc/rgb/train/177/C_cropped_rgb475.jpg,0,42,0.6605710983276367,0.9999998807907104,,B,C,092,177C,male,male,black,black,short,short,average,average
hybrid,1,/data/datasets/PRCC/prcc/rgb/train/092/B_cropped_rgb148.jpg,/data/datasets/PRCC/prcc/rgb/train/149/B_cropped_rgb583.jpg,0,24,0.8807977437973022,0.9999998807907104,1,B,B,092,149,male,male,black,black,short,short,average,average
hybrid,2,/data/datasets/PRCC/prcc/rgb/train/092/B_cropped_rgb148.jpg,/data/datasets/PRCC/prcc/rgb/train/193/A_cropped_rgb025.jpg,0,51,0.913983166217804,0.9999998807907104,2,B,A,092,193,male,male,black,black,short,short,average,average
hybrid,3,/data/datasets/PRCC/prcc/rgb/train/092/B_cropped_rgb148.jpg,/data/datasets/PRCC/prcc/rgb/train/110/A_cropped_rgb517.jpg,0,8,0.6412615776062012,0.9999998807907104,3,B,A,092,110,male,male,black,black,short,short,average,average
hybrid,4,/data/datasets/PRCC/prcc/rgb/train/092/B_cropped_rgb148.jpg,/data/datasets/PRCC/prcc/rgb/train/193/A_cropped_rgb016.jpg,0,51,0.9098316431045532,0.9999998807907104,4,B,A,092,193,male,male,black,black,short,short,average,average
hybrid,5,/data/datasets/PRCC/prcc/rgb/train/092/B_cropped_rgb148.jpg,/data/datasets/PRCC/prcc/rgb/train/185/A_cropped_rgb019.jpg,0,48,0.728429913520813,0.9999998807907104,5,B,A,092,185,male,male,black,black,short,short,average,average
visual,1,/data/datasets/PRCC/prcc/rgb/train/092/B_cropped_rgb149.jpg,/data/datasets/PRCC/prcc/rgb/train/193/A_cropped_rgb025.jpg,0,51,0.9126565456390381,0.9954804182052612,,B,A,092,193,male,male,black,black,short,short,slim,average
visual,2,/data/datasets/PRCC/prcc/rgb/train/092/B_cropped_rgb149.jpg,/data/datasets/PRCC/prcc/rgb/train/193/A_cropped_rgb028.jpg,0,51,0.9087308645248413,0.9954804182052612,,B,A,092,193,male,male,black,black,short,short,slim,average
visual,3,/data/datasets/PRCC/prcc/rgb/train/092/B_cropped_rgb149.jpg,/data/datasets/PRCC/prcc/rgb/train/193/A_cropped_rgb016.jpg,0,51,0.9072672128677368,0.9954804182052612,,B,A,092,193,male,male,black,black,short,short,slim,average
visual,4,/data/datasets/PRCC/prcc/rgb/train/092/B_cropped_rgb149.jpg,/data/datasets/PRCC/prcc/rgb/train/193/A_cropped_rgb052.jpg,0,51,0.903823733329773,0.9954804182052612,,B,A,092,193,male,male,black,black,short,short,slim,average
visual,5,/data/datasets/PRCC/prcc/rgb/train/092/B_cropped_rgb149.jpg,/data/datasets/PRCC/prcc/rgb/train/193/A_cropped_rgb019.jpg,0,51,0.9033132195472717,0.9954804182052612,,B,A,092,193,male,male,black,black,short,short,slim,average
semantic,1,/data/datasets/PRCC/prcc/rgb/train/092/B_cropped_rgb149.jpg,/data/datasets/PRCC/prcc/rgb/train/253/B_cropped_rgb078.jpg,0,95,0.725067138671875,1.0000001192092896,,B,B,092,253,male,male,black,black,short,short,slim,slim
semantic,2,/data/datasets/PRCC/prcc/rgb/train/092/B_cropped_rgb149.jpg,/data/datasets/PRCC/prcc/rgb/train/301/A_cropped_rgb484.jpg,0,134,0.7301145195960999,1.0000001192092896,,B,A,092,301,male,male,black,black,short,short,slim,slim
semantic,3,/data/datasets/PRCC/prcc/rgb/train/092/B_cropped_rgb149.jpg,/data/datasets/PRCC/prcc/rgb/train/251/C_cropped_rgb463.jpg,0,93,0.605183482170105,1.0000001192092896,,B,C,092,251C,male,male,black,black,short,short,slim,slim
semantic,4,/data/datasets/PRCC/prcc/rgb/train/092/B_cropped_rgb149.jpg,/data/datasets/PRCC/prcc/rgb/train/189/B_cropped_rgb247.jpg,0,49,0.7098101377487183,1.0000001192092896,,B,B,092,189,male,male,black,black,short,short,slim,slim
semantic,5,/data/datasets/PRCC/prcc/rgb/train/092/B_cropped_rgb149.jpg,/data/datasets/PRCC/prcc/rgb/train/299/B_cropped_rgb211.jpg,0,132,0.6685868501663208,1.0000001192092896,,B,B,092,299,male,male,black,black,short,short,slim,slim
hybrid,1,/data/datasets/PRCC/prcc/rgb/train/092/B_cropped_rgb149.jpg,/data/datasets/PRCC/prcc/rgb/train/253/B_cropped_rgb078.jpg,0,95,0.725067138671875,1.0000001192092896,1,B,B,092,253,male,male,black,black,short,short,slim,slim
hybrid,2,/data/datasets/PRCC/prcc/rgb/train/092/B_cropped_rgb149.jpg,/data/datasets/PRCC/prcc/rgb/train/193/A_cropped_rgb025.jpg,0,51,0.9126565456390381,0.9954804182052612,2,B,A,092,193,male,male,black,black,short,short,slim,average
hybrid,3,/data/datasets/PRCC/prcc/rgb/train/092/B_cropped_rgb149.jpg,/data/datasets/PRCC/prcc/rgb/train/301/A_cropped_rgb484.jpg,0,134,0.7301145195960999,1.0000001192092896,3,B,A,092,301,male,male,black,black,short,short,slim,slim
hybrid,4,/data/datasets/PRCC/prcc/rgb/train/092/B_cropped_rgb149.jpg,/data/datasets/PRCC/prcc/rgb/train/193/A_cropped_rgb028.jpg,0,51,0.9087308645248413,0.9954804182052612,4,B,A,092,193,male,male,black,black,short,short,slim,average
hybrid,5,/data/datasets/PRCC/prcc/rgb/train/092/B_cropped_rgb149.jpg,/data/datasets/PRCC/prcc/rgb/train/251/C_cropped_rgb463.jpg,0,93,0.605183482170105,1.0000001192092896,5,B,C,092,251C,male,male,black,black,short,short,slim,slim
visual,1,/data/datasets/PRCC/prcc/rgb/train/092/B_cropped_rgb154.jpg,/data/datasets/PRCC/prcc/rgb/train/193/A_cropped_rgb025.jpg,0,51,0.8962557315826416,0.9999998807907104,,B,A,092,193,male,male,black,black,short,short,average,average
visual,2,/data/datasets/PRCC/prcc/rgb/train/092/B_cropped_rgb154.jpg,/data/datasets/PRCC/prcc/rgb/train/193/A_cropped_rgb016.jpg,0,51,0.8926844596862793,0.9999998807907104,,B,A,092,193,male,male,black,black,short,short,average,average
visual,3,/data/datasets/PRCC/prcc/rgb/train/092/B_cropped_rgb154.jpg,/data/datasets/PRCC/prcc/rgb/train/193/A_cropped_rgb028.jpg,0,51,0.8920301198959351,0.9999998807907104,,B,A,092,193,male,male,black,black,short,short,average,average
visual,4,/data/datasets/PRCC/prcc/rgb/train/092/B_cropped_rgb154.jpg,/data/datasets/PRCC/prcc/rgb/train/193/A_cropped_rgb385.jpg,0,51,0.8857417702674866,0.9999998807907104,,B,A,092,193,male,male,black,black,short,short,average,average
visual,5,/data/datasets/PRCC/prcc/rgb/train/092/B_cropped_rgb154.jpg,/data/datasets/PRCC/prcc/rgb/train/193/A_cropped_rgb019.jpg,0,51,0.8857083320617676,0.9999998807907104,,B,A,092,193,male,male,black,black,short,short,average,average
semantic,1,/data/datasets/PRCC/prcc/rgb/train/092/B_cropped_rgb154.jpg,/data/datasets/PRCC/prcc/rgb/train/149/B_cropped_rgb583.jpg,0,24,0.8631644248962402,0.9999998807907104,,B,B,092,149,male,male,black,black,short,short,average,average
semantic,2,/data/datasets/PRCC/prcc/rgb/train/092/B_cropped_rgb154.jpg,/data/datasets/PRCC/prcc/rgb/train/110/A_cropped_rgb517.jpg,0,8,0.646936297416687,0.9999998807907104,,B,A,092,110,male,male,black,black,short,short,average,average
semantic,3,/data/datasets/PRCC/prcc/rgb/train/092/B_cropped_rgb154.jpg,/data/datasets/PRCC/prcc/rgb/train/185/A_cropped_rgb019.jpg,0,48,0.7306571006774902,0.9999998807907104,,B,A,092,185,male,male,black,black,short,short,average,average
semantic,4,/data/datasets/PRCC/prcc/rgb/train/092/B_cropped_rgb154.jpg,/data/datasets/PRCC/prcc/rgb/train/300/C_cropped_rgb171.jpg,0,133,0.7255556583404541,0.9999998807907104,,B,C,092,300C,male,male,black,black,short,short,average,average
semantic,5,/data/datasets/PRCC/prcc/rgb/train/092/B_cropped_rgb154.jpg,/data/datasets/PRCC/prcc/rgb/train/177/C_cropped_rgb475.jpg,0,42,0.6636736392974854,0.9999998807907104,,B,C,092,177C,male,male,black,black,short,short,average,average
hybrid,1,/data/datasets/PRCC/prcc/rgb/train/092/B_cropped_rgb154.jpg,/data/datasets/PRCC/prcc/rgb/train/149/B_cropped_rgb583.jpg,0,24,0.8631644248962402,0.9999998807907104,1,B,B,092,149,male,male,black,black,short,short,average,average
hybrid,2,/data/datasets/PRCC/prcc/rgb/train/092/B_cropped_rgb154.jpg,/data/datasets/PRCC/prcc/rgb/train/193/A_cropped_rgb025.jpg,0,51,0.8962557315826416,0.9999998807907104,2,B,A,092,193,male,male,black,black,short,short,average,average
hybrid,3,/data/datasets/PRCC/prcc/rgb/train/092/B_cropped_rgb154.jpg,/data/datasets/PRCC/prcc/rgb/train/110/A_cropped_rgb517.jpg,0,8,0.646936297416687,0.9999998807907104,3,B,A,092,110,male,male,black,black,short,short,average,average
hybrid,4,/data/datasets/PRCC/prcc/rgb/train/092/B_cropped_rgb154.jpg,/data/datasets/PRCC/prcc/rgb/train/193/A_cropped_rgb016.jpg,0,51,0.8926844596862793,0.9999998807907104,4,B,A,092,193,male,male,black,black,short,short,average,average
hybrid,5,/data/datasets/PRCC/prcc/rgb/train/092/B_cropped_rgb154.jpg,/data/datasets/PRCC/prcc/rgb/train/185/A_cropped_rgb019.jpg,0,48,0.7306571006774902,0.9999998807907104,5,B,A,092,185,male,male,black,black,short,short,average,average
visual,1,/data/datasets/PRCC/prcc/rgb/train/092/B_cropped_rgb157.jpg,/data/datasets/PRCC/prcc/rgb/train/193/A_cropped_rgb025.jpg,0,51,0.9003403782844543,0.9999998807907104,,B,A,092,193,male,male,black,black,short,short,average,average
visual,2,/data/datasets/PRCC/prcc/rgb/train/092/B_cropped_rgb157.jpg,/data/datasets/PRCC/prcc/rgb/train/193/A_cropped_rgb052.jpg,0,51,0.8914797306060791,0.9999998807907104,,B,A,092,193,male,male,black,black,short,short,average,average
visual,3,/data/datasets/PRCC/prcc/rgb/train/092/B_cropped_rgb157.jpg,/data/datasets/PRCC/prcc/rgb/train/193/A_cropped_rgb028.jpg,0,51,0.8901230096817017,0.9999998807907104,,B,A,092,193,male,male,black,black,short,short,average,average
visual,4,/data/datasets/PRCC/prcc/rgb/train/092/B_cropped_rgb157.jpg,/data/datasets/PRCC/prcc/rgb/train/193/A_cropped_rgb016.jpg,0,51,0.8899877071380615,0.9999998807907104,,B,A,092,193,male,male,black,black,short,short,average,average
visual,5,/data/datasets/PRCC/prcc/rgb/train/092/B_cropped_rgb157.jpg,/data/datasets/PRCC/prcc/rgb/train/193/A_cropped_rgb019.jpg,0,51,0.8869266510009766,0.9999998807907104,,B,A,092,193,male,male,black,black,short,short,average,average
semantic,1,/data/datasets/PRCC/prcc/rgb/train/092/B_cropped_rgb157.jpg,/data/datasets/PRCC/prcc/rgb/train/149/B_cropped_rgb583.jpg,0,24,0.8663772344589233,0.9999998807907104,,B,B,092,149,male,male,black,black,short,short,average,average
semantic,2,/data/datasets/PRCC/prcc/rgb/train/092/B_cropped_rgb157.jpg,/data/datasets/PRCC/prcc/rgb/train/110/A_cropped_rgb517.jpg,0,8,0.6426773071289062,0.9999998807907104,,B,A,092,110,male,male,black,black,short,short,average,average
semantic,3,/data/datasets/PRCC/prcc/rgb/train/092/B_cropped_rgb157.jpg,/data/datasets/PRCC/prcc/rgb/train/185/A_cropped_rgb019.jpg,0,48,0.7366774082183838,0.9999998807907104,,B,A,092,185,male,male,black,black,short,short,average,average
semantic,4,/data/datasets/PRCC/prcc/rgb/train/092/B_cropped_rgb157.jpg,/data/datasets/PRCC/prcc/rgb/train/300/C_cropped_rgb171.jpg,0,133,0.7481557726860046,0.9999998807907104,,B,C,092,300C,male,male,black,black,short,short,average,average
semantic,5,/data/datasets/PRCC/prcc/rgb/train/092/B_cropped_rgb157.jpg,/data/datasets/PRCC/prcc/rgb/train/177/C_cropped_rgb475.jpg,0,42,0.662929117679596,0.9999998807907104,,B,C,092,177C,male,male,black,black,short,short,average,average
hybrid,1,/data/datasets/PRCC/prcc/rgb/train/092/B_cropped_rgb157.jpg,/data/datasets/PRCC/prcc/rgb/train/149/B_cropped_rgb583.jpg,0,24,0.8663772344589233,0.9999998807907104,1,B,B,092,149,male,male,black,black,short,short,average,average
hybrid,2,/data/datasets/PRCC/prcc/rgb/train/092/B_cropped_rgb157.jpg,/data/datasets/PRCC/prcc/rgb/train/193/A_cropped_rgb025.jpg,0,51,0.9003403782844543,0.9999998807907104,2,B,A,092,193,male,male,black,black,short,short,average,average
hybrid,3,/data/datasets/PRCC/prcc/rgb/train/092/B_cropped_rgb157.jpg,/data/datasets/PRCC/prcc/rgb/train/110/A_cropped_rgb517.jpg,0,8,0.6426773071289062,0.9999998807907104,3,B,A,092,110,male,male,black,black,short,short,average,average
hybrid,4,/data/datasets/PRCC/prcc/rgb/train/092/B_cropped_rgb157.jpg,/data/datasets/PRCC/prcc/rgb/train/193/A_cropped_rgb052.jpg,0,51,0.8914797306060791,0.9999998807907104,4,B,A,092,193,male,male,black,black,short,short,average,average
hybrid,5,/data/datasets/PRCC/prcc/rgb/train/092/B_cropped_rgb157.jpg,/data/datasets/PRCC/prcc/rgb/train/185/A_cropped_rgb019.jpg,0,48,0.7366774082183838,0.9999998807907104,5,B,A,092,185,male,male,black,black,short,short,average,average
visual,1,/data/datasets/PRCC/prcc/rgb/train/092/B_cropped_rgb163.jpg,/data/datasets/PRCC/prcc/rgb/train/193/A_cropped_rgb025.jpg,0,51,0.903393030166626,0.9999998807907104,,B,A,092,193,male,male,black,black,short,short,average,average
visual,2,/data/datasets/PRCC/prcc/rgb/train/092/B_cropped_rgb163.jpg,/data/datasets/PRCC/prcc/rgb/train/193/A_cropped_rgb016.jpg,0,51,0.9031658172607422,0.9999998807907104,,B,A,092,193,male,male,black,black,short,short,average,average
visual,3,/data/datasets/PRCC/prcc/rgb/train/092/B_cropped_rgb163.jpg,/data/datasets/PRCC/prcc/rgb/train/193/A_cropped_rgb028.jpg,0,51,0.8984087705612183,0.9999998807907104,,B,A,092,193,male,male,black,black,short,short,average,average
visual,4,/data/datasets/PRCC/prcc/rgb/train/092/B_cropped_rgb163.jpg,/data/datasets/PRCC/prcc/rgb/train/193/A_cropped_rgb045.jpg,0,51,0.8955860137939453,0.9999998807907104,,B,A,092,193,male,male,black,black,short,short,average,average
visual,5,/data/datasets/PRCC/prcc/rgb/train/092/B_cropped_rgb163.jpg,/data/datasets/PRCC/prcc/rgb/train/193/A_cropped_rgb019.jpg,0,51,0.8951085805892944,0.9999998807907104,,B,A,092,193,male,male,black,black,short,short,average,average
semantic,1,/data/datasets/PRCC/prcc/rgb/train/092/B_cropped_rgb163.jpg,/data/datasets/PRCC/prcc/rgb/train/149/B_cropped_rgb583.jpg,0,24,0.8790637254714966,0.9999998807907104,,B,B,092,149,male,male,black,black,short,short,average,average
semantic,2,/data/datasets/PRCC/prcc/rgb/train/092/B_cropped_rgb163.jpg,/data/datasets/PRCC/prcc/rgb/train/110/A_cropped_rgb517.jpg,0,8,0.6317440867424011,0.9999998807907104,,B,A,092,110,male,male,black,black,short,short,average,average
semantic,3,/data/datasets/PRCC/prcc/rgb/train/092/B_cropped_rgb163.jpg,/data/datasets/PRCC/prcc/rgb/train/185/A_cropped_rgb019.jpg,0,48,0.7386221885681152,0.9999998807907104,,B,A,092,185,male,male,black,black,short,short,average,average
semantic,4,/data/datasets/PRCC/prcc/rgb/train/092/B_cropped_rgb163.jpg,/data/datasets/PRCC/prcc/rgb/train/300/C_cropped_rgb171.jpg,0,133,0.7395957708358765,0.9999998807907104,,B,C,092,300C,male,male,black,black,short,short,average,average
semantic,5,/data/datasets/PRCC/prcc/rgb/train/092/B_cropped_rgb163.jpg,/data/datasets/PRCC/prcc/rgb/train/177/C_cropped_rgb475.jpg,0,42,0.671239972114563,0.9999998807907104,,B,C,092,177C,male,male,black,black,short,short,average,average
hybrid,1,/data/datasets/PRCC/prcc/rgb/train/092/B_cropped_rgb163.jpg,/data/datasets/PRCC/prcc/rgb/train/149/B_cropped_rgb583.jpg,0,24,0.8790637254714966,0.9999998807907104,1,B,B,092,149,male,male,black,black,short,short,average,average
hybrid,2,/data/datasets/PRCC/prcc/rgb/train/092/B_cropped_rgb163.jpg,/data/datasets/PRCC/prcc/rgb/train/193/A_cropped_rgb025.jpg,0,51,0.903393030166626,0.9999998807907104,2,B,A,092,193,male,male,black,black,short,short,average,average
hybrid,3,/data/datasets/PRCC/prcc/rgb/train/092/B_cropped_rgb163.jpg,/data/datasets/PRCC/prcc/rgb/train/110/A_cropped_rgb517.jpg,0,8,0.6317440867424011,0.9999998807907104,3,B,A,092,110,male,male,black,black,short,short,average,average
hybrid,4,/data/datasets/PRCC/prcc/rgb/train/092/B_cropped_rgb163.jpg,/data/datasets/PRCC/prcc/rgb/train/193/A_cropped_rgb016.jpg,0,51,0.9031658172607422,0.9999998807907104,4,B,A,092,193,male,male,black,black,short,short,average,average
hybrid,5,/data/datasets/PRCC/prcc/rgb/train/092/B_cropped_rgb163.jpg,/data/datasets/PRCC/prcc/rgb/train/185/A_cropped_rgb019.jpg,0,48,0.7386221885681152,0.9999998807907104,5,B,A,092,185,male,male,black,black,short,short,average,average
visual,1,/data/datasets/PRCC/prcc/rgb/train/092/B_cropped_rgb166.jpg,/data/datasets/PRCC/prcc/rgb/train/193/A_cropped_rgb025.jpg,0,51,0.895911693572998,0.9999998807907104,,B,A,092,193,male,male,black,black,short,short,average,average
visual,2,/data/datasets/PRCC/prcc/rgb/train/092/B_cropped_rgb166.jpg,/data/datasets/PRCC/prcc/rgb/train/193/A_cropped_rgb016.jpg,0,51,0.8894442319869995,0.9999998807907104,,B,A,092,193,male,male,black,black,short,short,average,average
visual,3,/data/datasets/PRCC/prcc/rgb/train/092/B_cropped_rgb166.jpg,/data/datasets/PRCC/prcc/rgb/train/193/A_cropped_rgb019.jpg,0,51,0.8878799676895142,0.9999998807907104,,B,A,092,193,male,male,black,black,short,short,average,average
visual,4,/data/datasets/PRCC/prcc/rgb/train/092/B_cropped_rgb166.jpg,/data/datasets/PRCC/prcc/rgb/train/193/A_cropped_rgb052.jpg,0,51,0.8876376748085022,0.9999998807907104,,B,A,092,193,male,male,black,black,short,short,average,average
visual,5,/data/datasets/PRCC/prcc/rgb/train/092/B_cropped_rgb166.jpg,/data/datasets/PRCC/prcc/rgb/train/193/A_cropped_rgb028.jpg,0,51,0.8863779306411743,0.9999998807907104,,B,A,092,193,male,male,black,black,short,short,average,average
semantic,1,/data/datasets/PRCC/prcc/rgb/train/092/B_cropped_rgb166.jpg,/data/datasets/PRCC/prcc/rgb/train/149/B_cropped_rgb583.jpg,0,24,0.8719784021377563,0.9999998807907104,,B,B,092,149,male,male,black,black,short,short,average,average
semantic,2,/data/datasets/PRCC/prcc/rgb/train/092/B_cropped_rgb166.jpg,/data/datasets/PRCC/prcc/rgb/train/110/A_cropped_rgb517.jpg,0,8,0.6333011388778687,0.9999998807907104,,B,A,092,110,male,male,black,black,short,short,average,average
semantic,3,/data/datasets/PRCC/prcc/rgb/train/092/B_cropped_rgb166.jpg,/data/datasets/PRCC/prcc/rgb/train/185/A_cropped_rgb019.jpg,0,48,0.7443927526473999,0.9999998807907104,,B,A,092,185,male,male,black,black,short,short,average,average
semantic,4,/data/datasets/PRCC/prcc/rgb/train/092/B_cropped_rgb166.jpg,/data/datasets/PRCC/prcc/rgb/train/300/C_cropped_rgb171.jpg,0,133,0.7458715438842773,0.9999998807907104,,B,C,092,300C,male,male,black,black,short,short,average,average
semantic,5,/data/datasets/PRCC/prcc/rgb/train/092/B_cropped_rgb166.jpg,/data/datasets/PRCC/prcc/rgb/train/177/C_cropped_rgb475.jpg,0,42,0.678514301776886,0.9999998807907104,,B,C,092,177C,male,male,black,black,short,short,average,average
hybrid,1,/data/datasets/PRCC/prcc/rgb/train/092/B_cropped_rgb166.jpg,/data/datasets/PRCC/prcc/rgb/train/149/B_cropped_rgb583.jpg,0,24,0.8719784021377563,0.9999998807907104,1,B,B,092,149,male,male,black,black,short,short,average,average
hybrid,2,/data/datasets/PRCC/prcc/rgb/train/092/B_cropped_rgb166.jpg,/data/datasets/PRCC/prcc/rgb/train/193/A_cropped_rgb025.jpg,0,51,0.895911693572998,0.9999998807907104,2,B,A,092,193,male,male,black,black,short,short,average,average
hybrid,3,/data/datasets/PRCC/prcc/rgb/train/092/B_cropped_rgb166.jpg,/data/datasets/PRCC/prcc/rgb/train/110/A_cropped_rgb517.jpg,0,8,0.6333011388778687,0.9999998807907104,3,B,A,092,110,male,male,black,black,short,short,average,average
hybrid,4,/data/datasets/PRCC/prcc/rgb/train/092/B_cropped_rgb166.jpg,/data/datasets/PRCC/prcc/rgb/train/193/A_cropped_rgb016.jpg,0,51,0.8894442319869995,0.9999998807907104,4,B,A,092,193,male,male,black,black,short,short,average,average
hybrid,5,/data/datasets/PRCC/prcc/rgb/train/092/B_cropped_rgb166.jpg,/data/datasets/PRCC/prcc/rgb/train/185/A_cropped_rgb019.jpg,0,48,0.7443927526473999,0.9999998807907104,5,B,A,092,185,male,male,black,black,short,short,average,average
visual,1,/data/datasets/PRCC/prcc/rgb/train/092/B_cropped_rgb169.jpg,/data/datasets/PRCC/prcc/rgb/train/193/A_cropped_rgb025.jpg,0,51,0.8889346718788147,0.9999998807907104,,B,A,092,193,male,male,black,black,short,short,average,average
visual,2,/data/datasets/PRCC/prcc/rgb/train/092/B_cropped_rgb169.jpg,/data/datasets/PRCC/prcc/rgb/train/193/A_cropped_rgb016.jpg,0,51,0.8844428062438965,0.9999998807907104,,B,A,092,193,male,male,black,black,short,short,average,average
visual,3,/data/datasets/PRCC/prcc/rgb/train/092/B_cropped_rgb169.jpg,/data/datasets/PRCC/prcc/rgb/train/193/A_cropped_rgb028.jpg,0,51,0.8834813237190247,0.9999998807907104,,B,A,092,193,male,male,black,black,short,short,average,average
visual,4,/data/datasets/PRCC/prcc/rgb/train/092/B_cropped_rgb169.jpg,/data/datasets/PRCC/prcc/rgb/train/193/A_cropped_rgb019.jpg,0,51,0.8826436996459961,0.9999998807907104,,B,A,092,193,male,male,black,black,short,short,average,average
visual,5,/data/datasets/PRCC/prcc/rgb/train/092/B_cropped_rgb169.jpg,/data/datasets/PRCC/prcc/rgb/train/193/A_cropped_rgb052.jpg,0,51,0.8792302012443542,0.9999998807907104,,B,A,092,193,male,male,black,black,short,short,average,average
semantic,1,/data/datasets/PRCC/prcc/rgb/train/092/B_cropped_rgb169.jpg,/data/datasets/PRCC/prcc/rgb/train/149/B_cropped_rgb583.jpg,0,24,0.8679279685020447,0.9999998807907104,,B,B,092,149,male,male,black,black,short,short,average,average
semantic,2,/data/datasets/PRCC/prcc/rgb/train/092/B_cropped_rgb169.jpg,/data/datasets/PRCC/prcc/rgb/train/110/A_cropped_rgb517.jpg,0,8,0.628357470035553,0.9999998807907104,,B,A,092,110,male,male,black,black,short,short,average,average
semantic,3,/data/datasets/PRCC/prcc/rgb/train/092/B_cropped_rgb169.jpg,/data/datasets/PRCC/prcc/rgb/train/185/A_cropped_rgb019.jpg,0,48,0.7494087219238281,0.9999998807907104,,B,A,092,185,male,male,black,black,short,short,average,average
semantic,4,/data/datasets/PRCC/prcc/rgb/train/092/B_cropped_rgb169.jpg,/data/datasets/PRCC/prcc/rgb/train/300/C_cropped_rgb171.jpg,0,133,0.7399529218673706,0.9999998807907104,,B,C,092,300C,male,male,black,black,short,short,average,average
semantic,5,/data/datasets/PRCC/prcc/rgb/train/092/B_cropped_rgb169.jpg,/data/datasets/PRCC/prcc/rgb/train/177/C_cropped_rgb475.jpg,0,42,0.6690467000007629,0.9999998807907104,,B,C,092,177C,male,male,black,black,short,short,average,average
hybrid,1,/data/datasets/PRCC/prcc/rgb/train/092/B_cropped_rgb169.jpg,/data/datasets/PRCC/prcc/rgb/train/149/B_cropped_rgb583.jpg,0,24,0.8679279685020447,0.9999998807907104,1,B,B,092,149,male,male,black,black,short,short,average,average
hybrid,2,/data/datasets/PRCC/prcc/rgb/train/092/B_cropped_rgb169.jpg,/data/datasets/PRCC/prcc/rgb/train/193/A_cropped_rgb025.jpg,0,51,0.8889346718788147,0.9999998807907104,2,B,A,092,193,male,male,black,black,short,short,average,average
hybrid,3,/data/datasets/PRCC/prcc/rgb/train/092/B_cropped_rgb169.jpg,/data/datasets/PRCC/prcc/rgb/train/110/A_cropped_rgb517.jpg,0,8,0.628357470035553,0.9999998807907104,3,B,A,092,110,male,male,black,black,short,short,average,average
hybrid,4,/data/datasets/PRCC/prcc/rgb/train/092/B_cropped_rgb169.jpg,/data/datasets/PRCC/prcc/rgb/train/193/A_cropped_rgb016.jpg,0,51,0.8844428062438965,0.9999998807907104,4,B,A,092,193,male,male,black,black,short,short,average,average
hybrid,5,/data/datasets/PRCC/prcc/rgb/train/092/B_cropped_rgb169.jpg,/data/datasets/PRCC/prcc/rgb/train/185/A_cropped_rgb019.jpg,0,48,0.7494087219238281,0.9999998807907104,5,B,A,092,185,male,male,black,black,short,short,average,average
visual,1,/data/datasets/PRCC/prcc/rgb/train/092/B_cropped_rgb172.jpg,/data/datasets/PRCC/prcc/rgb/train/193/A_cropped_rgb028.jpg,0,51,0.8882569670677185,0.9999998807907104,,B,A,092,193,male,male,black,black,short,short,average,average
visual,2,/data/datasets/PRCC/prcc/rgb/train/092/B_cropped_rgb172.jpg,/data/datasets/PRCC/prcc/rgb/train/193/A_cropped_rgb025.jpg,0,51,0.8868362903594971,0.9999998807907104,,B,A,092,193,male,male,black,black,short,short,average,average
visual,3,/data/datasets/PRCC/prcc/rgb/train/092/B_cropped_rgb172.jpg,/data/datasets/PRCC/prcc/rgb/train/149/B_cropped_rgb583.jpg,0,24,0.8855618834495544,0.9999998807907104,,B,B,092,149,male,male,black,black,short,short,average,average
visual,4,/data/datasets/PRCC/prcc/rgb/train/092/B_cropped_rgb172.jpg,/data/datasets/PRCC/prcc/rgb/train/193/A_cropped_rgb016.jpg,0,51,0.8833155632019043,0.9999998807907104,,B,A,092,193,male,male,black,black,short,short,average,average
visual,5,/data/datasets/PRCC/prcc/rgb/train/092/B_cropped_rgb172.jpg,/data/datasets/PRCC/prcc/rgb/train/193/A_cropped_rgb019.jpg,0,51,0.8805670142173767,0.9999998807907104,,B,A,092,193,male,male,black,black,short,short,average,average
semantic,1,/data/datasets/PRCC/prcc/rgb/train/092/B_cropped_rgb172.jpg,/data/datasets/PRCC/prcc/rgb/train/149/B_cropped_rgb583.jpg,0,24,0.8855618834495544,0.9999998807907104,,B,B,092,149,male,male,black,black,short,short,average,average
semantic,2,/data/datasets/PRCC/prcc/rgb/train/092/B_cropped_rgb172.jpg,/data/datasets/PRCC/prcc/rgb/train/110/A_cropped_rgb517.jpg,0,8,0.6653292775154114,0.9999998807907104,,B,A,092,110,male,male,black,black,short,short,average,average
semantic,3,/data/datasets/PRCC/prcc/rgb/train/092/B_cropped_rgb172.jpg,/data/datasets/PRCC/prcc/rgb/train/185/A_cropped_rgb019.jpg,0,48,0.7414916753768921,0.9999998807907104,,B,A,092,185,male,male,black,black,short,short,average,average
semantic,4,/data/datasets/PRCC/prcc/rgb/train/092/B_cropped_rgb172.jpg,/data/datasets/PRCC/prcc/rgb/train/300/C_cropped_rgb171.jpg,0,133,0.7425679564476013,0.9999998807907104,,B,C,092,300C,male,male,black,black,short,short,average,average
semantic,5,/data/datasets/PRCC/prcc/rgb/train/092/B_cropped_rgb172.jpg,/data/datasets/PRCC/prcc/rgb/train/177/C_cropped_rgb475.jpg,0,42,0.6707414388656616,0.9999998807907104,,B,C,092,177C,male,male,black,black,short,short,average,average
hybrid,1,/data/datasets/PRCC/prcc/rgb/train/092/B_cropped_rgb172.jpg,/data/datasets/PRCC/prcc/rgb/train/149/B_cropped_rgb583.jpg,0,24,0.8855618834495544,0.9999998807907104,1,B,B,092,149,male,male,black,black,short,short,average,average
hybrid,2,/data/datasets/PRCC/prcc/rgb/train/092/B_cropped_rgb172.jpg,/data/datasets/PRCC/prcc/rgb/train/193/A_cropped_rgb028.jpg,0,51,0.8882569670677185,0.9999998807907104,2,B,A,092,193,male,male,black,black,short,short,average,average
hybrid,3,/data/datasets/PRCC/prcc/rgb/train/092/B_cropped_rgb172.jpg,/data/datasets/PRCC/prcc/rgb/train/110/A_cropped_rgb517.jpg,0,8,0.6653292775154114,0.9999998807907104,3,B,A,092,110,male,male,black,black,short,short,average,average
hybrid,4,/data/datasets/PRCC/prcc/rgb/train/092/B_cropped_rgb172.jpg,/data/datasets/PRCC/prcc/rgb/train/193/A_cropped_rgb025.jpg,0,51,0.8868362903594971,0.9999998807907104,4,B,A,092,193,male,male,black,black,short,short,average,average
hybrid,5,/data/datasets/PRCC/prcc/rgb/train/092/B_cropped_rgb172.jpg,/data/datasets/PRCC/prcc/rgb/train/185/A_cropped_rgb019.jpg,0,48,0.7414916753768921,0.9999998807907104,5,B,A,092,185,male,male,black,black,short,short,average,average
visual,1,/data/datasets/PRCC/prcc/rgb/train/092/B_cropped_rgb176.jpg,/data/datasets/PRCC/prcc/rgb/train/193/A_cropped_rgb025.jpg,0,51,0.8943411111831665,0.9999998807907104,,B,A,092,193,male,male,black,black,short,short,average,average
visual,2,/data/datasets/PRCC/prcc/rgb/train/092/B_cropped_rgb176.jpg,/data/datasets/PRCC/prcc/rgb/train/193/A_cropped_rgb016.jpg,0,51,0.8923784494400024,0.9999998807907104,,B,A,092,193,male,male,black,black,short,short,average,average
visual,3,/data/datasets/PRCC/prcc/rgb/train/092/B_cropped_rgb176.jpg,/data/datasets/PRCC/prcc/rgb/train/193/A_cropped_rgb028.jpg,0,51,0.888825535774231,0.9999998807907104,,B,A,092,193,male,male,black,black,short,short,average,average
visual,4,/data/datasets/PRCC/prcc/rgb/train/092/B_cropped_rgb176.jpg,/data/datasets/PRCC/prcc/rgb/train/193/A_cropped_rgb013.jpg,0,51,0.8882242441177368,0.9999998807907104,,B,A,092,193,male,male,black,black,short,short,average,average
visual,5,/data/datasets/PRCC/prcc/rgb/train/092/B_cropped_rgb176.jpg,/data/datasets/PRCC/prcc/rgb/train/193/A_cropped_rgb019.jpg,0,51,0.8860803246498108,0.9999998807907104,,B,A,092,193,male,male,black,black,short,short,average,average
semantic,1,/data/datasets/PRCC/prcc/rgb/train/092/B_cropped_rgb176.jpg,/data/datasets/PRCC/prcc/rgb/train/149/B_cropped_rgb583.jpg,0,24,0.8545767068862915,0.9999998807907104,,B,B,092,149,male,male,black,black,short,short,average,average
semantic,2,/data/datasets/PRCC/prcc/rgb/train/092/B_cropped_rgb176.jpg,/data/datasets/PRCC/prcc/rgb/train/110/A_cropped_rgb517.jpg,0,8,0.6556719541549683,0.9999998807907104,,B,A,092,110,male,male,black,black,short,short,average,average
semantic,3,/data/datasets/PRCC/prcc/rgb/train/092/B_cropped_rgb176.jpg,/data/datasets/PRCC/prcc/rgb/train/185/A_cropped_rgb019.jpg,0,48,0.7622846364974976,0.9999998807907104,,B,A,092,185,male,male,black,black,short,short,average,average
semantic,4,/data/datasets/PRCC/prcc/rgb/train/092/B_cropped_rgb176.jpg,/data/datasets/PRCC/prcc/rgb/train/300/C_cropped_rgb171.jpg,0,133,0.7534470558166504,0.9999998807907104,,B,C,092,300C,male,male,black,black,short,short,average,average
semantic,5,/data/datasets/PRCC/prcc/rgb/train/092/B_cropped_rgb176.jpg,/data/datasets/PRCC/prcc/rgb/train/177/C_cropped_rgb475.jpg,0,42,0.6494143009185791,0.9999998807907104,,B,C,092,177C,male,male,black,black,short,short,average,average
hybrid,1,/data/datasets/PRCC/prcc/rgb/train/092/B_cropped_rgb176.jpg,/data/datasets/PRCC/prcc/rgb/train/149/B_cropped_rgb583.jpg,0,24,0.8545767068862915,0.9999998807907104,1,B,B,092,149,male,male,black,black,short,short,average,average
hybrid,2,/data/datasets/PRCC/prcc/rgb/train/092/B_cropped_rgb176.jpg,/data/datasets/PRCC/prcc/rgb/train/193/A_cropped_rgb025.jpg,0,51,0.8943411111831665,0.9999998807907104,2,B,A,092,193,male,male,black,black,short,short,average,average
hybrid,3,/data/datasets/PRCC/prcc/rgb/train/092/B_cropped_rgb176.jpg,/data/datasets/PRCC/prcc/rgb/train/110/A_cropped_rgb517.jpg,0,8,0.6556719541549683,0.9999998807907104,3,B,A,092,110,male,male,black,black,short,short,average,average
hybrid,4,/data/datasets/PRCC/prcc/rgb/train/092/B_cropped_rgb176.jpg,/data/datasets/PRCC/prcc/rgb/train/193/A_cropped_rgb016.jpg,0,51,0.8923784494400024,0.9999998807907104,4,B,A,092,193,male,male,black,black,short,short,average,average
hybrid,5,/data/datasets/PRCC/prcc/rgb/train/092/B_cropped_rgb176.jpg,/data/datasets/PRCC/prcc/rgb/train/185/A_cropped_rgb019.jpg,0,48,0.7622846364974976,0.9999998807907104,5,B,A,092,185,male,male,black,black,short,short,average,average
visual,1,/data/datasets/PRCC/prcc/rgb/train/092/B_cropped_rgb177.jpg,/data/datasets/PRCC/prcc/rgb/train/193/A_cropped_rgb016.jpg,0,51,0.894386351108551,0.9999998807907104,,B,A,092,193,male,male,black,black,short,short,average,average
visual,2,/data/datasets/PRCC/prcc/rgb/train/092/B_cropped_rgb177.jpg,/data/datasets/PRCC/prcc/rgb/train/193/A_cropped_rgb025.jpg,0,51,0.8928678035736084,0.9999998807907104,,B,A,092,193,male,male,black,black,short,short,average,average
visual,3,/data/datasets/PRCC/prcc/rgb/train/092/B_cropped_rgb177.jpg,/data/datasets/PRCC/prcc/rgb/train/193/A_cropped_rgb028.jpg,0,51,0.8894239664077759,0.9999998807907104,,B,A,092,193,male,male,black,black,short,short,average,average
visual,4,/data/datasets/PRCC/prcc/rgb/train/092/B_cropped_rgb177.jpg,/data/datasets/PRCC/prcc/rgb/train/193/A_cropped_rgb013.jpg,0,51,0.8891175389289856,0.9999998807907104,,B,A,092,193,male,male,black,black,short,short,average,average
visual,5,/data/datasets/PRCC/prcc/rgb/train/092/B_cropped_rgb177.jpg,/data/datasets/PRCC/prcc/rgb/train/193/A_cropped_rgb019.jpg,0,51,0.8853943347930908,0.9999998807907104,,B,A,092,193,male,male,black,black,short,short,average,average
semantic,1,/data/datasets/PRCC/prcc/rgb/train/092/B_cropped_rgb177.jpg,/data/datasets/PRCC/prcc/rgb/train/149/B_cropped_rgb583.jpg,0,24,0.8613204956054688,0.9999998807907104,,B,B,092,149,male,male,black,black,short,short,average,average
semantic,2,/data/datasets/PRCC/prcc/rgb/train/092/B_cropped_rgb177.jpg,/data/datasets/PRCC/prcc/rgb/train/110/A_cropped_rgb517.jpg,0,8,0.6408399343490601,0.9999998807907104,,B,A,092,110,male,male,black,black,short,short,average,average
semantic,3,/data/datasets/PRCC/prcc/rgb/train/092/B_cropped_rgb177.jpg,/data/datasets/PRCC/prcc/rgb/train/185/A_cropped_rgb019.jpg,0,48,0.7493398785591125,0.9999998807907104,,B,A,092,185,male,male,black,black,short,short,average,average
semantic,4,/data/datasets/PRCC/prcc/rgb/train/092/B_cropped_rgb177.jpg,/data/datasets/PRCC/prcc/rgb/train/300/C_cropped_rgb171.jpg,0,133,0.744286060333252,0.9999998807907104,,B,C,092,300C,male,male,black,black,short,short,average,average
semantic,5,/data/datasets/PRCC/prcc/rgb/train/092/B_cropped_rgb177.jpg,/data/datasets/PRCC/prcc/rgb/train/177/C_cropped_rgb475.jpg,0,42,0.6587761044502258,0.9999998807907104,,B,C,092,177C,male,male,black,black,short,short,average,average
hybrid,1,/data/datasets/PRCC/prcc/rgb/train/092/B_cropped_rgb177.jpg,/data/datasets/PRCC/prcc/rgb/train/149/B_cropped_rgb583.jpg,0,24,0.8613204956054688,0.9999998807907104,1,B,B,092,149,male,male,black,black,short,short,average,average
hybrid,2,/data/datasets/PRCC/prcc/rgb/train/092/B_cropped_rgb177.jpg,/data/datasets/PRCC/prcc/rgb/train/193/A_cropped_rgb016.jpg,0,51,0.894386351108551,0.9999998807907104,2,B,A,092,193,male,male,black,black,short,short,average,average
hybrid,3,/data/datasets/PRCC/prcc/rgb/train/092/B_cropped_rgb177.jpg,/data/datasets/PRCC/prcc/rgb/train/110/A_cropped_rgb517.jpg,0,8,0.6408399343490601,0.9999998807907104,3,B,A,092,110,male,male,black,black,short,short,average,average
hybrid,4,/data/datasets/PRCC/prcc/rgb/train/092/B_cropped_rgb177.jpg,/data/datasets/PRCC/prcc/rgb/train/193/A_cropped_rgb025.jpg,0,51,0.8928678035736084,0.9999998807907104,4,B,A,092,193,male,male,black,black,short,short,average,average
hybrid,5,/data/datasets/PRCC/prcc/rgb/train/092/B_cropped_rgb177.jpg,/data/datasets/PRCC/prcc/rgb/train/185/A_cropped_rgb019.jpg,0,48,0.7493398785591125,0.9999998807907104,5,B,A,092,185,male,male,black,black,short,short,average,average
visual,1,/data/datasets/PRCC/prcc/rgb/train/092/B_cropped_rgb199.jpg,/data/datasets/PRCC/prcc/rgb/train/206/C_cropped_rgb464.jpg,0,61,0.8789169788360596,0.9999998807907104,,B,C,092,206C,male,male,black,black,short,short,average,average
visual,2,/data/datasets/PRCC/prcc/rgb/train/092/B_cropped_rgb199.jpg,/data/datasets/PRCC/prcc/rgb/train/114/B_cropped_rgb151.jpg,0,11,0.8747696876525879,0.9999998807907104,,B,B,092,114,male,male,black,black,short,short,average,average
visual,3,/data/datasets/PRCC/prcc/rgb/train/092/B_cropped_rgb199.jpg,/data/datasets/PRCC/prcc/rgb/train/114/B_cropped_rgb144.jpg,0,11,0.8740023374557495,0.9999998807907104,,B,B,092,114,male,male,black,black,short,short,average,average
visual,4,/data/datasets/PRCC/prcc/rgb/train/092/B_cropped_rgb199.jpg,/data/datasets/PRCC/prcc/rgb/train/114/C_cropped_rgb2205.jpg,0,11,0.8725844621658325,0.9999998807907104,,B,C,092,114C,male,male,black,black,short,short,average,average
visual,5,/data/datasets/PRCC/prcc/rgb/train/092/B_cropped_rgb199.jpg,/data/datasets/PRCC/prcc/rgb/train/193/A_cropped_rgb379.jpg,0,51,0.8717892169952393,0.9999998807907104,,B,A,092,193,male,male,black,black,short,short,average,average
semantic,1,/data/datasets/PRCC/prcc/rgb/train/092/B_cropped_rgb199.jpg,/data/datasets/PRCC/prcc/rgb/train/149/B_cropped_rgb583.jpg,0,24,0.8316662311553955,0.9999998807907104,,B,B,092,149,male,male,black,black,short,short,average,average
semantic,2,/data/datasets/PRCC/prcc/rgb/train/092/B_cropped_rgb199.jpg,/data/datasets/PRCC/prcc/rgb/train/110/A_cropped_rgb517.jpg,0,8,0.6417601704597473,0.9999998807907104,,B,A,092,110,male,male,black,black,short,short,average,average
semantic,3,/data/datasets/PRCC/prcc/rgb/train/092/B_cropped_rgb199.jpg,/data/datasets/PRCC/prcc/rgb/train/185/A_cropped_rgb019.jpg,0,48,0.7391806840896606,0.9999998807907104,,B,A,092,185,male,male,black,black,short,short,average,average
semantic,4,/data/datasets/PRCC/prcc/rgb/train/092/B_cropped_rgb199.jpg,/data/datasets/PRCC/prcc/rgb/train/300/C_cropped_rgb171.jpg,0,133,0.6937607526779175,0.9999998807907104,,B,C,092,300C,male,male,black,black,short,short,average,average
semantic,5,/data/datasets/PRCC/prcc/rgb/train/092/B_cropped_rgb199.jpg,/data/datasets/PRCC/prcc/rgb/train/177/C_cropped_rgb475.jpg,0,42,0.6329464912414551,0.9999998807907104,,B,C,092,177C,male,male,black,black,short,short,average,average
hybrid,1,/data/datasets/PRCC/prcc/rgb/train/092/B_cropped_rgb199.jpg,/data/datasets/PRCC/prcc/rgb/train/149/B_cropped_rgb583.jpg,0,24,0.8316662311553955,0.9999998807907104,1,B,B,092,149,male,male,black,black,short,short,average,average
hybrid,2,/data/datasets/PRCC/prcc/rgb/train/092/B_cropped_rgb199.jpg,/data/datasets/PRCC/prcc/rgb/train/206/C_cropped_rgb464.jpg,0,61,0.8789169788360596,0.9999998807907104,2,B,C,092,206C,male,male,black,black,short,short,average,average
hybrid,3,/data/datasets/PRCC/prcc/rgb/train/092/B_cropped_rgb199.jpg,/data/datasets/PRCC/prcc/rgb/train/110/A_cropped_rgb517.jpg,0,8,0.6417601704597473,0.9999998807907104,3,B,A,092,110,male,male,black,black,short,short,average,average
hybrid,4,/data/datasets/PRCC/prcc/rgb/train/092/B_cropped_rgb199.jpg,/data/datasets/PRCC/prcc/rgb/train/114/B_cropped_rgb151.jpg,0,11,0.8747696876525879,0.9999998807907104,4,B,B,092,114,male,male,black,black,short,short,average,average
hybrid,5,/data/datasets/PRCC/prcc/rgb/train/092/B_cropped_rgb199.jpg,/data/datasets/PRCC/prcc/rgb/train/185/A_cropped_rgb019.jpg,0,48,0.7391806840896606,0.9999998807907104,5,B,A,092,185,male,male,black,black,short,short,average,average
visual,1,/data/datasets/PRCC/prcc/rgb/train/092/B_cropped_rgb206.jpg,/data/datasets/PRCC/prcc/rgb/train/114/B_cropped_rgb151.jpg,0,11,0.9075262546539307,0.9999998807907104,,B,B,092,114,male,male,black,black,short,short,average,average
visual,2,/data/datasets/PRCC/prcc/rgb/train/092/B_cropped_rgb206.jpg,/data/datasets/PRCC/prcc/rgb/train/114/B_cropped_rgb144.jpg,0,11,0.8957723379135132,0.9999998807907104,,B,B,092,114,male,male,black,black,short,short,average,average
visual,3,/data/datasets/PRCC/prcc/rgb/train/092/B_cropped_rgb206.jpg,/data/datasets/PRCC/prcc/rgb/train/206/C_cropped_rgb464.jpg,0,61,0.8930438756942749,0.9999998807907104,,B,C,092,206C,male,male,black,black,short,short,average,average
visual,4,/data/datasets/PRCC/prcc/rgb/train/092/B_cropped_rgb206.jpg,/data/datasets/PRCC/prcc/rgb/train/114/C_cropped_rgb2205.jpg,0,11,0.8917545080184937,0.9999998807907104,,B,C,092,114C,male,male,black,black,short,short,average,average
visual,5,/data/datasets/PRCC/prcc/rgb/train/092/B_cropped_rgb206.jpg,/data/datasets/PRCC/prcc/rgb/train/114/A_cropped_rgb850.jpg,0,11,0.8845433592796326,0.9999998807907104,,B,A,092,114,male,male,black,black,short,short,average,average
semantic,1,/data/datasets/PRCC/prcc/rgb/train/092/B_cropped_rgb206.jpg,/data/datasets/PRCC/prcc/rgb/train/149/B_cropped_rgb583.jpg,0,24,0.8532939553260803,0.9999998807907104,,B,B,092,149,male,male,black,black,short,short,average,average
semantic,2,/data/datasets/PRCC/prcc/rgb/train/092/B_cropped_rgb206.jpg,/data/datasets/PRCC/prcc/rgb/train/110/A_cropped_rgb517.jpg,0,8,0.6571325063705444,0.9999998807907104,,B,A,092,110,male,male,black,black,short,short,average,average
semantic,3,/data/datasets/PRCC/prcc/rgb/train/092/B_cropped_rgb206.jpg,/data/datasets/PRCC/prcc/rgb/train/185/A_cropped_rgb019.jpg,0,48,0.7508929967880249,0.9999998807907104,,B,A,092,185,male,male,black,black,short,short,average,average
semantic,4,/data/datasets/PRCC/prcc/rgb/train/092/B_cropped_rgb206.jpg,/data/datasets/PRCC/prcc/rgb/train/300/C_cropped_rgb171.jpg,0,133,0.7018506526947021,0.9999998807907104,,B,C,092,300C,male,male,black,black,short,short,average,average
semantic,5,/data/datasets/PRCC/prcc/rgb/train/092/B_cropped_rgb206.jpg,/data/datasets/PRCC/prcc/rgb/train/177/C_cropped_rgb475.jpg,0,42,0.6650237441062927,0.9999998807907104,,B,C,092,177C,male,male,black,black,short,short,average,average
hybrid,1,/data/datasets/PRCC/prcc/rgb/train/092/B_cropped_rgb206.jpg,/data/datasets/PRCC/prcc/rgb/train/149/B_cropped_rgb583.jpg,0,24,0.8532939553260803,0.9999998807907104,1,B,B,092,149,male,male,black,black,short,short,average,average
hybrid,2,/data/datasets/PRCC/prcc/rgb/train/092/B_cropped_rgb206.jpg,/data/datasets/PRCC/prcc/rgb/train/114/B_cropped_rgb151.jpg,0,11,0.9075262546539307,0.9999998807907104,2,B,B,092,114,male,male,black,black,short,short,average,average
hybrid,3,/data/datasets/PRCC/prcc/rgb/train/092/B_cropped_rgb206.jpg,/data/datasets/PRCC/prcc/rgb/train/110/A_cropped_rgb517.jpg,0,8,0.6571325063705444,0.9999998807907104,3,B,A,092,110,male,male,black,black,short,short,average,average
hybrid,4,/data/datasets/PRCC/prcc/rgb/train/092/B_cropped_rgb206.jpg,/data/datasets/PRCC/prcc/rgb/train/114/B_cropped_rgb144.jpg,0,11,0.8957723379135132,0.9999998807907104,4,B,B,092,114,male,male,black,black,short,short,average,average
hybrid,5,/data/datasets/PRCC/prcc/rgb/train/092/B_cropped_rgb206.jpg,/data/datasets/PRCC/prcc/rgb/train/185/A_cropped_rgb019.jpg,0,48,0.7508929967880249,0.9999998807907104,5,B,A,092,185,male,male,black,black,short,short,average,average
visual,1,/data/datasets/PRCC/prcc/rgb/train/092/B_cropped_rgb227.jpg,/data/datasets/PRCC/prcc/rgb/train/114/B_cropped_rgb151.jpg,0,11,0.9005582928657532,0.9999998807907104,,B,B,092,114,male,male,black,black,short,short,average,average
visual,2,/data/datasets/PRCC/prcc/rgb/train/092/B_cropped_rgb227.jpg,/data/datasets/PRCC/prcc/rgb/train/206/C_cropped_rgb464.jpg,0,61,0.8947815895080566,0.9999998807907104,,B,C,092,206C,male,male,black,black,short,short,average,average
visual,3,/data/datasets/PRCC/prcc/rgb/train/092/B_cropped_rgb227.jpg,/data/datasets/PRCC/prcc/rgb/train/114/B_cropped_rgb144.jpg,0,11,0.8880369067192078,0.9999998807907104,,B,B,092,114,male,male,black,black,short,short,average,average
visual,4,/data/datasets/PRCC/prcc/rgb/train/092/B_cropped_rgb227.jpg,/data/datasets/PRCC/prcc/rgb/train/114/C_cropped_rgb2205.jpg,0,11,0.8856753706932068,0.9999998807907104,,B,C,092,114C,male,male,black,black,short,short,average,average
visual,5,/data/datasets/PRCC/prcc/rgb/train/092/B_cropped_rgb227.jpg,/data/datasets/PRCC/prcc/rgb/train/114/A_cropped_rgb880.jpg,0,11,0.8825363516807556,0.9999998807907104,,B,A,092,114,male,male,black,black,short,short,average,average
semantic,1,/data/datasets/PRCC/prcc/rgb/train/092/B_cropped_rgb227.jpg,/data/datasets/PRCC/prcc/rgb/train/149/B_cropped_rgb583.jpg,0,24,0.8470101356506348,0.9999998807907104,,B,B,092,149,male,male,black,black,short,short,average,average
semantic,2,/data/datasets/PRCC/prcc/rgb/train/092/B_cropped_rgb227.jpg,/data/datasets/PRCC/prcc/rgb/train/110/A_cropped_rgb517.jpg,0,8,0.651869535446167,0.9999998807907104,,B,A,092,110,male,male,black,black,short,short,average,average
semantic,3,/data/datasets/PRCC/prcc/rgb/train/092/B_cropped_rgb227.jpg,/data/datasets/PRCC/prcc/rgb/train/185/A_cropped_rgb019.jpg,0,48,0.7411493062973022,0.9999998807907104,,B,A,092,185,male,male,black,black,short,short,average,average
semantic,4,/data/datasets/PRCC/prcc/rgb/train/092/B_cropped_rgb227.jpg,/data/datasets/PRCC/prcc/rgb/train/300/C_cropped_rgb171.jpg,0,133,0.7196475267410278,0.9999998807907104,,B,C,092,300C,male,male,black,black,short,short,average,average
semantic,5,/data/datasets/PRCC/prcc/rgb/train/092/B_cropped_rgb227.jpg,/data/datasets/PRCC/prcc/rgb/train/177/C_cropped_rgb475.jpg,0,42,0.6448411345481873,0.9999998807907104,,B,C,092,177C,male,male,black,black,short,short,average,average
hybrid,1,/data/datasets/PRCC/prcc/rgb/train/092/B_cropped_rgb227.jpg,/data/datasets/PRCC/prcc/rgb/train/149/B_cropped_rgb583.jpg,0,24,0.8470101356506348,0.9999998807907104,1,B,B,092,149,male,male,black,black,short,short,average,average
hybrid,2,/data/datasets/PRCC/prcc/rgb/train/092/B_cropped_rgb227.jpg,/data/datasets/PRCC/prcc/rgb/train/114/B_cropped_rgb151.jpg,0,11,0.9005582928657532,0.9999998807907104,2,B,B,092,114,male,male,black,black,short,short,average,average
hybrid,3,/data/datasets/PRCC/prcc/rgb/train/092/B_cropped_rgb227.jpg,/data/datasets/PRCC/prcc/rgb/train/110/A_cropped_rgb517.jpg,0,8,0.651869535446167,0.9999998807907104,3,B,A,092,110,male,male,black,black,short,short,average,average
hybrid,4,/data/datasets/PRCC/prcc/rgb/train/092/B_cropped_rgb227.jpg,/data/datasets/PRCC/prcc/rgb/train/206/C_cropped_rgb464.jpg,0,61,0.8947815895080566,0.9999998807907104,4,B,C,092,206C,male,male,black,black,short,short,average,average
hybrid,5,/data/datasets/PRCC/prcc/rgb/train/092/B_cropped_rgb227.jpg,/data/datasets/PRCC/prcc/rgb/train/185/A_cropped_rgb019.jpg,0,48,0.7411493062973022,0.9999998807907104,5,B,A,092,185,male,male,black,black,short,short,average,average
visual,1,/data/datasets/PRCC/prcc/rgb/train/092/B_cropped_rgb292.jpg,/data/datasets/PRCC/prcc/rgb/train/193/A_cropped_rgb025.jpg,0,51,0.8894349336624146,0.9999998807907104,,B,A,092,193,male,male,black,black,short,short,average,average
visual,2,/data/datasets/PRCC/prcc/rgb/train/092/B_cropped_rgb292.jpg,/data/datasets/PRCC/prcc/rgb/train/193/A_cropped_rgb016.jpg,0,51,0.8887872695922852,0.9999998807907104,,B,A,092,193,male,male,black,black,short,short,average,average
visual,3,/data/datasets/PRCC/prcc/rgb/train/092/B_cropped_rgb292.jpg,/data/datasets/PRCC/prcc/rgb/train/193/A_cropped_rgb028.jpg,0,51,0.8885351419448853,0.9999998807907104,,B,A,092,193,male,male,black,black,short,short,average,average
visual,4,/data/datasets/PRCC/prcc/rgb/train/092/B_cropped_rgb292.jpg,/data/datasets/PRCC/prcc/rgb/train/149/B_cropped_rgb583.jpg,0,24,0.8880113363265991,0.9999998807907104,,B,B,092,149,male,male,black,black,short,short,average,average
visual,5,/data/datasets/PRCC/prcc/rgb/train/092/B_cropped_rgb292.jpg,/data/datasets/PRCC/prcc/rgb/train/193/A_cropped_rgb019.jpg,0,51,0.8823153972625732,0.9999998807907104,,B,A,092,193,male,male,black,black,short,short,average,average
semantic,1,/data/datasets/PRCC/prcc/rgb/train/092/B_cropped_rgb292.jpg,/data/datasets/PRCC/prcc/rgb/train/149/B_cropped_rgb583.jpg,0,24,0.8880113363265991,0.9999998807907104,,B,B,092,149,male,male,black,black,short,short,average,average
semantic,2,/data/datasets/PRCC/prcc/rgb/train/092/B_cropped_rgb292.jpg,/data/datasets/PRCC/prcc/rgb/train/110/A_cropped_rgb517.jpg,0,8,0.6273452639579773,0.9999998807907104,,B,A,092,110,male,male,black,black,short,short,average,average
semantic,3,/data/datasets/PRCC/prcc/rgb/train/092/B_cropped_rgb292.jpg,/data/datasets/PRCC/prcc/rgb/train/185/A_cropped_rgb019.jpg,0,48,0.7441631555557251,0.9999998807907104,,B,A,092,185,male,male,black,black,short,short,average,average
semantic,4,/data/datasets/PRCC/prcc/rgb/train/092/B_cropped_rgb292.jpg,/data/datasets/PRCC/prcc/rgb/train/300/C_cropped_rgb171.jpg,0,133,0.7512038946151733,0.9999998807907104,,B,C,092,300C,male,male,black,black,short,short,average,average
semantic,5,/data/datasets/PRCC/prcc/rgb/train/092/B_cropped_rgb292.jpg,/data/datasets/PRCC/prcc/rgb/train/177/C_cropped_rgb475.jpg,0,42,0.6672810912132263,0.9999998807907104,,B,C,092,177C,male,male,black,black,short,short,average,average
hybrid,1,/data/datasets/PRCC/prcc/rgb/train/092/B_cropped_rgb292.jpg,/data/datasets/PRCC/prcc/rgb/train/149/B_cropped_rgb583.jpg,0,24,0.8880113363265991,0.9999998807907104,1,B,B,092,149,male,male,black,black,short,short,average,average
hybrid,2,/data/datasets/PRCC/prcc/rgb/train/092/B_cropped_rgb292.jpg,/data/datasets/PRCC/prcc/rgb/train/193/A_cropped_rgb025.jpg,0,51,0.8894349336624146,0.9999998807907104,2,B,A,092,193,male,male,black,black,short,short,average,average
hybrid,3,/data/datasets/PRCC/prcc/rgb/train/092/B_cropped_rgb292.jpg,/data/datasets/PRCC/prcc/rgb/train/110/A_cropped_rgb517.jpg,0,8,0.6273452639579773,0.9999998807907104,3,B,A,092,110,male,male,black,black,short,short,average,average
hybrid,4,/data/datasets/PRCC/prcc/rgb/train/092/B_cropped_rgb292.jpg,/data/datasets/PRCC/prcc/rgb/train/193/A_cropped_rgb016.jpg,0,51,0.8887872695922852,0.9999998807907104,4,B,A,092,193,male,male,black,black,short,short,average,average
hybrid,5,/data/datasets/PRCC/prcc/rgb/train/092/B_cropped_rgb292.jpg,/data/datasets/PRCC/prcc/rgb/train/185/A_cropped_rgb019.jpg,0,48,0.7441631555557251,0.9999998807907104,5,B,A,092,185,male,male,black,black,short,short,average,average
visual,1,/data/datasets/PRCC/prcc/rgb/train/092/B_cropped_rgb295.jpg,/data/datasets/PRCC/prcc/rgb/train/149/B_cropped_rgb583.jpg,0,24,0.890242874622345,0.9999998807907104,,B,B,092,149,male,male,black,black,short,short,average,average
visual,2,/data/datasets/PRCC/prcc/rgb/train/092/B_cropped_rgb295.jpg,/data/datasets/PRCC/prcc/rgb/train/193/A_cropped_rgb028.jpg,0,51,0.8869943618774414,0.9999998807907104,,B,A,092,193,male,male,black,black,short,short,average,average
visual,3,/data/datasets/PRCC/prcc/rgb/train/092/B_cropped_rgb295.jpg,/data/datasets/PRCC/prcc/rgb/train/193/A_cropped_rgb016.jpg,0,51,0.8860992193222046,0.9999998807907104,,B,A,092,193,male,male,black,black,short,short,average,average
visual,4,/data/datasets/PRCC/prcc/rgb/train/092/B_cropped_rgb295.jpg,/data/datasets/PRCC/prcc/rgb/train/193/A_cropped_rgb025.jpg,0,51,0.8851352334022522,0.9999998807907104,,B,A,092,193,male,male,black,black,short,short,average,average
visual,5,/data/datasets/PRCC/prcc/rgb/train/092/B_cropped_rgb295.jpg,/data/datasets/PRCC/prcc/rgb/train/114/B_cropped_rgb144.jpg,0,11,0.882481575012207,0.9999998807907104,,B,B,092,114,male,male,black,black,short,short,average,average
semantic,1,/data/datasets/PRCC/prcc/rgb/train/092/B_cropped_rgb295.jpg,/data/datasets/PRCC/prcc/rgb/train/149/B_cropped_rgb583.jpg,0,24,0.890242874622345,0.9999998807907104,,B,B,092,149,male,male,black,black,short,short,average,average
semantic,2,/data/datasets/PRCC/prcc/rgb/train/092/B_cropped_rgb295.jpg,/data/datasets/PRCC/prcc/rgb/train/110/A_cropped_rgb517.jpg,0,8,0.6317076086997986,0.9999998807907104,,B,A,092,110,male,male,black,black,short,short,average,average
semantic,3,/data/datasets/PRCC/prcc/rgb/train/092/B_cropped_rgb295.jpg,/data/datasets/PRCC/prcc/rgb/train/185/A_cropped_rgb019.jpg,0,48,0.7412781715393066,0.9999998807907104,,B,A,092,185,male,male,black,black,short,short,average,average
semantic,4,/data/datasets/PRCC/prcc/rgb/train/092/B_cropped_rgb295.jpg,/data/datasets/PRCC/prcc/rgb/train/300/C_cropped_rgb171.jpg,0,133,0.7319746017456055,0.9999998807907104,,B,C,092,300C,male,male,black,black,short,short,average,average
semantic,5,/data/datasets/PRCC/prcc/rgb/train/092/B_cropped_rgb295.jpg,/data/datasets/PRCC/prcc/rgb/train/177/C_cropped_rgb475.jpg,0,42,0.6572136878967285,0.9999998807907104,,B,C,092,177C,male,male,black,black,short,short,average,average
hybrid,1,/data/datasets/PRCC/prcc/rgb/train/092/B_cropped_rgb295.jpg,/data/datasets/PRCC/prcc/rgb/train/149/B_cropped_rgb583.jpg,0,24,0.890242874622345,0.9999998807907104,1,B,B,092,149,male,male,black,black,short,short,average,average
hybrid,2,/data/datasets/PRCC/prcc/rgb/train/092/B_cropped_rgb295.jpg,/data/datasets/PRCC/prcc/rgb/train/110/A_cropped_rgb517.jpg,0,8,0.6317076086997986,0.9999998807907104,2,B,A,092,110,male,male,black,black,short,short,average,average
hybrid,3,/data/datasets/PRCC/prcc/rgb/train/092/B_cropped_rgb295.jpg,/data/datasets/PRCC/prcc/rgb/train/193/A_cropped_rgb028.jpg,0,51,0.8869943618774414,0.9999998807907104,3,B,A,092,193,male,male,black,black,short,short,average,average
hybrid,4,/data/datasets/PRCC/prcc/rgb/train/092/B_cropped_rgb295.jpg,/data/datasets/PRCC/prcc/rgb/train/185/A_cropped_rgb019.jpg,0,48,0.7412781715393066,0.9999998807907104,4,B,A,092,185,male,male,black,black,short,short,average,average
hybrid,5,/data/datasets/PRCC/prcc/rgb/train/092/B_cropped_rgb295.jpg,/data/datasets/PRCC/prcc/rgb/train/193/A_cropped_rgb016.jpg,0,51,0.8860992193222046,0.9999998807907104,5,B,A,092,193,male,male,black,black,short,short,average,average
visual,1,/data/datasets/PRCC/prcc/rgb/train/092/B_cropped_rgb298.jpg,/data/datasets/PRCC/prcc/rgb/train/193/A_cropped_rgb025.jpg,0,51,0.8808721899986267,0.9999998807907104,,B,A,092,193,male,male,black,black,short,short,average,average
visual,2,/data/datasets/PRCC/prcc/rgb/train/092/B_cropped_rgb298.jpg,/data/datasets/PRCC/prcc/rgb/train/193/A_cropped_rgb052.jpg,0,51,0.8798127770423889,0.9999998807907104,,B,A,092,193,male,male,black,black,short,short,average,average
visual,3,/data/datasets/PRCC/prcc/rgb/train/092/B_cropped_rgb298.jpg,/data/datasets/PRCC/prcc/rgb/train/114/B_cropped_rgb144.jpg,0,11,0.8797570466995239,0.9999998807907104,,B,B,092,114,male,male,black,black,short,short,average,average
visual,4,/data/datasets/PRCC/prcc/rgb/train/092/B_cropped_rgb298.jpg,/data/datasets/PRCC/prcc/rgb/train/193/A_cropped_rgb028.jpg,0,51,0.8794925212860107,0.9999998807907104,,B,A,092,193,male,male,black,black,short,short,average,average
visual,5,/data/datasets/PRCC/prcc/rgb/train/092/B_cropped_rgb298.jpg,/data/datasets/PRCC/prcc/rgb/train/114/B_cropped_rgb151.jpg,0,11,0.8784054517745972,0.9999998807907104,,B,B,092,114,male,male,black,black,short,short,average,average
semantic,1,/data/datasets/PRCC/prcc/rgb/train/092/B_cropped_rgb298.jpg,/data/datasets/PRCC/prcc/rgb/train/149/B_cropped_rgb583.jpg,0,24,0.8731338381767273,0.9999998807907104,,B,B,092,149,male,male,black,black,short,short,average,average
semantic,2,/data/datasets/PRCC/prcc/rgb/train/092/B_cropped_rgb298.jpg,/data/datasets/PRCC/prcc/rgb/train/110/A_cropped_rgb517.jpg,0,8,0.6178191900253296,0.9999998807907104,,B,A,092,110,male,male,black,black,short,short,average,average
semantic,3,/data/datasets/PRCC/prcc/rgb/train/092/B_cropped_rgb298.jpg,/data/datasets/PRCC/prcc/rgb/train/185/A_cropped_rgb019.jpg,0,48,0.7382690906524658,0.9999998807907104,,B,A,092,185,male,male,black,black,short,short,average,average
semantic,4,/data/datasets/PRCC/prcc/rgb/train/092/B_cropped_rgb298.jpg,/data/datasets/PRCC/prcc/rgb/train/300/C_cropped_rgb171.jpg,0,133,0.7287042140960693,0.9999998807907104,,B,C,092,300C,male,male,black,black,short,short,average,average
semantic,5,/data/datasets/PRCC/prcc/rgb/train/092/B_cropped_rgb298.jpg,/data/datasets/PRCC/prcc/rgb/train/177/C_cropped_rgb475.jpg,0,42,0.658634603023529,0.9999998807907104,,B,C,092,177C,male,male,black,black,short,short,average,average
hybrid,1,/data/datasets/PRCC/prcc/rgb/train/092/B_cropped_rgb298.jpg,/data/datasets/PRCC/prcc/rgb/train/149/B_cropped_rgb583.jpg,0,24,0.8731338381767273,0.9999998807907104,1,B,B,092,149,male,male,black,black,short,short,average,average
hybrid,2,/data/datasets/PRCC/prcc/rgb/train/092/B_cropped_rgb298.jpg,/data/datasets/PRCC/prcc/rgb/train/193/A_cropped_rgb025.jpg,0,51,0.8808721899986267,0.9999998807907104,2,B,A,092,193,male,male,black,black,short,short,average,average
hybrid,3,/data/datasets/PRCC/prcc/rgb/train/092/B_cropped_rgb298.jpg,/data/datasets/PRCC/prcc/rgb/train/110/A_cropped_rgb517.jpg,0,8,0.6178191900253296,0.9999998807907104,3,B,A,092,110,male,male,black,black,short,short,average,average
hybrid,4,/data/datasets/PRCC/prcc/rgb/train/092/B_cropped_rgb298.jpg,/data/datasets/PRCC/prcc/rgb/train/193/A_cropped_rgb052.jpg,0,51,0.8798127770423889,0.9999998807907104,4,B,A,092,193,male,male,black,black,short,short,average,average
hybrid,5,/data/datasets/PRCC/prcc/rgb/train/092/B_cropped_rgb298.jpg,/data/datasets/PRCC/prcc/rgb/train/185/A_cropped_rgb019.jpg,0,48,0.7382690906524658,0.9999998807907104,5,B,A,092,185,male,male,black,black,short,short,average,average
visual,1,/data/datasets/PRCC/prcc/rgb/train/092/B_cropped_rgb301.jpg,/data/datasets/PRCC/prcc/rgb/train/149/B_cropped_rgb583.jpg,0,24,0.8912270069122314,0.9999998807907104,,B,B,092,149,male,male,black,black,short,short,average,average
visual,2,/data/datasets/PRCC/prcc/rgb/train/092/B_cropped_rgb301.jpg,/data/datasets/PRCC/prcc/rgb/train/114/B_cropped_rgb144.jpg,0,11,0.8873631358146667,0.9999998807907104,,B,B,092,114,male,male,black,black,short,short,average,average
visual,3,/data/datasets/PRCC/prcc/rgb/train/092/B_cropped_rgb301.jpg,/data/datasets/PRCC/prcc/rgb/train/114/B_cropped_rgb151.jpg,0,11,0.877799391746521,0.9999998807907104,,B,B,092,114,male,male,black,black,short,short,average,average
visual,4,/data/datasets/PRCC/prcc/rgb/train/092/B_cropped_rgb301.jpg,/data/datasets/PRCC/prcc/rgb/train/193/A_cropped_rgb028.jpg,0,51,0.8743057250976562,0.9999998807907104,,B,A,092,193,male,male,black,black,short,short,average,average
visual,5,/data/datasets/PRCC/prcc/rgb/train/092/B_cropped_rgb301.jpg,/data/datasets/PRCC/prcc/rgb/train/114/A_cropped_rgb853.jpg,0,11,0.8720188140869141,0.9999998807907104,,B,A,092,114,male,male,black,black,short,short,average,average
semantic,1,/data/datasets/PRCC/prcc/rgb/train/092/B_cropped_rgb301.jpg,/data/datasets/PRCC/prcc/rgb/train/149/B_cropped_rgb583.jpg,0,24,0.8912270069122314,0.9999998807907104,,B,B,092,149,male,male,black,black,short,short,average,average
semantic,2,/data/datasets/PRCC/prcc/rgb/train/092/B_cropped_rgb301.jpg,/data/datasets/PRCC/prcc/rgb/train/110/A_cropped_rgb517.jpg,0,8,0.6380004286766052,0.9999998807907104,,B,A,092,110,male,male,black,black,short,short,average,average
semantic,3,/data/datasets/PRCC/prcc/rgb/train/092/B_cropped_rgb301.jpg,/data/datasets/PRCC/prcc/rgb/train/185/A_cropped_rgb019.jpg,0,48,0.7339537143707275,0.9999998807907104,,B,A,092,185,male,male,black,black,short,short,average,average
semantic,4,/data/datasets/PRCC/prcc/rgb/train/092/B_cropped_rgb301.jpg,/data/datasets/PRCC/prcc/rgb/train/300/C_cropped_rgb171.jpg,0,133,0.719124436378479,0.9999998807907104,,B,C,092,300C,male,male,black,black,short,short,average,average
semantic,5,/data/datasets/PRCC/prcc/rgb/train/092/B_cropped_rgb301.jpg,/data/datasets/PRCC/prcc/rgb/train/177/C_cropped_rgb475.jpg,0,42,0.6778616905212402,0.9999998807907104,,B,C,092,177C,male,male,black,black,short,short,average,average
hybrid,1,/data/datasets/PRCC/prcc/rgb/train/092/B_cropped_rgb301.jpg,/data/datasets/PRCC/prcc/rgb/train/149/B_cropped_rgb583.jpg,0,24,0.8912270069122314,0.9999998807907104,1,B,B,092,149,male,male,black,black,short,short,average,average
hybrid,2,/data/datasets/PRCC/prcc/rgb/train/092/B_cropped_rgb301.jpg,/data/datasets/PRCC/prcc/rgb/train/110/A_cropped_rgb517.jpg,0,8,0.6380004286766052,0.9999998807907104,2,B,A,092,110,male,male,black,black,short,short,average,average
hybrid,3,/data/datasets/PRCC/prcc/rgb/train/092/B_cropped_rgb301.jpg,/data/datasets/PRCC/prcc/rgb/train/114/B_cropped_rgb144.jpg,0,11,0.8873631358146667,0.9999998807907104,3,B,B,092,114,male,male,black,black,short,short,average,average
hybrid,4,/data/datasets/PRCC/prcc/rgb/train/092/B_cropped_rgb301.jpg,/data/datasets/PRCC/prcc/rgb/train/185/A_cropped_rgb019.jpg,0,48,0.7339537143707275,0.9999998807907104,4,B,A,092,185,male,male,black,black,short,short,average,average
hybrid,5,/data/datasets/PRCC/prcc/rgb/train/092/B_cropped_rgb301.jpg,/data/datasets/PRCC/prcc/rgb/train/114/B_cropped_rgb151.jpg,0,11,0.877799391746521,0.9999998807907104,5,B,B,092,114,male,male,black,black,short,short,average,average
visual,1,/data/datasets/PRCC/prcc/rgb/train/092/B_cropped_rgb304.jpg,/data/datasets/PRCC/prcc/rgb/train/149/B_cropped_rgb583.jpg,0,24,0.8778442144393921,0.9999998807907104,,B,B,092,149,male,male,black,black,short,short,average,average
visual,2,/data/datasets/PRCC/prcc/rgb/train/092/B_cropped_rgb304.jpg,/data/datasets/PRCC/prcc/rgb/train/193/A_cropped_rgb025.jpg,0,51,0.8772207498550415,0.9999998807907104,,B,A,092,193,male,male,black,black,short,short,average,average
visual,3,/data/datasets/PRCC/prcc/rgb/train/092/B_cropped_rgb304.jpg,/data/datasets/PRCC/prcc/rgb/train/193/A_cropped_rgb028.jpg,0,51,0.8756239414215088,0.9999998807907104,,B,A,092,193,male,male,black,black,short,short,average,average
visual,4,/data/datasets/PRCC/prcc/rgb/train/092/B_cropped_rgb304.jpg,/data/datasets/PRCC/prcc/rgb/train/193/A_cropped_rgb016.jpg,0,51,0.8750990629196167,0.9999998807907104,,B,A,092,193,male,male,black,black,short,short,average,average
visual,5,/data/datasets/PRCC/prcc/rgb/train/092/B_cropped_rgb304.jpg,/data/datasets/PRCC/prcc/rgb/train/114/B_cropped_rgb151.jpg,0,11,0.8726138472557068,0.9999998807907104,,B,B,092,114,male,male,black,black,short,short,average,average
semantic,1,/data/datasets/PRCC/prcc/rgb/train/092/B_cropped_rgb304.jpg,/data/datasets/PRCC/prcc/rgb/train/149/B_cropped_rgb583.jpg,0,24,0.8778442144393921,0.9999998807907104,,B,B,092,149,male,male,black,black,short,short,average,average
semantic,2,/data/datasets/PRCC/prcc/rgb/train/092/B_cropped_rgb304.jpg,/data/datasets/PRCC/prcc/rgb/train/110/A_cropped_rgb517.jpg,0,8,0.6206305027008057,0.9999998807907104,,B,A,092,110,male,male,black,black,short,short,average,average
semantic,3,/data/datasets/PRCC/prcc/rgb/train/092/B_cropped_rgb304.jpg,/data/datasets/PRCC/prcc/rgb/train/185/A_cropped_rgb019.jpg,0,48,0.7357449531555176,0.9999998807907104,,B,A,092,185,male,male,black,black,short,short,average,average
semantic,4,/data/datasets/PRCC/prcc/rgb/train/092/B_cropped_rgb304.jpg,/data/datasets/PRCC/prcc/rgb/train/300/C_cropped_rgb171.jpg,0,133,0.7211718559265137,0.9999998807907104,,B,C,092,300C,male,male,black,black,short,short,average,average
semantic,5,/data/datasets/PRCC/prcc/rgb/train/092/B_cropped_rgb304.jpg,/data/datasets/PRCC/prcc/rgb/train/177/C_cropped_rgb475.jpg,0,42,0.6621057391166687,0.9999998807907104,,B,C,092,177C,male,male,black,black,short,short,average,average
hybrid,1,/data/datasets/PRCC/prcc/rgb/train/092/B_cropped_rgb304.jpg,/data/datasets/PRCC/prcc/rgb/train/149/B_cropped_rgb583.jpg,0,24,0.8778442144393921,0.9999998807907104,1,B,B,092,149,male,male,black,black,short,short,average,average
hybrid,2,/data/datasets/PRCC/prcc/rgb/train/092/B_cropped_rgb304.jpg,/data/datasets/PRCC/prcc/rgb/train/110/A_cropped_rgb517.jpg,0,8,0.6206305027008057,0.9999998807907104,2,B,A,092,110,male,male,black,black,short,short,average,average
hybrid,3,/data/datasets/PRCC/prcc/rgb/train/092/B_cropped_rgb304.jpg,/data/datasets/PRCC/prcc/rgb/train/193/A_cropped_rgb025.jpg,0,51,0.8772207498550415,0.9999998807907104,3,B,A,092,193,male,male,black,black,short,short,average,average
hybrid,4,/data/datasets/PRCC/prcc/rgb/train/092/B_cropped_rgb304.jpg,/data/datasets/PRCC/prcc/rgb/train/185/A_cropped_rgb019.jpg,0,48,0.7357449531555176,0.9999998807907104,4,B,A,092,185,male,male,black,black,short,short,average,average
hybrid,5,/data/datasets/PRCC/prcc/rgb/train/092/B_cropped_rgb304.jpg,/data/datasets/PRCC/prcc/rgb/train/193/A_cropped_rgb028.jpg,0,51,0.8756239414215088,0.9999998807907104,5,B,A,092,193,male,male,black,black,short,short,average,average
visual,1,/data/datasets/PRCC/prcc/rgb/train/092/B_cropped_rgb307.jpg,/data/datasets/PRCC/prcc/rgb/train/206/C_cropped_rgb464.jpg,0,61,0.8822602033615112,0.9999998807907104,,B,C,092,206C,male,male,black,black,short,short,average,average
visual,2,/data/datasets/PRCC/prcc/rgb/train/092/B_cropped_rgb307.jpg,/data/datasets/PRCC/prcc/rgb/train/114/B_cropped_rgb144.jpg,0,11,0.8794387578964233,0.9999998807907104,,B,B,092,114,male,male,black,black,short,short,average,average
visual,3,/data/datasets/PRCC/prcc/rgb/train/092/B_cropped_rgb307.jpg,/data/datasets/PRCC/prcc/rgb/train/193/A_cropped_rgb025.jpg,0,51,0.8787357807159424,0.9999998807907104,,B,A,092,193,male,male,black,black,short,short,average,average
visual,4,/data/datasets/PRCC/prcc/rgb/train/092/B_cropped_rgb307.jpg,/data/datasets/PRCC/prcc/rgb/train/149/B_cropped_rgb583.jpg,0,24,0.8774545788764954,0.9999998807907104,,B,B,092,149,male,male,black,black,short,short,average,average
visual,5,/data/datasets/PRCC/prcc/rgb/train/092/B_cropped_rgb307.jpg,/data/datasets/PRCC/prcc/rgb/train/193/A_cropped_rgb016.jpg,0,51,0.8770582675933838,0.9999998807907104,,B,A,092,193,male,male,black,black,short,short,average,average
semantic,1,/data/datasets/PRCC/prcc/rgb/train/092/B_cropped_rgb307.jpg,/data/datasets/PRCC/prcc/rgb/train/149/B_cropped_rgb583.jpg,0,24,0.8774545788764954,0.9999998807907104,,B,B,092,149,male,male,black,black,short,short,average,average
semantic,2,/data/datasets/PRCC/prcc/rgb/train/092/B_cropped_rgb307.jpg,/data/datasets/PRCC/prcc/rgb/train/110/A_cropped_rgb517.jpg,0,8,0.6393187046051025,0.9999998807907104,,B,A,092,110,male,male,black,black,short,short,average,average
semantic,3,/data/datasets/PRCC/prcc/rgb/train/092/B_cropped_rgb307.jpg,/data/datasets/PRCC/prcc/rgb/train/185/A_cropped_rgb019.jpg,0,48,0.7112795114517212,0.9999998807907104,,B,A,092,185,male,male,black,black,short,short,average,average
semantic,4,/data/datasets/PRCC/prcc/rgb/train/092/B_cropped_rgb307.jpg,/data/datasets/PRCC/prcc/rgb/train/300/C_cropped_rgb171.jpg,0,133,0.7448430061340332,0.9999998807907104,,B,C,092,300C,male,male,black,black,short,short,average,average
semantic,5,/data/datasets/PRCC/prcc/rgb/train/092/B_cropped_rgb307.jpg,/data/datasets/PRCC/prcc/rgb/train/177/C_cropped_rgb475.jpg,0,42,0.6746994853019714,0.9999998807907104,,B,C,092,177C,male,male,black,black,short,short,average,average
hybrid,1,/data/datasets/PRCC/prcc/rgb/train/092/B_cropped_rgb307.jpg,/data/datasets/PRCC/prcc/rgb/train/149/B_cropped_rgb583.jpg,0,24,0.8774545788764954,0.9999998807907104,1,B,B,092,149,male,male,black,black,short,short,average,average
hybrid,2,/data/datasets/PRCC/prcc/rgb/train/092/B_cropped_rgb307.jpg,/data/datasets/PRCC/prcc/rgb/train/206/C_cropped_rgb464.jpg,0,61,0.8822602033615112,0.9999998807907104,2,B,C,092,206C,male,male,black,black,short,short,average,average
hybrid,3,/data/datasets/PRCC/prcc/rgb/train/092/B_cropped_rgb307.jpg,/data/datasets/PRCC/prcc/rgb/train/110/A_cropped_rgb517.jpg,0,8,0.6393187046051025,0.9999998807907104,3,B,A,092,110,male,male,black,black,short,short,average,average
hybrid,4,/data/datasets/PRCC/prcc/rgb/train/092/B_cropped_rgb307.jpg,/data/datasets/PRCC/prcc/rgb/train/114/B_cropped_rgb144.jpg,0,11,0.8794387578964233,0.9999998807907104,4,B,B,092,114,male,male,black,black,short,short,average,average
hybrid,5,/data/datasets/PRCC/prcc/rgb/train/092/B_cropped_rgb307.jpg,/data/datasets/PRCC/prcc/rgb/train/185/A_cropped_rgb019.jpg,0,48,0.7112795114517212,0.9999998807907104,5,B,A,092,185,male,male,black,black,short,short,average,average
visual,1,/data/datasets/PRCC/prcc/rgb/train/092/B_cropped_rgb310.jpg,/data/datasets/PRCC/prcc/rgb/train/193/A_cropped_rgb025.jpg,0,51,0.8839946985244751,0.9999998807907104,,B,A,092,193,male,male,black,black,short,short,average,average
visual,2,/data/datasets/PRCC/prcc/rgb/train/092/B_cropped_rgb310.jpg,/data/datasets/PRCC/prcc/rgb/train/193/A_cropped_rgb016.jpg,0,51,0.8808269500732422,0.9999998807907104,,B,A,092,193,male,male,black,black,short,short,average,average
visual,3,/data/datasets/PRCC/prcc/rgb/train/092/B_cropped_rgb310.jpg,/data/datasets/PRCC/prcc/rgb/train/193/A_cropped_rgb028.jpg,0,51,0.8782206773757935,0.9999998807907104,,B,A,092,193,male,male,black,black,short,short,average,average
visual,4,/data/datasets/PRCC/prcc/rgb/train/092/B_cropped_rgb310.jpg,/data/datasets/PRCC/prcc/rgb/train/149/B_cropped_rgb583.jpg,0,24,0.8776702284812927,0.9999998807907104,,B,B,092,149,male,male,black,black,short,short,average,average
visual,5,/data/datasets/PRCC/prcc/rgb/train/092/B_cropped_rgb310.jpg,/data/datasets/PRCC/prcc/rgb/train/114/B_cropped_rgb144.jpg,0,11,0.8775578737258911,0.9999998807907104,,B,B,092,114,male,male,black,black,short,short,average,average
semantic,1,/data/datasets/PRCC/prcc/rgb/train/092/B_cropped_rgb310.jpg,/data/datasets/PRCC/prcc/rgb/train/149/B_cropped_rgb583.jpg,0,24,0.8776702284812927,0.9999998807907104,,B,B,092,149,male,male,black,black,short,short,average,average
semantic,2,/data/datasets/PRCC/prcc/rgb/train/092/B_cropped_rgb310.jpg,/data/datasets/PRCC/prcc/rgb/train/110/A_cropped_rgb517.jpg,0,8,0.627364993095398,0.9999998807907104,,B,A,092,110,male,male,black,black,short,short,average,average
semantic,3,/data/datasets/PRCC/prcc/rgb/train/092/B_cropped_rgb310.jpg,/data/datasets/PRCC/prcc/rgb/train/185/A_cropped_rgb019.jpg,0,48,0.730243980884552,0.9999998807907104,,B,A,092,185,male,male,black,black,short,short,average,average
semantic,4,/data/datasets/PRCC/prcc/rgb/train/092/B_cropped_rgb310.jpg,/data/datasets/PRCC/prcc/rgb/train/300/C_cropped_rgb171.jpg,0,133,0.7374041080474854,0.9999998807907104,,B,C,092,300C,male,male,black,black,short,short,average,average
semantic,5,/data/datasets/PRCC/prcc/rgb/train/092/B_cropped_rgb310.jpg,/data/datasets/PRCC/prcc/rgb/train/177/C_cropped_rgb475.jpg,0,42,0.677524209022522,0.9999998807907104,,B,C,092,177C,male,male,black,black,short,short,average,average
hybrid,1,/data/datasets/PRCC/prcc/rgb/train/092/B_cropped_rgb310.jpg,/data/datasets/PRCC/prcc/rgb/train/149/B_cropped_rgb583.jpg,0,24,0.8776702284812927,0.9999998807907104,1,B,B,092,149,male,male,black,black,short,short,average,average
hybrid,2,/data/datasets/PRCC/prcc/rgb/train/092/B_cropped_rgb310.jpg,/data/datasets/PRCC/prcc/rgb/train/193/A_cropped_rgb025.jpg,0,51,0.8839946985244751,0.9999998807907104,2,B,A,092,193,male,male,black,black,short,short,average,average
hybrid,3,/data/datasets/PRCC/prcc/rgb/train/092/B_cropped_rgb310.jpg,/data/datasets/PRCC/prcc/rgb/train/110/A_cropped_rgb517.jpg,0,8,0.627364993095398,0.9999998807907104,3,B,A,092,110,male,male,black,black,short,short,average,average
hybrid,4,/data/datasets/PRCC/prcc/rgb/train/092/B_cropped_rgb310.jpg,/data/datasets/PRCC/prcc/rgb/train/193/A_cropped_rgb016.jpg,0,51,0.8808269500732422,0.9999998807907104,4,B,A,092,193,male,male,black,black,short,short,average,average
hybrid,5,/data/datasets/PRCC/prcc/rgb/train/092/B_cropped_rgb310.jpg,/data/datasets/PRCC/prcc/rgb/train/185/A_cropped_rgb019.jpg,0,48,0.730243980884552,0.9999998807907104,5,B,A,092,185,male,male,black,black,short,short,average,average
visual,1,/data/datasets/PRCC/prcc/rgb/train/092/B_cropped_rgb313.jpg,/data/datasets/PRCC/prcc/rgb/train/114/B_cropped_rgb144.jpg,0,11,0.8909210562705994,0.9999998807907104,,B,B,092,114,male,male,black,black,short,short,average,average
visual,2,/data/datasets/PRCC/prcc/rgb/train/092/B_cropped_rgb313.jpg,/data/datasets/PRCC/prcc/rgb/train/193/A_cropped_rgb016.jpg,0,51,0.8862529993057251,0.9999998807907104,,B,A,092,193,male,male,black,black,short,short,average,average
visual,3,/data/datasets/PRCC/prcc/rgb/train/092/B_cropped_rgb313.jpg,/data/datasets/PRCC/prcc/rgb/train/114/B_cropped_rgb151.jpg,0,11,0.8840669393539429,0.9999998807907104,,B,B,092,114,male,male,black,black,short,short,average,average
visual,4,/data/datasets/PRCC/prcc/rgb/train/092/B_cropped_rgb313.jpg,/data/datasets/PRCC/prcc/rgb/train/193/A_cropped_rgb025.jpg,0,51,0.8840586543083191,0.9999998807907104,,B,A,092,193,male,male,black,black,short,short,average,average
visual,5,/data/datasets/PRCC/prcc/rgb/train/092/B_cropped_rgb313.jpg,/data/datasets/PRCC/prcc/rgb/train/193/A_cropped_rgb045.jpg,0,51,0.8806492686271667,0.9999998807907104,,B,A,092,193,male,male,black,black,short,short,average,average
semantic,1,/data/datasets/PRCC/prcc/rgb/train/092/B_cropped_rgb313.jpg,/data/datasets/PRCC/prcc/rgb/train/149/B_cropped_rgb583.jpg,0,24,0.8765525817871094,0.9999998807907104,,B,B,092,149,male,male,black,black,short,short,average,average
semantic,2,/data/datasets/PRCC/prcc/rgb/train/092/B_cropped_rgb313.jpg,/data/datasets/PRCC/prcc/rgb/train/110/A_cropped_rgb517.jpg,0,8,0.6228393316268921,0.9999998807907104,,B,A,092,110,male,male,black,black,short,short,average,average
semantic,3,/data/datasets/PRCC/prcc/rgb/train/092/B_cropped_rgb313.jpg,/data/datasets/PRCC/prcc/rgb/train/185/A_cropped_rgb019.jpg,0,48,0.738662600517273,0.9999998807907104,,B,A,092,185,male,male,black,black,short,short,average,average
semantic,4,/data/datasets/PRCC/prcc/rgb/train/092/B_cropped_rgb313.jpg,/data/datasets/PRCC/prcc/rgb/train/300/C_cropped_rgb171.jpg,0,133,0.7363044023513794,0.9999998807907104,,B,C,092,300C,male,male,black,black,short,short,average,average
semantic,5,/data/datasets/PRCC/prcc/rgb/train/092/B_cropped_rgb313.jpg,/data/datasets/PRCC/prcc/rgb/train/177/C_cropped_rgb475.jpg,0,42,0.6942155957221985,0.9999998807907104,,B,C,092,177C,male,male,black,black,short,short,average,average
hybrid,1,/data/datasets/PRCC/prcc/rgb/train/092/B_cropped_rgb313.jpg,/data/datasets/PRCC/prcc/rgb/train/149/B_cropped_rgb583.jpg,0,24,0.8765525817871094,0.9999998807907104,1,B,B,092,149,male,male,black,black,short,short,average,average
hybrid,2,/data/datasets/PRCC/prcc/rgb/train/092/B_cropped_rgb313.jpg,/data/datasets/PRCC/prcc/rgb/train/114/B_cropped_rgb144.jpg,0,11,0.8909210562705994,0.9999998807907104,2,B,B,092,114,male,male,black,black,short,short,average,average
hybrid,3,/data/datasets/PRCC/prcc/rgb/train/092/B_cropped_rgb313.jpg,/data/datasets/PRCC/prcc/rgb/train/110/A_cropped_rgb517.jpg,0,8,0.6228393316268921,0.9999998807907104,3,B,A,092,110,male,male,black,black,short,short,average,average
hybrid,4,/data/datasets/PRCC/prcc/rgb/train/092/B_cropped_rgb313.jpg,/data/datasets/PRCC/prcc/rgb/train/193/A_cropped_rgb016.jpg,0,51,0.8862529993057251,0.9999998807907104,4,B,A,092,193,male,male,black,black,short,short,average,average
hybrid,5,/data/datasets/PRCC/prcc/rgb/train/092/B_cropped_rgb313.jpg,/data/datasets/PRCC/prcc/rgb/train/185/A_cropped_rgb019.jpg,0,48,0.738662600517273,0.9999998807907104,5,B,A,092,185,male,male,black,black,short,short,average,average
visual,1,/data/datasets/PRCC/prcc/rgb/train/092/B_cropped_rgb322.jpg,/data/datasets/PRCC/prcc/rgb/train/114/B_cropped_rgb144.jpg,0,11,0.8804534077644348,0.9999998807907104,,B,B,092,114,male,male,black,black,short,short,average,average
visual,2,/data/datasets/PRCC/prcc/rgb/train/092/B_cropped_rgb322.jpg,/data/datasets/PRCC/prcc/rgb/train/193/A_cropped_rgb025.jpg,0,51,0.878636360168457,0.9999998807907104,,B,A,092,193,male,male,black,black,short,short,average,average
visual,3,/data/datasets/PRCC/prcc/rgb/train/092/B_cropped_rgb322.jpg,/data/datasets/PRCC/prcc/rgb/train/193/A_cropped_rgb052.jpg,0,51,0.8785489201545715,0.9999998807907104,,B,A,092,193,male,male,black,black,short,short,average,average
visual,4,/data/datasets/PRCC/prcc/rgb/train/092/B_cropped_rgb322.jpg,/data/datasets/PRCC/prcc/rgb/train/193/A_cropped_rgb016.jpg,0,51,0.8764595985412598,0.9999998807907104,,B,A,092,193,male,male,black,black,short,short,average,average
visual,5,/data/datasets/PRCC/prcc/rgb/train/092/B_cropped_rgb322.jpg,/data/datasets/PRCC/prcc/rgb/train/193/A_cropped_rgb028.jpg,0,51,0.8747167587280273,0.9999998807907104,,B,A,092,193,male,male,black,black,short,short,average,average
semantic,1,/data/datasets/PRCC/prcc/rgb/train/092/B_cropped_rgb322.jpg,/data/datasets/PRCC/prcc/rgb/train/149/B_cropped_rgb583.jpg,0,24,0.8679128885269165,0.9999998807907104,,B,B,092,149,male,male,black,black,short,short,average,average
semantic,2,/data/datasets/PRCC/prcc/rgb/train/092/B_cropped_rgb322.jpg,/data/datasets/PRCC/prcc/rgb/train/110/A_cropped_rgb517.jpg,0,8,0.6266307830810547,0.9999998807907104,,B,A,092,110,male,male,black,black,short,short,average,average
semantic,3,/data/datasets/PRCC/prcc/rgb/train/092/B_cropped_rgb322.jpg,/data/datasets/PRCC/prcc/rgb/train/185/A_cropped_rgb019.jpg,0,48,0.7172049283981323,0.9999998807907104,,B,A,092,185,male,male,black,black,short,short,average,average
semantic,4,/data/datasets/PRCC/prcc/rgb/train/092/B_cropped_rgb322.jpg,/data/datasets/PRCC/prcc/rgb/train/300/C_cropped_rgb171.jpg,0,133,0.7369444966316223,0.9999998807907104,,B,C,092,300C,male,male,black,black,short,short,average,average
semantic,5,/data/datasets/PRCC/prcc/rgb/train/092/B_cropped_rgb322.jpg,/data/datasets/PRCC/prcc/rgb/train/177/C_cropped_rgb475.jpg,0,42,0.6423337459564209,0.9999998807907104,,B,C,092,177C,male,male,black,black,short,short,average,average
hybrid,1,/data/datasets/PRCC/prcc/rgb/train/092/B_cropped_rgb322.jpg,/data/datasets/PRCC/prcc/rgb/train/149/B_cropped_rgb583.jpg,0,24,0.8679128885269165,0.9999998807907104,1,B,B,092,149,male,male,black,black,short,short,average,average
hybrid,2,/data/datasets/PRCC/prcc/rgb/train/092/B_cropped_rgb322.jpg,/data/datasets/PRCC/prcc/rgb/train/114/B_cropped_rgb144.jpg,0,11,0.8804534077644348,0.9999998807907104,2,B,B,092,114,male,male,black,black,short,short,average,average
hybrid,3,/data/datasets/PRCC/prcc/rgb/train/092/B_cropped_rgb322.jpg,/data/datasets/PRCC/prcc/rgb/train/110/A_cropped_rgb517.jpg,0,8,0.6266307830810547,0.9999998807907104,3,B,A,092,110,male,male,black,black,short,short,average,average
hybrid,4,/data/datasets/PRCC/prcc/rgb/train/092/B_cropped_rgb322.jpg,/data/datasets/PRCC/prcc/rgb/train/193/A_cropped_rgb025.jpg,0,51,0.878636360168457,0.9999998807907104,4,B,A,092,193,male,male,black,black,short,short,average,average
hybrid,5,/data/datasets/PRCC/prcc/rgb/train/092/B_cropped_rgb322.jpg,/data/datasets/PRCC/prcc/rgb/train/185/A_cropped_rgb019.jpg,0,48,0.7172049283981323,0.9999998807907104,5,B,A,092,185,male,male,black,black,short,short,average,average
visual,1,/data/datasets/PRCC/prcc/rgb/train/092/B_cropped_rgb328.jpg,/data/datasets/PRCC/prcc/rgb/train/193/A_cropped_rgb025.jpg,0,51,0.8986746072769165,0.9954804182052612,,B,A,092,193,male,male,black,black,short,short,slim,average
visual,2,/data/datasets/PRCC/prcc/rgb/train/092/B_cropped_rgb328.jpg,/data/datasets/PRCC/prcc/rgb/train/193/A_cropped_rgb052.jpg,0,51,0.8969829082489014,0.9954804182052612,,B,A,092,193,male,male,black,black,short,short,slim,average
visual,3,/data/datasets/PRCC/prcc/rgb/train/092/B_cropped_rgb328.jpg,/data/datasets/PRCC/prcc/rgb/train/193/A_cropped_rgb016.jpg,0,51,0.8889133334159851,0.9954804182052612,,B,A,092,193,male,male,black,black,short,short,slim,average
visual,4,/data/datasets/PRCC/prcc/rgb/train/092/B_cropped_rgb328.jpg,/data/datasets/PRCC/prcc/rgb/train/193/A_cropped_rgb037.jpg,0,51,0.8884392976760864,0.9954804182052612,,B,A,092,193,male,male,black,black,short,short,slim,average
visual,5,/data/datasets/PRCC/prcc/rgb/train/092/B_cropped_rgb328.jpg,/data/datasets/PRCC/prcc/rgb/train/193/A_cropped_rgb019.jpg,0,51,0.8880881071090698,0.9954804182052612,,B,A,092,193,male,male,black,black,short,short,slim,average
semantic,1,/data/datasets/PRCC/prcc/rgb/train/092/B_cropped_rgb328.jpg,/data/datasets/PRCC/prcc/rgb/train/253/B_cropped_rgb078.jpg,0,95,0.7371012568473816,1.0000001192092896,,B,B,092,253,male,male,black,black,short,short,slim,slim
semantic,2,/data/datasets/PRCC/prcc/rgb/train/092/B_cropped_rgb328.jpg,/data/datasets/PRCC/prcc/rgb/train/301/A_cropped_rgb484.jpg,0,134,0.7353898882865906,1.0000001192092896,,B,A,092,301,male,male,black,black,short,short,slim,slim
semantic,3,/data/datasets/PRCC/prcc/rgb/train/092/B_cropped_rgb328.jpg,/data/datasets/PRCC/prcc/rgb/train/251/C_cropped_rgb463.jpg,0,93,0.5892260074615479,1.0000001192092896,,B,C,092,251C,male,male,black,black,short,short,slim,slim
semantic,4,/data/datasets/PRCC/prcc/rgb/train/092/B_cropped_rgb328.jpg,/data/datasets/PRCC/prcc/rgb/train/189/B_cropped_rgb247.jpg,0,49,0.7415069341659546,1.0000001192092896,,B,B,092,189,male,male,black,black,short,short,slim,slim
semantic,5,/data/datasets/PRCC/prcc/rgb/train/092/B_cropped_rgb328.jpg,/data/datasets/PRCC/prcc/rgb/train/299/B_cropped_rgb211.jpg,0,132,0.6794390678405762,1.0000001192092896,,B,B,092,299,male,male,black,black,short,short,slim,slim
hybrid,1,/data/datasets/PRCC/prcc/rgb/train/092/B_cropped_rgb328.jpg,/data/datasets/PRCC/prcc/rgb/train/253/B_cropped_rgb078.jpg,0,95,0.7371012568473816,1.0000001192092896,1,B,B,092,253,male,male,black,black,short,short,slim,slim
hybrid,2,/data/datasets/PRCC/prcc/rgb/train/092/B_cropped_rgb328.jpg,/data/datasets/PRCC/prcc/rgb/train/193/A_cropped_rgb025.jpg,0,51,0.8986746072769165,0.9954804182052612,2,B,A,092,193,male,male,black,black,short,short,slim,average
hybrid,3,/data/datasets/PRCC/prcc/rgb/train/092/B_cropped_rgb328.jpg,/data/datasets/PRCC/prcc/rgb/train/301/A_cropped_rgb484.jpg,0,134,0.7353898882865906,1.0000001192092896,3,B,A,092,301,male,male,black,black,short,short,slim,slim
hybrid,4,/data/datasets/PRCC/prcc/rgb/train/092/B_cropped_rgb328.jpg,/data/datasets/PRCC/prcc/rgb/train/193/A_cropped_rgb052.jpg,0,51,0.8969829082489014,0.9954804182052612,4,B,A,092,193,male,male,black,black,short,short,slim,average
hybrid,5,/data/datasets/PRCC/prcc/rgb/train/092/B_cropped_rgb328.jpg,/data/datasets/PRCC/prcc/rgb/train/251/C_cropped_rgb463.jpg,0,93,0.5892260074615479,1.0000001192092896,5,B,C,092,251C,male,male,black,black,short,short,slim,slim
visual,1,/data/datasets/PRCC/prcc/rgb/train/092/B_cropped_rgb331.jpg,/data/datasets/PRCC/prcc/rgb/train/193/A_cropped_rgb025.jpg,0,51,0.8940245509147644,0.9999998807907104,,B,A,092,193,male,male,black,black,short,short,average,average
visual,2,/data/datasets/PRCC/prcc/rgb/train/092/B_cropped_rgb331.jpg,/data/datasets/PRCC/prcc/rgb/train/193/A_cropped_rgb052.jpg,0,51,0.8907835483551025,0.9999998807907104,,B,A,092,193,male,male,black,black,short,short,average,average
visual,3,/data/datasets/PRCC/prcc/rgb/train/092/B_cropped_rgb331.jpg,/data/datasets/PRCC/prcc/rgb/train/193/A_cropped_rgb016.jpg,0,51,0.8861598968505859,0.9999998807907104,,B,A,092,193,male,male,black,black,short,short,average,average
visual,4,/data/datasets/PRCC/prcc/rgb/train/092/B_cropped_rgb331.jpg,/data/datasets/PRCC/prcc/rgb/train/193/A_cropped_rgb019.jpg,0,51,0.8857976198196411,0.9999998807907104,,B,A,092,193,male,male,black,black,short,short,average,average
visual,5,/data/datasets/PRCC/prcc/rgb/train/092/B_cropped_rgb331.jpg,/data/datasets/PRCC/prcc/rgb/train/193/A_cropped_rgb013.jpg,0,51,0.881489634513855,0.9999998807907104,,B,A,092,193,male,male,black,black,short,short,average,average
semantic,1,/data/datasets/PRCC/prcc/rgb/train/092/B_cropped_rgb331.jpg,/data/datasets/PRCC/prcc/rgb/train/149/B_cropped_rgb583.jpg,0,24,0.8478752374649048,0.9999998807907104,,B,B,092,149,male,male,black,black,short,short,average,average
semantic,2,/data/datasets/PRCC/prcc/rgb/train/092/B_cropped_rgb331.jpg,/data/datasets/PRCC/prcc/rgb/train/110/A_cropped_rgb517.jpg,0,8,0.6256036162376404,0.9999998807907104,,B,A,092,110,male,male,black,black,short,short,average,average
semantic,3,/data/datasets/PRCC/prcc/rgb/train/092/B_cropped_rgb331.jpg,/data/datasets/PRCC/prcc/rgb/train/185/A_cropped_rgb019.jpg,0,48,0.7272413969039917,0.9999998807907104,,B,A,092,185,male,male,black,black,short,short,average,average
semantic,4,/data/datasets/PRCC/prcc/rgb/train/092/B_cropped_rgb331.jpg,/data/datasets/PRCC/prcc/rgb/train/300/C_cropped_rgb171.jpg,0,133,0.7414743900299072,0.9999998807907104,,B,C,092,300C,male,male,black,black,short,short,average,average
semantic,5,/data/datasets/PRCC/prcc/rgb/train/092/B_cropped_rgb331.jpg,/data/datasets/PRCC/prcc/rgb/train/177/C_cropped_rgb475.jpg,0,42,0.6491150259971619,0.9999998807907104,,B,C,092,177C,male,male,black,black,short,short,average,average
hybrid,1,/data/datasets/PRCC/prcc/rgb/train/092/B_cropped_rgb331.jpg,/data/datasets/PRCC/prcc/rgb/train/149/B_cropped_rgb583.jpg,0,24,0.8478752374649048,0.9999998807907104,1,B,B,092,149,male,male,black,black,short,short,average,average
hybrid,2,/data/datasets/PRCC/prcc/rgb/train/092/B_cropped_rgb331.jpg,/data/datasets/PRCC/prcc/rgb/train/193/A_cropped_rgb025.jpg,0,51,0.8940245509147644,0.9999998807907104,2,B,A,092,193,male,male,black,black,short,short,average,average
hybrid,3,/data/datasets/PRCC/prcc/rgb/train/092/B_cropped_rgb331.jpg,/data/datasets/PRCC/prcc/rgb/train/110/A_cropped_rgb517.jpg,0,8,0.6256036162376404,0.9999998807907104,3,B,A,092,110,male,male,black,black,short,short,average,average
hybrid,4,/data/datasets/PRCC/prcc/rgb/train/092/B_cropped_rgb331.jpg,/data/datasets/PRCC/prcc/rgb/train/193/A_cropped_rgb052.jpg,0,51,0.8907835483551025,0.9999998807907104,4,B,A,092,193,male,male,black,black,short,short,average,average
hybrid,5,/data/datasets/PRCC/prcc/rgb/train/092/B_cropped_rgb331.jpg,/data/datasets/PRCC/prcc/rgb/train/185/A_cropped_rgb019.jpg,0,48,0.7272413969039917,0.9999998807907104,5,B,A,092,185,male,male,black,black,short,short,average,average
visual,1,/data/datasets/PRCC/prcc/rgb/train/092/B_cropped_rgb334.jpg,/data/datasets/PRCC/prcc/rgb/train/193/A_cropped_rgb025.jpg,0,51,0.8921142816543579,0.9999998807907104,,B,A,092,193,male,male,black,black,short,short,average,average
visual,2,/data/datasets/PRCC/prcc/rgb/train/092/B_cropped_rgb334.jpg,/data/datasets/PRCC/prcc/rgb/train/193/A_cropped_rgb016.jpg,0,51,0.8842381834983826,0.9999998807907104,,B,A,092,193,male,male,black,black,short,short,average,average
visual,3,/data/datasets/PRCC/prcc/rgb/train/092/B_cropped_rgb334.jpg,/data/datasets/PRCC/prcc/rgb/train/193/A_cropped_rgb052.jpg,0,51,0.8825111985206604,0.9999998807907104,,B,A,092,193,male,male,black,black,short,short,average,average
visual,4,/data/datasets/PRCC/prcc/rgb/train/092/B_cropped_rgb334.jpg,/data/datasets/PRCC/prcc/rgb/train/193/A_cropped_rgb028.jpg,0,51,0.8824566602706909,0.9999998807907104,,B,A,092,193,male,male,black,black,short,short,average,average
visual,5,/data/datasets/PRCC/prcc/rgb/train/092/B_cropped_rgb334.jpg,/data/datasets/PRCC/prcc/rgb/train/193/A_cropped_rgb019.jpg,0,51,0.8804503679275513,0.9999998807907104,,B,A,092,193,male,male,black,black,short,short,average,average
semantic,1,/data/datasets/PRCC/prcc/rgb/train/092/B_cropped_rgb334.jpg,/data/datasets/PRCC/prcc/rgb/train/149/B_cropped_rgb583.jpg,0,24,0.8589496612548828,0.9999998807907104,,B,B,092,149,male,male,black,black,short,short,average,average
semantic,2,/data/datasets/PRCC/prcc/rgb/train/092/B_cropped_rgb334.jpg,/data/datasets/PRCC/prcc/rgb/train/110/A_cropped_rgb517.jpg,0,8,0.6157541275024414,0.9999998807907104,,B,A,092,110,male,male,black,black,short,short,average,average
semantic,3,/data/datasets/PRCC/prcc/rgb/train/092/B_cropped_rgb334.jpg,/data/datasets/PRCC/prcc/rgb/train/185/A_cropped_rgb019.jpg,0,48,0.73321133852005,0.9999998807907104,,B,A,092,185,male,male,black,black,short,short,average,average
semantic,4,/data/datasets/PRCC/prcc/rgb/train/092/B_cropped_rgb334.jpg,/data/datasets/PRCC/prcc/rgb/train/300/C_cropped_rgb171.jpg,0,133,0.7363555431365967,0.9999998807907104,,B,C,092,300C,male,male,black,black,short,short,average,average
semantic,5,/data/datasets/PRCC/prcc/rgb/train/092/B_cropped_rgb334.jpg,/data/datasets/PRCC/prcc/rgb/train/177/C_cropped_rgb475.jpg,0,42,0.6610169410705566,0.9999998807907104,,B,C,092,177C,male,male,black,black,short,short,average,average
hybrid,1,/data/datasets/PRCC/prcc/rgb/train/092/B_cropped_rgb334.jpg,/data/datasets/PRCC/prcc/rgb/train/149/B_cropped_rgb583.jpg,0,24,0.8589496612548828,0.9999998807907104,1,B,B,092,149,male,male,black,black,short,short,average,average
hybrid,2,/data/datasets/PRCC/prcc/rgb/train/092/B_cropped_rgb334.jpg,/data/datasets/PRCC/prcc/rgb/train/193/A_cropped_rgb025.jpg,0,51,0.8921142816543579,0.9999998807907104,2,B,A,092,193,male,male,black,black,short,short,average,average
hybrid,3,/data/datasets/PRCC/prcc/rgb/train/092/B_cropped_rgb334.jpg,/data/datasets/PRCC/prcc/rgb/train/110/A_cropped_rgb517.jpg,0,8,0.6157541275024414,0.9999998807907104,3,B,A,092,110,male,male,black,black,short,short,average,average
hybrid,4,/data/datasets/PRCC/prcc/rgb/train/092/B_cropped_rgb334.jpg,/data/datasets/PRCC/prcc/rgb/train/193/A_cropped_rgb016.jpg,0,51,0.8842381834983826,0.9999998807907104,4,B,A,092,193,male,male,black,black,short,short,average,average
hybrid,5,/data/datasets/PRCC/prcc/rgb/train/092/B_cropped_rgb334.jpg,/data/datasets/PRCC/prcc/rgb/train/185/A_cropped_rgb019.jpg,0,48,0.73321133852005,0.9999998807907104,5,B,A,092,185,male,male,black,black,short,short,average,average
visual,1,/data/datasets/PRCC/prcc/rgb/train/092/B_cropped_rgb380.jpg,/data/datasets/PRCC/prcc/rgb/train/193/A_cropped_rgb052.jpg,0,51,0.9018463492393494,0.9954804182052612,,B,A,092,193,male,male,black,black,short,short,slim,average
visual,2,/data/datasets/PRCC/prcc/rgb/train/092/B_cropped_rgb380.jpg,/data/datasets/PRCC/prcc/rgb/train/193/A_cropped_rgb016.jpg,0,51,0.900530219078064,0.9954804182052612,,B,A,092,193,male,male,black,black,short,short,slim,average
visual,3,/data/datasets/PRCC/prcc/rgb/train/092/B_cropped_rgb380.jpg,/data/datasets/PRCC/prcc/rgb/train/193/A_cropped_rgb025.jpg,0,51,0.9000428915023804,0.9954804182052612,,B,A,092,193,male,male,black,black,short,short,slim,average
visual,4,/data/datasets/PRCC/prcc/rgb/train/092/B_cropped_rgb380.jpg,/data/datasets/PRCC/prcc/rgb/train/193/A_cropped_rgb045.jpg,0,51,0.899325966835022,0.9954804182052612,,B,A,092,193,male,male,black,black,short,short,slim,average
visual,5,/data/datasets/PRCC/prcc/rgb/train/092/B_cropped_rgb380.jpg,/data/datasets/PRCC/prcc/rgb/train/193/A_cropped_rgb019.jpg,0,51,0.8943807482719421,0.9954804182052612,,B,A,092,193,male,male,black,black,short,short,slim,average
semantic,1,/data/datasets/PRCC/prcc/rgb/train/092/B_cropped_rgb380.jpg,/data/datasets/PRCC/prcc/rgb/train/253/B_cropped_rgb078.jpg,0,95,0.7594800591468811,1.0000001192092896,,B,B,092,253,male,male,black,black,short,short,slim,slim
semantic,2,/data/datasets/PRCC/prcc/rgb/train/092/B_cropped_rgb380.jpg,/data/datasets/PRCC/prcc/rgb/train/301/A_cropped_rgb484.jpg,0,134,0.7311946153640747,1.0000001192092896,,B,A,092,301,male,male,black,black,short,short,slim,slim
semantic,3,/data/datasets/PRCC/prcc/rgb/train/092/B_cropped_rgb380.jpg,/data/datasets/PRCC/prcc/rgb/train/251/C_cropped_rgb463.jpg,0,93,0.6309853196144104,1.0000001192092896,,B,C,092,251C,male,male,black,black,short,short,slim,slim
semantic,4,/data/datasets/PRCC/prcc/rgb/train/092/B_cropped_rgb380.jpg,/data/datasets/PRCC/prcc/rgb/train/189/B_cropped_rgb247.jpg,0,49,0.7494914531707764,1.0000001192092896,,B,B,092,189,male,male,black,black,short,short,slim,slim
semantic,5,/data/datasets/PRCC/prcc/rgb/train/092/B_cropped_rgb380.jpg,/data/datasets/PRCC/prcc/rgb/train/299/B_cropped_rgb211.jpg,0,132,0.662078320980072,1.0000001192092896,,B,B,092,299,male,male,black,black,short,short,slim,slim
hybrid,1,/data/datasets/PRCC/prcc/rgb/train/092/B_cropped_rgb380.jpg,/data/datasets/PRCC/prcc/rgb/train/253/B_cropped_rgb078.jpg,0,95,0.7594800591468811,1.0000001192092896,1,B,B,092,253,male,male,black,black,short,short,slim,slim
hybrid,2,/data/datasets/PRCC/prcc/rgb/train/092/B_cropped_rgb380.jpg,/data/datasets/PRCC/prcc/rgb/train/193/A_cropped_rgb052.jpg,0,51,0.9018463492393494,0.9954804182052612,2,B,A,092,193,male,male,black,black,short,short,slim,average
hybrid,3,/data/datasets/PRCC/prcc/rgb/train/092/B_cropped_rgb380.jpg,/data/datasets/PRCC/prcc/rgb/train/301/A_cropped_rgb484.jpg,0,134,0.7311946153640747,1.0000001192092896,3,B,A,092,301,male,male,black,black,short,short,slim,slim
hybrid,4,/data/datasets/PRCC/prcc/rgb/train/092/B_cropped_rgb380.jpg,/data/datasets/PRCC/prcc/rgb/train/193/A_cropped_rgb016.jpg,0,51,0.900530219078064,0.9954804182052612,4,B,A,092,193,male,male,black,black,short,short,slim,average
hybrid,5,/data/datasets/PRCC/prcc/rgb/train/092/B_cropped_rgb380.jpg,/data/datasets/PRCC/prcc/rgb/train/251/C_cropped_rgb463.jpg,0,93,0.6309853196144104,1.0000001192092896,5,B,C,092,251C,male,male,black,black,short,short,slim,slim
visual,1,/data/datasets/PRCC/prcc/rgb/train/092/C_cropped_rgb001.jpg,/data/datasets/PRCC/prcc/rgb/train/149/B_cropped_rgb583.jpg,0,24,0.888335108757019,0.9999998807907104,,C,B,092C,149,male,male,black,black,short,short,average,average
visual,2,/data/datasets/PRCC/prcc/rgb/train/092/C_cropped_rgb001.jpg,/data/datasets/PRCC/prcc/rgb/train/193/A_cropped_rgb016.jpg,0,51,0.8855399489402771,0.9999998807907104,,C,A,092C,193,male,male,black,black,short,short,average,average
visual,3,/data/datasets/PRCC/prcc/rgb/train/092/C_cropped_rgb001.jpg,/data/datasets/PRCC/prcc/rgb/train/193/A_cropped_rgb034.jpg,0,51,0.8854084014892578,0.9999998807907104,,C,A,092C,193,male,male,black,black,short,short,average,average
visual,4,/data/datasets/PRCC/prcc/rgb/train/092/C_cropped_rgb001.jpg,/data/datasets/PRCC/prcc/rgb/train/206/C_cropped_rgb001.jpg,0,61,0.8826630115509033,0.9999998807907104,,C,C,092C,206C,male,male,black,black,short,short,average,average
visual,5,/data/datasets/PRCC/prcc/rgb/train/092/C_cropped_rgb001.jpg,/data/datasets/PRCC/prcc/rgb/train/193/A_cropped_rgb028.jpg,0,51,0.8818265199661255,0.9999998807907104,,C,A,092C,193,male,male,black,black,short,short,average,average
semantic,1,/data/datasets/PRCC/prcc/rgb/train/092/C_cropped_rgb001.jpg,/data/datasets/PRCC/prcc/rgb/train/149/B_cropped_rgb583.jpg,0,24,0.888335108757019,0.9999998807907104,,C,B,092C,149,male,male,black,black,short,short,average,average
semantic,2,/data/datasets/PRCC/prcc/rgb/train/092/C_cropped_rgb001.jpg,/data/datasets/PRCC/prcc/rgb/train/110/A_cropped_rgb517.jpg,0,8,0.6436614394187927,0.9999998807907104,,C,A,092C,110,male,male,black,black,short,short,average,average
semantic,3,/data/datasets/PRCC/prcc/rgb/train/092/C_cropped_rgb001.jpg,/data/datasets/PRCC/prcc/rgb/train/185/A_cropped_rgb019.jpg,0,48,0.8048232793807983,0.9999998807907104,,C,A,092C,185,male,male,black,black,short,short,average,average
semantic,4,/data/datasets/PRCC/prcc/rgb/train/092/C_cropped_rgb001.jpg,/data/datasets/PRCC/prcc/rgb/train/300/C_cropped_rgb171.jpg,0,133,0.7127313613891602,0.9999998807907104,,C,C,092C,300C,male,male,black,black,short,short,average,average
semantic,5,/data/datasets/PRCC/prcc/rgb/train/092/C_cropped_rgb001.jpg,/data/datasets/PRCC/prcc/rgb/train/177/C_cropped_rgb475.jpg,0,42,0.7087751626968384,0.9999998807907104,,C,C,092C,177C,male,male,black,black,short,short,average,average
hybrid,1,/data/datasets/PRCC/prcc/rgb/train/092/C_cropped_rgb001.jpg,/data/datasets/PRCC/prcc/rgb/train/149/B_cropped_rgb583.jpg,0,24,0.888335108757019,0.9999998807907104,1,C,B,092C,149,male,male,black,black,short,short,average,average
hybrid,2,/data/datasets/PRCC/prcc/rgb/train/092/C_cropped_rgb001.jpg,/data/datasets/PRCC/prcc/rgb/train/110/A_cropped_rgb517.jpg,0,8,0.6436614394187927,0.9999998807907104,2,C,A,092C,110,male,male,black,black,short,short,average,average
hybrid,3,/data/datasets/PRCC/prcc/rgb/train/092/C_cropped_rgb001.jpg,/data/datasets/PRCC/prcc/rgb/train/193/A_cropped_rgb016.jpg,0,51,0.8855399489402771,0.9999998807907104,3,C,A,092C,193,male,male,black,black,short,short,average,average
hybrid,4,/data/datasets/PRCC/prcc/rgb/train/092/C_cropped_rgb001.jpg,/data/datasets/PRCC/prcc/rgb/train/185/A_cropped_rgb019.jpg,0,48,0.8048232793807983,0.9999998807907104,4,C,A,092C,185,male,male,black,black,short,short,average,average
hybrid,5,/data/datasets/PRCC/prcc/rgb/train/092/C_cropped_rgb001.jpg,/data/datasets/PRCC/prcc/rgb/train/193/A_cropped_rgb034.jpg,0,51,0.8854084014892578,0.9999998807907104,5,C,A,092C,193,male,male,black,black,short,short,average,average
visual,1,/data/datasets/PRCC/prcc/rgb/train/092/C_cropped_rgb007.jpg,/data/datasets/PRCC/prcc/rgb/train/193/A_cropped_rgb028.jpg,0,51,0.8980295658111572,0.9999998807907104,,C,A,092C,193,male,male,black,black,short,short,average,average
visual,2,/data/datasets/PRCC/prcc/rgb/train/092/C_cropped_rgb007.jpg,/data/datasets/PRCC/prcc/rgb/train/193/A_cropped_rgb034.jpg,0,51,0.8971353769302368,0.9999998807907104,,C,A,092C,193,male,male,black,black,short,short,average,average
visual,3,/data/datasets/PRCC/prcc/rgb/train/092/C_cropped_rgb007.jpg,/data/datasets/PRCC/prcc/rgb/train/193/A_cropped_rgb016.jpg,0,51,0.8950437903404236,0.9999998807907104,,C,A,092C,193,male,male,black,black,short,short,average,average
visual,4,/data/datasets/PRCC/prcc/rgb/train/092/C_cropped_rgb007.jpg,/data/datasets/PRCC/prcc/rgb/train/149/B_cropped_rgb583.jpg,0,24,0.8946142792701721,0.9999998807907104,,C,B,092C,149,male,male,black,black,short,short,average,average
visual,5,/data/datasets/PRCC/prcc/rgb/train/092/C_cropped_rgb007.jpg,/data/datasets/PRCC/prcc/rgb/train/193/A_cropped_rgb025.jpg,0,51,0.8905950784683228,0.9999998807907104,,C,A,092C,193,male,male,black,black,short,short,average,average
semantic,1,/data/datasets/PRCC/prcc/rgb/train/092/C_cropped_rgb007.jpg,/data/datasets/PRCC/prcc/rgb/train/149/B_cropped_rgb583.jpg,0,24,0.8946142792701721,0.9999998807907104,,C,B,092C,149,male,male,black,black,short,short,average,average
semantic,2,/data/datasets/PRCC/prcc/rgb/train/092/C_cropped_rgb007.jpg,/data/datasets/PRCC/prcc/rgb/train/110/A_cropped_rgb517.jpg,0,8,0.6739637851715088,0.9999998807907104,,C,A,092C,110,male,male,black,black,short,short,average,average
semantic,3,/data/datasets/PRCC/prcc/rgb/train/092/C_cropped_rgb007.jpg,/data/datasets/PRCC/prcc/rgb/train/185/A_cropped_rgb019.jpg,0,48,0.7822927236557007,0.9999998807907104,,C,A,092C,185,male,male,black,black,short,short,average,average
semantic,4,/data/datasets/PRCC/prcc/rgb/train/092/C_cropped_rgb007.jpg,/data/datasets/PRCC/prcc/rgb/train/300/C_cropped_rgb171.jpg,0,133,0.7364175319671631,0.9999998807907104,,C,C,092C,300C,male,male,black,black,short,short,average,average
semantic,5,/data/datasets/PRCC/prcc/rgb/train/092/C_cropped_rgb007.jpg,/data/datasets/PRCC/prcc/rgb/train/177/C_cropped_rgb475.jpg,0,42,0.7143219113349915,0.9999998807907104,,C,C,092C,177C,male,male,black,black,short,short,average,average
hybrid,1,/data/datasets/PRCC/prcc/rgb/train/092/C_cropped_rgb007.jpg,/data/datasets/PRCC/prcc/rgb/train/149/B_cropped_rgb583.jpg,0,24,0.8946142792701721,0.9999998807907104,1,C,B,092C,149,male,male,black,black,short,short,average,average
hybrid,2,/data/datasets/PRCC/prcc/rgb/train/092/C_cropped_rgb007.jpg,/data/datasets/PRCC/prcc/rgb/train/193/A_cropped_rgb028.jpg,0,51,0.8980295658111572,0.9999998807907104,2,C,A,092C,193,male,male,black,black,short,short,average,average
hybrid,3,/data/datasets/PRCC/prcc/rgb/train/092/C_cropped_rgb007.jpg,/data/datasets/PRCC/prcc/rgb/train/110/A_cropped_rgb517.jpg,0,8,0.6739637851715088,0.9999998807907104,3,C,A,092C,110,male,male,black,black,short,short,average,average
hybrid,4,/data/datasets/PRCC/prcc/rgb/train/092/C_cropped_rgb007.jpg,/data/datasets/PRCC/prcc/rgb/train/193/A_cropped_rgb034.jpg,0,51,0.8971353769302368,0.9999998807907104,4,C,A,092C,193,male,male,black,black,short,short,average,average
hybrid,5,/data/datasets/PRCC/prcc/rgb/train/092/C_cropped_rgb007.jpg,/data/datasets/PRCC/prcc/rgb/train/185/A_cropped_rgb019.jpg,0,48,0.7822927236557007,0.9999998807907104,5,C,A,092C,185,male,male,black,black,short,short,average,average
visual,1,/data/datasets/PRCC/prcc/rgb/train/092/C_cropped_rgb016.jpg,/data/datasets/PRCC/prcc/rgb/train/149/B_cropped_rgb583.jpg,0,24,0.8818483352661133,0.9999998807907104,,C,B,092C,149,male,male,black,black,short,short,average,average
visual,2,/data/datasets/PRCC/prcc/rgb/train/092/C_cropped_rgb016.jpg,/data/datasets/PRCC/prcc/rgb/train/206/C_cropped_rgb034.jpg,0,61,0.8775794506072998,0.9999998807907104,,C,C,092C,206C,male,male,black,black,short,short,average,average
visual,3,/data/datasets/PRCC/prcc/rgb/train/092/C_cropped_rgb016.jpg,/data/datasets/PRCC/prcc/rgb/train/206/C_cropped_rgb010.jpg,0,61,0.8770555257797241,0.9999998807907104,,C,C,092C,206C,male,male,black,black,short,short,average,average
visual,4,/data/datasets/PRCC/prcc/rgb/train/092/C_cropped_rgb016.jpg,/data/datasets/PRCC/prcc/rgb/train/206/C_cropped_rgb001.jpg,0,61,0.8758279085159302,0.9999998807907104,,C,C,092C,206C,male,male,black,black,short,short,average,average
visual,5,/data/datasets/PRCC/prcc/rgb/train/092/C_cropped_rgb016.jpg,/data/datasets/PRCC/prcc/rgb/train/149/C_cropped_rgb019.jpg,0,24,0.8750962615013123,0.9999998807907104,,C,C,092C,149C,male,male,black,black,short,short,average,average
semantic,1,/data/datasets/PRCC/prcc/rgb/train/092/C_cropped_rgb016.jpg,/data/datasets/PRCC/prcc/rgb/train/149/B_cropped_rgb583.jpg,0,24,0.8818483352661133,0.9999998807907104,,C,B,092C,149,male,male,black,black,short,short,average,average
semantic,2,/data/datasets/PRCC/prcc/rgb/train/092/C_cropped_rgb016.jpg,/data/datasets/PRCC/prcc/rgb/train/110/A_cropped_rgb517.jpg,0,8,0.646282434463501,0.9999998807907104,,C,A,092C,110,male,male,black,black,short,short,average,average
semantic,3,/data/datasets/PRCC/prcc/rgb/train/092/C_cropped_rgb016.jpg,/data/datasets/PRCC/prcc/rgb/train/185/A_cropped_rgb019.jpg,0,48,0.7691663503646851,0.9999998807907104,,C,A,092C,185,male,male,black,black,short,short,average,average
semantic,4,/data/datasets/PRCC/prcc/rgb/train/092/C_cropped_rgb016.jpg,/data/datasets/PRCC/prcc/rgb/train/300/C_cropped_rgb171.jpg,0,133,0.7323354482650757,0.9999998807907104,,C,C,092C,300C,male,male,black,black,short,short,average,average
semantic,5,/data/datasets/PRCC/prcc/rgb/train/092/C_cropped_rgb016.jpg,/data/datasets/PRCC/prcc/rgb/train/177/C_cropped_rgb475.jpg,0,42,0.6907293796539307,0.9999998807907104,,C,C,092C,177C,male,male,black,black,short,short,average,average
hybrid,1,/data/datasets/PRCC/prcc/rgb/train/092/C_cropped_rgb016.jpg,/data/datasets/PRCC/prcc/rgb/train/149/B_cropped_rgb583.jpg,0,24,0.8818483352661133,0.9999998807907104,1,C,B,092C,149,male,male,black,black,short,short,average,average
hybrid,2,/data/datasets/PRCC/prcc/rgb/train/092/C_cropped_rgb016.jpg,/data/datasets/PRCC/prcc/rgb/train/110/A_cropped_rgb517.jpg,0,8,0.646282434463501,0.9999998807907104,2,C,A,092C,110,male,male,black,black,short,short,average,average
hybrid,3,/data/datasets/PRCC/prcc/rgb/train/092/C_cropped_rgb016.jpg,/data/datasets/PRCC/prcc/rgb/train/206/C_cropped_rgb034.jpg,0,61,0.8775794506072998,0.9999998807907104,3,C,C,092C,206C,male,male,black,black,short,short,average,average
hybrid,4,/data/datasets/PRCC/prcc/rgb/train/092/C_cropped_rgb016.jpg,/data/datasets/PRCC/prcc/rgb/train/185/A_cropped_rgb019.jpg,0,48,0.7691663503646851,0.9999998807907104,4,C,A,092C,185,male,male,black,black,short,short,average,average
hybrid,5,/data/datasets/PRCC/prcc/rgb/train/092/C_cropped_rgb016.jpg,/data/datasets/PRCC/prcc/rgb/train/206/C_cropped_rgb010.jpg,0,61,0.8770555257797241,0.9999998807907104,5,C,C,092C,206C,male,male,black,black,short,short,average,average
visual,1,/data/datasets/PRCC/prcc/rgb/train/092/C_cropped_rgb019.jpg,/data/datasets/PRCC/prcc/rgb/train/113/A_cropped_rgb126.jpg,0,10,0.8774702548980713,0.9999998807907104,,C,A,092C,113,male,male,black,black,short,short,average,average
visual,2,/data/datasets/PRCC/prcc/rgb/train/092/C_cropped_rgb019.jpg,/data/datasets/PRCC/prcc/rgb/train/149/B_cropped_rgb583.jpg,0,24,0.8774002194404602,0.9999998807907104,,C,B,092C,149,male,male,black,black,short,short,average,average
visual,3,/data/datasets/PRCC/prcc/rgb/train/092/C_cropped_rgb019.jpg,/data/datasets/PRCC/prcc/rgb/train/178/C_cropped_rgb043.jpg,0,43,0.8756426572799683,0.9999998807907104,,C,C,092C,178C,male,male,black,black,short,short,average,average
visual,4,/data/datasets/PRCC/prcc/rgb/train/092/C_cropped_rgb019.jpg,/data/datasets/PRCC/prcc/rgb/train/149/C_cropped_rgb019.jpg,0,24,0.8739374876022339,0.9999998807907104,,C,C,092C,149C,male,male,black,black,short,short,average,average
visual,5,/data/datasets/PRCC/prcc/rgb/train/092/C_cropped_rgb019.jpg,/data/datasets/PRCC/prcc/rgb/train/193/A_cropped_rgb028.jpg,0,51,0.8700655102729797,0.9999998807907104,,C,A,092C,193,male,male,black,black,short,short,average,average
semantic,1,/data/datasets/PRCC/prcc/rgb/train/092/C_cropped_rgb019.jpg,/data/datasets/PRCC/prcc/rgb/train/149/B_cropped_rgb583.jpg,0,24,0.8774002194404602,0.9999998807907104,,C,B,092C,149,male,male,black,black,short,short,average,average
semantic,2,/data/datasets/PRCC/prcc/rgb/train/092/C_cropped_rgb019.jpg,/data/datasets/PRCC/prcc/rgb/train/110/A_cropped_rgb517.jpg,0,8,0.6549421548843384,0.9999998807907104,,C,A,092C,110,male,male,black,black,short,short,average,average
semantic,3,/data/datasets/PRCC/prcc/rgb/train/092/C_cropped_rgb019.jpg,/data/datasets/PRCC/prcc/rgb/train/185/A_cropped_rgb019.jpg,0,48,0.7835257649421692,0.9999998807907104,,C,A,092C,185,male,male,black,black,short,short,average,average
semantic,4,/data/datasets/PRCC/prcc/rgb/train/092/C_cropped_rgb019.jpg,/data/datasets/PRCC/prcc/rgb/train/300/C_cropped_rgb171.jpg,0,133,0.7235734462738037,0.9999998807907104,,C,C,092C,300C,male,male,black,black,short,short,average,average
semantic,5,/data/datasets/PRCC/prcc/rgb/train/092/C_cropped_rgb019.jpg,/data/datasets/PRCC/prcc/rgb/train/177/C_cropped_rgb475.jpg,0,42,0.7173470258712769,0.9999998807907104,,C,C,092C,177C,male,male,black,black,short,short,average,average
hybrid,1,/data/datasets/PRCC/prcc/rgb/train/092/C_cropped_rgb019.jpg,/data/datasets/PRCC/prcc/rgb/train/149/B_cropped_rgb583.jpg,0,24,0.8774002194404602,0.9999998807907104,1,C,B,092C,149,male,male,black,black,short,short,average,average
hybrid,2,/data/datasets/PRCC/prcc/rgb/train/092/C_cropped_rgb019.jpg,/data/datasets/PRCC/prcc/rgb/train/113/A_cropped_rgb126.jpg,0,10,0.8774702548980713,0.9999998807907104,2,C,A,092C,113,male,male,black,black,short,short,average,average
hybrid,3,/data/datasets/PRCC/prcc/rgb/train/092/C_cropped_rgb019.jpg,/data/datasets/PRCC/prcc/rgb/train/110/A_cropped_rgb517.jpg,0,8,0.6549421548843384,0.9999998807907104,3,C,A,092C,110,male,male,black,black,short,short,average,average
hybrid,4,/data/datasets/PRCC/prcc/rgb/train/092/C_cropped_rgb019.jpg,/data/datasets/PRCC/prcc/rgb/train/185/A_cropped_rgb019.jpg,0,48,0.7835257649421692,0.9999998807907104,4,C,A,092C,185,male,male,black,black,short,short,average,average
hybrid,5,/data/datasets/PRCC/prcc/rgb/train/092/C_cropped_rgb019.jpg,/data/datasets/PRCC/prcc/rgb/train/178/C_cropped_rgb043.jpg,0,43,0.8756426572799683,0.9999998807907104,5,C,C,092C,178C,male,male,black,black,short,short,average,average
visual,1,/data/datasets/PRCC/prcc/rgb/train/092/C_cropped_rgb022.jpg,/data/datasets/PRCC/prcc/rgb/train/149/B_cropped_rgb583.jpg,0,24,0.8937908411026001,0.9999998807907104,,C,B,092C,149,male,male,black,black,short,short,average,average
visual,2,/data/datasets/PRCC/prcc/rgb/train/092/C_cropped_rgb022.jpg,/data/datasets/PRCC/prcc/rgb/train/193/A_cropped_rgb028.jpg,0,51,0.8823128342628479,0.9999998807907104,,C,A,092C,193,male,male,black,black,short,short,average,average
visual,3,/data/datasets/PRCC/prcc/rgb/train/092/C_cropped_rgb022.jpg,/data/datasets/PRCC/prcc/rgb/train/193/A_cropped_rgb016.jpg,0,51,0.8822548389434814,0.9999998807907104,,C,A,092C,193,male,male,black,black,short,short,average,average
visual,4,/data/datasets/PRCC/prcc/rgb/train/092/C_cropped_rgb022.jpg,/data/datasets/PRCC/prcc/rgb/train/193/A_cropped_rgb034.jpg,0,51,0.8815675973892212,0.9999998807907104,,C,A,092C,193,male,male,black,black,short,short,average,average
visual,5,/data/datasets/PRCC/prcc/rgb/train/092/C_cropped_rgb022.jpg,/data/datasets/PRCC/prcc/rgb/train/149/C_cropped_rgb019.jpg,0,24,0.8810792565345764,0.9999998807907104,,C,C,092C,149C,male,male,black,black,short,short,average,average
semantic,1,/data/datasets/PRCC/prcc/rgb/train/092/C_cropped_rgb022.jpg,/data/datasets/PRCC/prcc/rgb/train/149/B_cropped_rgb583.jpg,0,24,0.8937908411026001,0.9999998807907104,,C,B,092C,149,male,male,black,black,short,short,average,average
semantic,2,/data/datasets/PRCC/prcc/rgb/train/092/C_cropped_rgb022.jpg,/data/datasets/PRCC/prcc/rgb/train/110/A_cropped_rgb517.jpg,0,8,0.6439266204833984,0.9999998807907104,,C,A,092C,110,male,male,black,black,short,short,average,average
semantic,3,/data/datasets/PRCC/prcc/rgb/train/092/C_cropped_rgb022.jpg,/data/datasets/PRCC/prcc/rgb/train/185/A_cropped_rgb019.jpg,0,48,0.7859839797019958,0.9999998807907104,,C,A,092C,185,male,male,black,black,short,short,average,average
semantic,4,/data/datasets/PRCC/prcc/rgb/train/092/C_cropped_rgb022.jpg,/data/datasets/PRCC/prcc/rgb/train/300/C_cropped_rgb171.jpg,0,133,0.7329257726669312,0.9999998807907104,,C,C,092C,300C,male,male,black,black,short,short,average,average
semantic,5,/data/datasets/PRCC/prcc/rgb/train/092/C_cropped_rgb022.jpg,/data/datasets/PRCC/prcc/rgb/train/177/C_cropped_rgb475.jpg,0,42,0.7070773839950562,0.9999998807907104,,C,C,092C,177C,male,male,black,black,short,short,average,average
hybrid,1,/data/datasets/PRCC/prcc/rgb/train/092/C_cropped_rgb022.jpg,/data/datasets/PRCC/prcc/rgb/train/149/B_cropped_rgb583.jpg,0,24,0.8937908411026001,0.9999998807907104,1,C,B,092C,149,male,male,black,black,short,short,average,average
hybrid,2,/data/datasets/PRCC/prcc/rgb/train/092/C_cropped_rgb022.jpg,/data/datasets/PRCC/prcc/rgb/train/110/A_cropped_rgb517.jpg,0,8,0.6439266204833984,0.9999998807907104,2,C,A,092C,110,male,male,black,black,short,short,average,average
hybrid,3,/data/datasets/PRCC/prcc/rgb/train/092/C_cropped_rgb022.jpg,/data/datasets/PRCC/prcc/rgb/train/193/A_cropped_rgb028.jpg,0,51,0.8823128342628479,0.9999998807907104,3,C,A,092C,193,male,male,black,black,short,short,average,average
hybrid,4,/data/datasets/PRCC/prcc/rgb/train/092/C_cropped_rgb022.jpg,/data/datasets/PRCC/prcc/rgb/train/185/A_cropped_rgb019.jpg,0,48,0.7859839797019958,0.9999998807907104,4,C,A,092C,185,male,male,black,black,short,short,average,average
hybrid,5,/data/datasets/PRCC/prcc/rgb/train/092/C_cropped_rgb022.jpg,/data/datasets/PRCC/prcc/rgb/train/193/A_cropped_rgb016.jpg,0,51,0.8822548389434814,0.9999998807907104,5,C,A,092C,193,male,male,black,black,short,short,average,average
visual,1,/data/datasets/PRCC/prcc/rgb/train/092/C_cropped_rgb025.jpg,/data/datasets/PRCC/prcc/rgb/train/149/B_cropped_rgb583.jpg,0,24,0.8784396648406982,0.9999998807907104,,C,B,092C,149,male,male,black,black,short,short,average,average
visual,2,/data/datasets/PRCC/prcc/rgb/train/092/C_cropped_rgb025.jpg,/data/datasets/PRCC/prcc/rgb/train/193/A_cropped_rgb016.jpg,0,51,0.8760795593261719,0.9999998807907104,,C,A,092C,193,male,male,black,black,short,short,average,average
visual,3,/data/datasets/PRCC/prcc/rgb/train/092/C_cropped_rgb025.jpg,/data/datasets/PRCC/prcc/rgb/train/193/A_cropped_rgb028.jpg,0,51,0.8705382347106934,0.9999998807907104,,C,A,092C,193,male,male,black,black,short,short,average,average
visual,4,/data/datasets/PRCC/prcc/rgb/train/092/C_cropped_rgb025.jpg,/data/datasets/PRCC/prcc/rgb/train/193/A_cropped_rgb034.jpg,0,51,0.8703446388244629,0.9999998807907104,,C,A,092C,193,male,male,black,black,short,short,average,average
visual,5,/data/datasets/PRCC/prcc/rgb/train/092/C_cropped_rgb025.jpg,/data/datasets/PRCC/prcc/rgb/train/193/A_cropped_rgb013.jpg,0,51,0.8683171272277832,0.9999998807907104,,C,A,092C,193,male,male,black,black,short,short,average,average
semantic,1,/data/datasets/PRCC/prcc/rgb/train/092/C_cropped_rgb025.jpg,/data/datasets/PRCC/prcc/rgb/train/149/B_cropped_rgb583.jpg,0,24,0.8784396648406982,0.9999998807907104,,C,B,092C,149,male,male,black,black,short,short,average,average
semantic,2,/data/datasets/PRCC/prcc/rgb/train/092/C_cropped_rgb025.jpg,/data/datasets/PRCC/prcc/rgb/train/110/A_cropped_rgb517.jpg,0,8,0.6480588316917419,0.9999998807907104,,C,A,092C,110,male,male,black,black,short,short,average,average
semantic,3,/data/datasets/PRCC/prcc/rgb/train/092/C_cropped_rgb025.jpg,/data/datasets/PRCC/prcc/rgb/train/185/A_cropped_rgb019.jpg,0,48,0.7608230113983154,0.9999998807907104,,C,A,092C,185,male,male,black,black,short,short,average,average
semantic,4,/data/datasets/PRCC/prcc/rgb/train/092/C_cropped_rgb025.jpg,/data/datasets/PRCC/prcc/rgb/train/300/C_cropped_rgb171.jpg,0,133,0.7323828935623169,0.9999998807907104,,C,C,092C,300C,male,male,black,black,short,short,average,average
semantic,5,/data/datasets/PRCC/prcc/rgb/train/092/C_cropped_rgb025.jpg,/data/datasets/PRCC/prcc/rgb/train/177/C_cropped_rgb475.jpg,0,42,0.6964578628540039,0.9999998807907104,,C,C,092C,177C,male,male,black,black,short,short,average,average
hybrid,1,/data/datasets/PRCC/prcc/rgb/train/092/C_cropped_rgb025.jpg,/data/datasets/PRCC/prcc/rgb/train/149/B_cropped_rgb583.jpg,0,24,0.8784396648406982,0.9999998807907104,1,C,B,092C,149,male,male,black,black,short,short,average,average
hybrid,2,/data/datasets/PRCC/prcc/rgb/train/092/C_cropped_rgb025.jpg,/data/datasets/PRCC/prcc/rgb/train/110/A_cropped_rgb517.jpg,0,8,0.6480588316917419,0.9999998807907104,2,C,A,092C,110,male,male,black,black,short,short,average,average
hybrid,3,/data/datasets/PRCC/prcc/rgb/train/092/C_cropped_rgb025.jpg,/data/datasets/PRCC/prcc/rgb/train/193/A_cropped_rgb016.jpg,0,51,0.8760795593261719,0.9999998807907104,3,C,A,092C,193,male,male,black,black,short,short,average,average
hybrid,4,/data/datasets/PRCC/prcc/rgb/train/092/C_cropped_rgb025.jpg,/data/datasets/PRCC/prcc/rgb/train/185/A_cropped_rgb019.jpg,0,48,0.7608230113983154,0.9999998807907104,4,C,A,092C,185,male,male,black,black,short,short,average,average
hybrid,5,/data/datasets/PRCC/prcc/rgb/train/092/C_cropped_rgb025.jpg,/data/datasets/PRCC/prcc/rgb/train/193/A_cropped_rgb028.jpg,0,51,0.8705382347106934,0.9999998807907104,5,C,A,092C,193,male,male,black,black,short,short,average,average
visual,1,/data/datasets/PRCC/prcc/rgb/train/092/C_cropped_rgb031.jpg,/data/datasets/PRCC/prcc/rgb/train/193/A_cropped_rgb016.jpg,0,51,0.8932128548622131,0.9999998807907104,,C,A,092C,193,male,male,black,black,short,short,average,average
visual,2,/data/datasets/PRCC/prcc/rgb/train/092/C_cropped_rgb031.jpg,/data/datasets/PRCC/prcc/rgb/train/193/A_cropped_rgb028.jpg,0,51,0.8910583257675171,0.9999998807907104,,C,A,092C,193,male,male,black,black,short,short,average,average
visual,3,/data/datasets/PRCC/prcc/rgb/train/092/C_cropped_rgb031.jpg,/data/datasets/PRCC/prcc/rgb/train/193/A_cropped_rgb034.jpg,0,51,0.8889487981796265,0.9999998807907104,,C,A,092C,193,male,male,black,black,short,short,average,average
visual,4,/data/datasets/PRCC/prcc/rgb/train/092/C_cropped_rgb031.jpg,/data/datasets/PRCC/prcc/rgb/train/193/A_cropped_rgb025.jpg,0,51,0.8888514637947083,0.9999998807907104,,C,A,092C,193,male,male,black,black,short,short,average,average
visual,5,/data/datasets/PRCC/prcc/rgb/train/092/C_cropped_rgb031.jpg,/data/datasets/PRCC/prcc/rgb/train/193/A_cropped_rgb013.jpg,0,51,0.8865033388137817,0.9999998807907104,,C,A,092C,193,male,male,black,black,short,short,average,average
semantic,1,/data/datasets/PRCC/prcc/rgb/train/092/C_cropped_rgb031.jpg,/data/datasets/PRCC/prcc/rgb/train/149/B_cropped_rgb583.jpg,0,24,0.8854308128356934,0.9999998807907104,,C,B,092C,149,male,male,black,black,short,short,average,average
semantic,2,/data/datasets/PRCC/prcc/rgb/train/092/C_cropped_rgb031.jpg,/data/datasets/PRCC/prcc/rgb/train/110/A_cropped_rgb517.jpg,0,8,0.6536655426025391,0.9999998807907104,,C,A,092C,110,male,male,black,black,short,short,average,average
semantic,3,/data/datasets/PRCC/prcc/rgb/train/092/C_cropped_rgb031.jpg,/data/datasets/PRCC/prcc/rgb/train/185/A_cropped_rgb019.jpg,0,48,0.7723702788352966,0.9999998807907104,,C,A,092C,185,male,male,black,black,short,short,average,average
semantic,4,/data/datasets/PRCC/prcc/rgb/train/092/C_cropped_rgb031.jpg,/data/datasets/PRCC/prcc/rgb/train/300/C_cropped_rgb171.jpg,0,133,0.7406867742538452,0.9999998807907104,,C,C,092C,300C,male,male,black,black,short,short,average,average
semantic,5,/data/datasets/PRCC/prcc/rgb/train/092/C_cropped_rgb031.jpg,/data/datasets/PRCC/prcc/rgb/train/177/C_cropped_rgb475.jpg,0,42,0.6959888935089111,0.9999998807907104,,C,C,092C,177C,male,male,black,black,short,short,average,average
hybrid,1,/data/datasets/PRCC/prcc/rgb/train/092/C_cropped_rgb031.jpg,/data/datasets/PRCC/prcc/rgb/train/149/B_cropped_rgb583.jpg,0,24,0.8854308128356934,0.9999998807907104,1,C,B,092C,149,male,male,black,black,short,short,average,average
hybrid,2,/data/datasets/PRCC/prcc/rgb/train/092/C_cropped_rgb031.jpg,/data/datasets/PRCC/prcc/rgb/train/193/A_cropped_rgb016.jpg,0,51,0.8932128548622131,0.9999998807907104,2,C,A,092C,193,male,male,black,black,short,short,average,average
hybrid,3,/data/datasets/PRCC/prcc/rgb/train/092/C_cropped_rgb031.jpg,/data/datasets/PRCC/prcc/rgb/train/110/A_cropped_rgb517.jpg,0,8,0.6536655426025391,0.9999998807907104,3,C,A,092C,110,male,male,black,black,short,short,average,average
hybrid,4,/data/datasets/PRCC/prcc/rgb/train/092/C_cropped_rgb031.jpg,/data/datasets/PRCC/prcc/rgb/train/193/A_cropped_rgb028.jpg,0,51,0.8910583257675171,0.9999998807907104,4,C,A,092C,193,male,male,black,black,short,short,average,average
hybrid,5,/data/datasets/PRCC/prcc/rgb/train/092/C_cropped_rgb031.jpg,/data/datasets/PRCC/prcc/rgb/train/185/A_cropped_rgb019.jpg,0,48,0.7723702788352966,0.9999998807907104,5,C,A,092C,185,male,male,black,black,short,short,average,average
visual,1,/data/datasets/PRCC/prcc/rgb/train/092/C_cropped_rgb034.jpg,/data/datasets/PRCC/prcc/rgb/train/149/B_cropped_rgb583.jpg,0,24,0.8913717269897461,0.9999998807907104,,C,B,092C,149,male,male,black,black,short,short,average,average
visual,2,/data/datasets/PRCC/prcc/rgb/train/092/C_cropped_rgb034.jpg,/data/datasets/PRCC/prcc/rgb/train/193/A_cropped_rgb016.jpg,0,51,0.8874359130859375,0.9999998807907104,,C,A,092C,193,male,male,black,black,short,short,average,average
visual,3,/data/datasets/PRCC/prcc/rgb/train/092/C_cropped_rgb034.jpg,/data/datasets/PRCC/prcc/rgb/train/193/A_cropped_rgb034.jpg,0,51,0.8872379660606384,0.9999998807907104,,C,A,092C,193,male,male,black,black,short,short,average,average
visual,4,/data/datasets/PRCC/prcc/rgb/train/092/C_cropped_rgb034.jpg,/data/datasets/PRCC/prcc/rgb/train/193/A_cropped_rgb028.jpg,0,51,0.884973406791687,0.9999998807907104,,C,A,092C,193,male,male,black,black,short,short,average,average
visual,5,/data/datasets/PRCC/prcc/rgb/train/092/C_cropped_rgb034.jpg,/data/datasets/PRCC/prcc/rgb/train/193/A_cropped_rgb019.jpg,0,51,0.8775049448013306,0.9999998807907104,,C,A,092C,193,male,male,black,black,short,short,average,average
semantic,1,/data/datasets/PRCC/prcc/rgb/train/092/C_cropped_rgb034.jpg,/data/datasets/PRCC/prcc/rgb/train/149/B_cropped_rgb583.jpg,0,24,0.8913717269897461,0.9999998807907104,,C,B,092C,149,male,male,black,black,short,short,average,average
semantic,2,/data/datasets/PRCC/prcc/rgb/train/092/C_cropped_rgb034.jpg,/data/datasets/PRCC/prcc/rgb/train/110/A_cropped_rgb517.jpg,0,8,0.6527125835418701,0.9999998807907104,,C,A,092C,110,male,male,black,black,short,short,average,average
semantic,3,/data/datasets/PRCC/prcc/rgb/train/092/C_cropped_rgb034.jpg,/data/datasets/PRCC/prcc/rgb/train/185/A_cropped_rgb019.jpg,0,48,0.762496829032898,0.9999998807907104,,C,A,092C,185,male,male,black,black,short,short,average,average
semantic,4,/data/datasets/PRCC/prcc/rgb/train/092/C_cropped_rgb034.jpg,/data/datasets/PRCC/prcc/rgb/train/300/C_cropped_rgb171.jpg,0,133,0.7318031787872314,0.9999998807907104,,C,C,092C,300C,male,male,black,black,short,short,average,average
semantic,5,/data/datasets/PRCC/prcc/rgb/train/092/C_cropped_rgb034.jpg,/data/datasets/PRCC/prcc/rgb/train/177/C_cropped_rgb475.jpg,0,42,0.6943448781967163,0.9999998807907104,,C,C,092C,177C,male,male,black,black,short,short,average,average
hybrid,1,/data/datasets/PRCC/prcc/rgb/train/092/C_cropped_rgb034.jpg,/data/datasets/PRCC/prcc/rgb/train/149/B_cropped_rgb583.jpg,0,24,0.8913717269897461,0.9999998807907104,1,C,B,092C,149,male,male,black,black,short,short,average,average
hybrid,2,/data/datasets/PRCC/prcc/rgb/train/092/C_cropped_rgb034.jpg,/data/datasets/PRCC/prcc/rgb/train/110/A_cropped_rgb517.jpg,0,8,0.6527125835418701,0.9999998807907104,2,C,A,092C,110,male,male,black,black,short,short,average,average
hybrid,3,/data/datasets/PRCC/prcc/rgb/train/092/C_cropped_rgb034.jpg,/data/datasets/PRCC/prcc/rgb/train/193/A_cropped_rgb016.jpg,0,51,0.8874359130859375,0.9999998807907104,3,C,A,092C,193,male,male,black,black,short,short,average,average
hybrid,4,/data/datasets/PRCC/prcc/rgb/train/092/C_cropped_rgb034.jpg,/data/datasets/PRCC/prcc/rgb/train/185/A_cropped_rgb019.jpg,0,48,0.762496829032898,0.9999998807907104,4,C,A,092C,185,male,male,black,black,short,short,average,average
hybrid,5,/data/datasets/PRCC/prcc/rgb/train/092/C_cropped_rgb034.jpg,/data/datasets/PRCC/prcc/rgb/train/193/A_cropped_rgb034.jpg,0,51,0.8872379660606384,0.9999998807907104,5,C,A,092C,193,male,male,black,black,short,short,average,average
visual,1,/data/datasets/PRCC/prcc/rgb/train/092/C_cropped_rgb037.jpg,/data/datasets/PRCC/prcc/rgb/train/193/A_cropped_rgb016.jpg,0,51,0.8895176649093628,0.9999998807907104,,C,A,092C,193,male,male,black,black,short,short,average,average
visual,2,/data/datasets/PRCC/prcc/rgb/train/092/C_cropped_rgb037.jpg,/data/datasets/PRCC/prcc/rgb/train/193/A_cropped_rgb034.jpg,0,51,0.887885570526123,0.9999998807907104,,C,A,092C,193,male,male,black,black,short,short,average,average
visual,3,/data/datasets/PRCC/prcc/rgb/train/092/C_cropped_rgb037.jpg,/data/datasets/PRCC/prcc/rgb/train/193/A_cropped_rgb028.jpg,0,51,0.8847930431365967,0.9999998807907104,,C,A,092C,193,male,male,black,black,short,short,average,average
visual,4,/data/datasets/PRCC/prcc/rgb/train/092/C_cropped_rgb037.jpg,/data/datasets/PRCC/prcc/rgb/train/149/B_cropped_rgb583.jpg,0,24,0.8828698396682739,0.9999998807907104,,C,B,092C,149,male,male,black,black,short,short,average,average
visual,5,/data/datasets/PRCC/prcc/rgb/train/092/C_cropped_rgb037.jpg,/data/datasets/PRCC/prcc/rgb/train/206/C_cropped_rgb214.jpg,0,61,0.8814036846160889,0.9999998807907104,,C,C,092C,206C,male,male,black,black,short,short,average,average
semantic,1,/data/datasets/PRCC/prcc/rgb/train/092/C_cropped_rgb037.jpg,/data/datasets/PRCC/prcc/rgb/train/149/B_cropped_rgb583.jpg,0,24,0.8828698396682739,0.9999998807907104,,C,B,092C,149,male,male,black,black,short,short,average,average
semantic,2,/data/datasets/PRCC/prcc/rgb/train/092/C_cropped_rgb037.jpg,/data/datasets/PRCC/prcc/rgb/train/110/A_cropped_rgb517.jpg,0,8,0.6539350748062134,0.9999998807907104,,C,A,092C,110,male,male,black,black,short,short,average,average
semantic,3,/data/datasets/PRCC/prcc/rgb/train/092/C_cropped_rgb037.jpg,/data/datasets/PRCC/prcc/rgb/train/185/A_cropped_rgb019.jpg,0,48,0.7695426344871521,0.9999998807907104,,C,A,092C,185,male,male,black,black,short,short,average,average
semantic,4,/data/datasets/PRCC/prcc/rgb/train/092/C_cropped_rgb037.jpg,/data/datasets/PRCC/prcc/rgb/train/300/C_cropped_rgb171.jpg,0,133,0.7244483828544617,0.9999998807907104,,C,C,092C,300C,male,male,black,black,short,short,average,average
semantic,5,/data/datasets/PRCC/prcc/rgb/train/092/C_cropped_rgb037.jpg,/data/datasets/PRCC/prcc/rgb/train/177/C_cropped_rgb475.jpg,0,42,0.7067342400550842,0.9999998807907104,,C,C,092C,177C,male,male,black,black,short,short,average,average
hybrid,1,/data/datasets/PRCC/prcc/rgb/train/092/C_cropped_rgb037.jpg,/data/datasets/PRCC/prcc/rgb/train/149/B_cropped_rgb583.jpg,0,24,0.8828698396682739,0.9999998807907104,1,C,B,092C,149,male,male,black,black,short,short,average,average
hybrid,2,/data/datasets/PRCC/prcc/rgb/train/092/C_cropped_rgb037.jpg,/data/datasets/PRCC/prcc/rgb/train/193/A_cropped_rgb016.jpg,0,51,0.8895176649093628,0.9999998807907104,2,C,A,092C,193,male,male,black,black,short,short,average,average
hybrid,3,/data/datasets/PRCC/prcc/rgb/train/092/C_cropped_rgb037.jpg,/data/datasets/PRCC/prcc/rgb/train/110/A_cropped_rgb517.jpg,0,8,0.6539350748062134,0.9999998807907104,3,C,A,092C,110,male,male,black,black,short,short,average,average
hybrid,4,/data/datasets/PRCC/prcc/rgb/train/092/C_cropped_rgb037.jpg,/data/datasets/PRCC/prcc/rgb/train/193/A_cropped_rgb034.jpg,0,51,0.887885570526123,0.9999998807907104,4,C,A,092C,193,male,male,black,black,short,short,average,average
hybrid,5,/data/datasets/PRCC/prcc/rgb/train/092/C_cropped_rgb037.jpg,/data/datasets/PRCC/prcc/rgb/train/185/A_cropped_rgb019.jpg,0,48,0.7695426344871521,0.9999998807907104,5,C,A,092C,185,male,male,black,black,short,short,average,average
visual,1,/data/datasets/PRCC/prcc/rgb/train/092/C_cropped_rgb040.jpg,/data/datasets/PRCC/prcc/rgb/train/149/B_cropped_rgb583.jpg,0,24,0.8944661617279053,0.9999998807907104,,C,B,092C,149,male,male,black,black,short,short,average,average
visual,2,/data/datasets/PRCC/prcc/rgb/train/092/C_cropped_rgb040.jpg,/data/datasets/PRCC/prcc/rgb/train/193/A_cropped_rgb016.jpg,0,51,0.8868845701217651,0.9999998807907104,,C,A,092C,193,male,male,black,black,short,short,average,average
visual,3,/data/datasets/PRCC/prcc/rgb/train/092/C_cropped_rgb040.jpg,/data/datasets/PRCC/prcc/rgb/train/193/A_cropped_rgb028.jpg,0,51,0.8841334581375122,0.9999998807907104,,C,A,092C,193,male,male,black,black,short,short,average,average
visual,4,/data/datasets/PRCC/prcc/rgb/train/092/C_cropped_rgb040.jpg,/data/datasets/PRCC/prcc/rgb/train/193/A_cropped_rgb034.jpg,0,51,0.8836192488670349,0.9999998807907104,,C,A,092C,193,male,male,black,black,short,short,average,average
visual,5,/data/datasets/PRCC/prcc/rgb/train/092/C_cropped_rgb040.jpg,/data/datasets/PRCC/prcc/rgb/train/193/A_cropped_rgb013.jpg,0,51,0.8788371086120605,0.9999998807907104,,C,A,092C,193,male,male,black,black,short,short,average,average
semantic,1,/data/datasets/PRCC/prcc/rgb/train/092/C_cropped_rgb040.jpg,/data/datasets/PRCC/prcc/rgb/train/149/B_cropped_rgb583.jpg,0,24,0.8944661617279053,0.9999998807907104,,C,B,092C,149,male,male,black,black,short,short,average,average
semantic,2,/data/datasets/PRCC/prcc/rgb/train/092/C_cropped_rgb040.jpg,/data/datasets/PRCC/prcc/rgb/train/110/A_cropped_rgb517.jpg,0,8,0.6539260745048523,0.9999998807907104,,C,A,092C,110,male,male,black,black,short,short,average,average
semantic,3,/data/datasets/PRCC/prcc/rgb/train/092/C_cropped_rgb040.jpg,/data/datasets/PRCC/prcc/rgb/train/185/A_cropped_rgb019.jpg,0,48,0.7667241096496582,0.9999998807907104,,C,A,092C,185,male,male,black,black,short,short,average,average
semantic,4,/data/datasets/PRCC/prcc/rgb/train/092/C_cropped_rgb040.jpg,/data/datasets/PRCC/prcc/rgb/train/300/C_cropped_rgb171.jpg,0,133,0.7226183414459229,0.9999998807907104,,C,C,092C,300C,male,male,black,black,short,short,average,average
semantic,5,/data/datasets/PRCC/prcc/rgb/train/092/C_cropped_rgb040.jpg,/data/datasets/PRCC/prcc/rgb/train/177/C_cropped_rgb475.jpg,0,42,0.6940392255783081,0.9999998807907104,,C,C,092C,177C,male,male,black,black,short,short,average,average
hybrid,1,/data/datasets/PRCC/prcc/rgb/train/092/C_cropped_rgb040.jpg,/data/datasets/PRCC/prcc/rgb/train/149/B_cropped_rgb583.jpg,0,24,0.8944661617279053,0.9999998807907104,1,C,B,092C,149,male,male,black,black,short,short,average,average
hybrid,2,/data/datasets/PRCC/prcc/rgb/train/092/C_cropped_rgb040.jpg,/data/datasets/PRCC/prcc/rgb/train/110/A_cropped_rgb517.jpg,0,8,0.6539260745048523,0.9999998807907104,2,C,A,092C,110,male,male,black,black,short,short,average,average
hybrid,3,/data/datasets/PRCC/prcc/rgb/train/092/C_cropped_rgb040.jpg,/data/datasets/PRCC/prcc/rgb/train/193/A_cropped_rgb016.jpg,0,51,0.8868845701217651,0.9999998807907104,3,C,A,092C,193,male,male,black,black,short,short,average,average
hybrid,4,/data/datasets/PRCC/prcc/rgb/train/092/C_cropped_rgb040.jpg,/data/datasets/PRCC/prcc/rgb/train/185/A_cropped_rgb019.jpg,0,48,0.7667241096496582,0.9999998807907104,4,C,A,092C,185,male,male,black,black,short,short,average,average
hybrid,5,/data/datasets/PRCC/prcc/rgb/train/092/C_cropped_rgb040.jpg,/data/datasets/PRCC/prcc/rgb/train/193/A_cropped_rgb028.jpg,0,51,0.8841334581375122,0.9999998807907104,5,C,A,092C,193,male,male,black,black,short,short,average,average
visual,1,/data/datasets/PRCC/prcc/rgb/train/092/C_cropped_rgb046.jpg,/data/datasets/PRCC/prcc/rgb/train/149/B_cropped_rgb583.jpg,0,24,0.8818740844726562,0.9999998807907104,,C,B,092C,149,male,male,black,black,short,short,average,average
visual,2,/data/datasets/PRCC/prcc/rgb/train/092/C_cropped_rgb046.jpg,/data/datasets/PRCC/prcc/rgb/train/206/C_cropped_rgb010.jpg,0,61,0.881641685962677,0.9999998807907104,,C,C,092C,206C,male,male,black,black,short,short,average,average
visual,3,/data/datasets/PRCC/prcc/rgb/train/092/C_cropped_rgb046.jpg,/data/datasets/PRCC/prcc/rgb/train/206/C_cropped_rgb001.jpg,0,61,0.880034327507019,0.9999998807907104,,C,C,092C,206C,male,male,black,black,short,short,average,average
visual,4,/data/datasets/PRCC/prcc/rgb/train/092/C_cropped_rgb046.jpg,/data/datasets/PRCC/prcc/rgb/train/206/C_cropped_rgb034.jpg,0,61,0.8792086839675903,0.9999998807907104,,C,C,092C,206C,male,male,black,black,short,short,average,average
visual,5,/data/datasets/PRCC/prcc/rgb/train/092/C_cropped_rgb046.jpg,/data/datasets/PRCC/prcc/rgb/train/206/C_cropped_rgb013.jpg,0,61,0.8733184337615967,0.9999998807907104,,C,C,092C,206C,male,male,black,black,short,short,average,average
semantic,1,/data/datasets/PRCC/prcc/rgb/train/092/C_cropped_rgb046.jpg,/data/datasets/PRCC/prcc/rgb/train/149/B_cropped_rgb583.jpg,0,24,0.8818740844726562,0.9999998807907104,,C,B,092C,149,male,male,black,black,short,short,average,average
semantic,2,/data/datasets/PRCC/prcc/rgb/train/092/C_cropped_rgb046.jpg,/data/datasets/PRCC/prcc/rgb/train/110/A_cropped_rgb517.jpg,0,8,0.6357616186141968,0.9999998807907104,,C,A,092C,110,male,male,black,black,short,short,average,average
semantic,3,/data/datasets/PRCC/prcc/rgb/train/092/C_cropped_rgb046.jpg,/data/datasets/PRCC/prcc/rgb/train/185/A_cropped_rgb019.jpg,0,48,0.7719757556915283,0.9999998807907104,,C,A,092C,185,male,male,black,black,short,short,average,average
semantic,4,/data/datasets/PRCC/prcc/rgb/train/092/C_cropped_rgb046.jpg,/data/datasets/PRCC/prcc/rgb/train/300/C_cropped_rgb171.jpg,0,133,0.7248652577400208,0.9999998807907104,,C,C,092C,300C,male,male,black,black,short,short,average,average
semantic,5,/data/datasets/PRCC/prcc/rgb/train/092/C_cropped_rgb046.jpg,/data/datasets/PRCC/prcc/rgb/train/177/C_cropped_rgb475.jpg,0,42,0.682167649269104,0.9999998807907104,,C,C,092C,177C,male,male,black,black,short,short,average,average
hybrid,1,/data/datasets/PRCC/prcc/rgb/train/092/C_cropped_rgb046.jpg,/data/datasets/PRCC/prcc/rgb/train/149/B_cropped_rgb583.jpg,0,24,0.8818740844726562,0.9999998807907104,1,C,B,092C,149,male,male,black,black,short,short,average,average
hybrid,2,/data/datasets/PRCC/prcc/rgb/train/092/C_cropped_rgb046.jpg,/data/datasets/PRCC/prcc/rgb/train/110/A_cropped_rgb517.jpg,0,8,0.6357616186141968,0.9999998807907104,2,C,A,092C,110,male,male,black,black,short,short,average,average
hybrid,3,/data/datasets/PRCC/prcc/rgb/train/092/C_cropped_rgb046.jpg,/data/datasets/PRCC/prcc/rgb/train/206/C_cropped_rgb010.jpg,0,61,0.881641685962677,0.9999998807907104,3,C,C,092C,206C,male,male,black,black,short,short,average,average
hybrid,4,/data/datasets/PRCC/prcc/rgb/train/092/C_cropped_rgb046.jpg,/data/datasets/PRCC/prcc/rgb/train/185/A_cropped_rgb019.jpg,0,48,0.7719757556915283,0.9999998807907104,4,C,A,092C,185,male,male,black,black,short,short,average,average
hybrid,5,/data/datasets/PRCC/prcc/rgb/train/092/C_cropped_rgb046.jpg,/data/datasets/PRCC/prcc/rgb/train/206/C_cropped_rgb001.jpg,0,61,0.880034327507019,0.9999998807907104,5,C,C,092C,206C,male,male,black,black,short,short,average,average
visual,1,/data/datasets/PRCC/prcc/rgb/train/092/C_cropped_rgb049.jpg,/data/datasets/PRCC/prcc/rgb/train/193/A_cropped_rgb028.jpg,0,51,0.8911467790603638,0.9999998807907104,,C,A,092C,193,male,male,black,black,short,short,average,average
visual,2,/data/datasets/PRCC/prcc/rgb/train/092/C_cropped_rgb049.jpg,/data/datasets/PRCC/prcc/rgb/train/193/A_cropped_rgb016.jpg,0,51,0.8911203145980835,0.9999998807907104,,C,A,092C,193,male,male,black,black,short,short,average,average
visual,3,/data/datasets/PRCC/prcc/rgb/train/092/C_cropped_rgb049.jpg,/data/datasets/PRCC/prcc/rgb/train/193/A_cropped_rgb025.jpg,0,51,0.8836542367935181,0.9999998807907104,,C,A,092C,193,male,male,black,black,short,short,average,average
visual,4,/data/datasets/PRCC/prcc/rgb/train/092/C_cropped_rgb049.jpg,/data/datasets/PRCC/prcc/rgb/train/149/B_cropped_rgb583.jpg,0,24,0.8830856084823608,0.9999998807907104,,C,B,092C,149,male,male,black,black,short,short,average,average
visual,5,/data/datasets/PRCC/prcc/rgb/train/092/C_cropped_rgb049.jpg,/data/datasets/PRCC/prcc/rgb/train/193/A_cropped_rgb034.jpg,0,51,0.8828848004341125,0.9999998807907104,,C,A,092C,193,male,male,black,black,short,short,average,average
semantic,1,/data/datasets/PRCC/prcc/rgb/train/092/C_cropped_rgb049.jpg,/data/datasets/PRCC/prcc/rgb/train/149/B_cropped_rgb583.jpg,0,24,0.8830856084823608,0.9999998807907104,,C,B,092C,149,male,male,black,black,short,short,average,average
semantic,2,/data/datasets/PRCC/prcc/rgb/train/092/C_cropped_rgb049.jpg,/data/datasets/PRCC/prcc/rgb/train/110/A_cropped_rgb517.jpg,0,8,0.6217038035392761,0.9999998807907104,,C,A,092C,110,male,male,black,black,short,short,average,average
semantic,3,/data/datasets/PRCC/prcc/rgb/train/092/C_cropped_rgb049.jpg,/data/datasets/PRCC/prcc/rgb/train/185/A_cropped_rgb019.jpg,0,48,0.77659672498703,0.9999998807907104,,C,A,092C,185,male,male,black,black,short,short,average,average
semantic,4,/data/datasets/PRCC/prcc/rgb/train/092/C_cropped_rgb049.jpg,/data/datasets/PRCC/prcc/rgb/train/300/C_cropped_rgb171.jpg,0,133,0.7426276206970215,0.9999998807907104,,C,C,092C,300C,male,male,black,black,short,short,average,average
semantic,5,/data/datasets/PRCC/prcc/rgb/train/092/C_cropped_rgb049.jpg,/data/datasets/PRCC/prcc/rgb/train/177/C_cropped_rgb475.jpg,0,42,0.6480185389518738,0.9999998807907104,,C,C,092C,177C,male,male,black,black,short,short,average,average
hybrid,1,/data/datasets/PRCC/prcc/rgb/train/092/C_cropped_rgb049.jpg,/data/datasets/PRCC/prcc/rgb/train/149/B_cropped_rgb583.jpg,0,24,0.8830856084823608,0.9999998807907104,1,C,B,092C,149,male,male,black,black,short,short,average,average
hybrid,2,/data/datasets/PRCC/prcc/rgb/train/092/C_cropped_rgb049.jpg,/data/datasets/PRCC/prcc/rgb/train/193/A_cropped_rgb028.jpg,0,51,0.8911467790603638,0.9999998807907104,2,C,A,092C,193,male,male,black,black,short,short,average,average
hybrid,3,/data/datasets/PRCC/prcc/rgb/train/092/C_cropped_rgb049.jpg,/data/datasets/PRCC/prcc/rgb/train/110/A_cropped_rgb517.jpg,0,8,0.6217038035392761,0.9999998807907104,3,C,A,092C,110,male,male,black,black,short,short,average,average
hybrid,4,/data/datasets/PRCC/prcc/rgb/train/092/C_cropped_rgb049.jpg,/data/datasets/PRCC/prcc/rgb/train/193/A_cropped_rgb016.jpg,0,51,0.8911203145980835,0.9999998807907104,4,C,A,092C,193,male,male,black,black,short,short,average,average
hybrid,5,/data/datasets/PRCC/prcc/rgb/train/092/C_cropped_rgb049.jpg,/data/datasets/PRCC/prcc/rgb/train/185/A_cropped_rgb019.jpg,0,48,0.77659672498703,0.9999998807907104,5,C,A,092C,185,male,male,black,black,short,short,average,average
visual,1,/data/datasets/PRCC/prcc/rgb/train/092/C_cropped_rgb052.jpg,/data/datasets/PRCC/prcc/rgb/train/193/A_cropped_rgb034.jpg,0,51,0.8987783193588257,0.9999998807907104,,C,A,092C,193,male,male,black,black,short,short,average,average
visual,2,/data/datasets/PRCC/prcc/rgb/train/092/C_cropped_rgb052.jpg,/data/datasets/PRCC/prcc/rgb/train/193/A_cropped_rgb016.jpg,0,51,0.8974373936653137,0.9999998807907104,,C,A,092C,193,male,male,black,black,short,short,average,average
visual,3,/data/datasets/PRCC/prcc/rgb/train/092/C_cropped_rgb052.jpg,/data/datasets/PRCC/prcc/rgb/train/193/A_cropped_rgb028.jpg,0,51,0.8971598148345947,0.9999998807907104,,C,A,092C,193,male,male,black,black,short,short,average,average
visual,4,/data/datasets/PRCC/prcc/rgb/train/092/C_cropped_rgb052.jpg,/data/datasets/PRCC/prcc/rgb/train/193/A_cropped_rgb019.jpg,0,51,0.8936966061592102,0.9999998807907104,,C,A,092C,193,male,male,black,black,short,short,average,average
visual,5,/data/datasets/PRCC/prcc/rgb/train/092/C_cropped_rgb052.jpg,/data/datasets/PRCC/prcc/rgb/train/149/B_cropped_rgb583.jpg,0,24,0.8907240629196167,0.9999998807907104,,C,B,092C,149,male,male,black,black,short,short,average,average
semantic,1,/data/datasets/PRCC/prcc/rgb/train/092/C_cropped_rgb052.jpg,/data/datasets/PRCC/prcc/rgb/train/149/B_cropped_rgb583.jpg,0,24,0.8907240629196167,0.9999998807907104,,C,B,092C,149,male,male,black,black,short,short,average,average
semantic,2,/data/datasets/PRCC/prcc/rgb/train/092/C_cropped_rgb052.jpg,/data/datasets/PRCC/prcc/rgb/train/110/A_cropped_rgb517.jpg,0,8,0.6460702419281006,0.9999998807907104,,C,A,092C,110,male,male,black,black,short,short,average,average
semantic,3,/data/datasets/PRCC/prcc/rgb/train/092/C_cropped_rgb052.jpg,/data/datasets/PRCC/prcc/rgb/train/185/A_cropped_rgb019.jpg,0,48,0.7780497074127197,0.9999998807907104,,C,A,092C,185,male,male,black,black,short,short,average,average
semantic,4,/data/datasets/PRCC/prcc/rgb/train/092/C_cropped_rgb052.jpg,/data/datasets/PRCC/prcc/rgb/train/300/C_cropped_rgb171.jpg,0,133,0.7430173754692078,0.9999998807907104,,C,C,092C,300C,male,male,black,black,short,short,average,average
semantic,5,/data/datasets/PRCC/prcc/rgb/train/092/C_cropped_rgb052.jpg,/data/datasets/PRCC/prcc/rgb/train/177/C_cropped_rgb475.jpg,0,42,0.6876934170722961,0.9999998807907104,,C,C,092C,177C,male,male,black,black,short,short,average,average
hybrid,1,/data/datasets/PRCC/prcc/rgb/train/092/C_cropped_rgb052.jpg,/data/datasets/PRCC/prcc/rgb/train/149/B_cropped_rgb583.jpg,0,24,0.8907240629196167,0.9999998807907104,1,C,B,092C,149,male,male,black,black,short,short,average,average
hybrid,2,/data/datasets/PRCC/prcc/rgb/train/092/C_cropped_rgb052.jpg,/data/datasets/PRCC/prcc/rgb/train/193/A_cropped_rgb034.jpg,0,51,0.8987783193588257,0.9999998807907104,2,C,A,092C,193,male,male,black,black,short,short,average,average
hybrid,3,/data/datasets/PRCC/prcc/rgb/train/092/C_cropped_rgb052.jpg,/data/datasets/PRCC/prcc/rgb/train/110/A_cropped_rgb517.jpg,0,8,0.6460702419281006,0.9999998807907104,3,C,A,092C,110,male,male,black,black,short,short,average,average
hybrid,4,/data/datasets/PRCC/prcc/rgb/train/092/C_cropped_rgb052.jpg,/data/datasets/PRCC/prcc/rgb/train/193/A_cropped_rgb016.jpg,0,51,0.8974373936653137,0.9999998807907104,4,C,A,092C,193,male,male,black,black,short,short,average,average
hybrid,5,/data/datasets/PRCC/prcc/rgb/train/092/C_cropped_rgb052.jpg,/data/datasets/PRCC/prcc/rgb/train/185/A_cropped_rgb019.jpg,0,48,0.7780497074127197,0.9999998807907104,5,C,A,092C,185,male,male,black,black,short,short,average,average
visual,1,/data/datasets/PRCC/prcc/rgb/train/092/C_cropped_rgb055.jpg,/data/datasets/PRCC/prcc/rgb/train/149/B_cropped_rgb583.jpg,0,24,0.8913998603820801,0.9999998807907104,,C,B,092C,149,male,male,black,black,short,short,average,average
visual,2,/data/datasets/PRCC/prcc/rgb/train/092/C_cropped_rgb055.jpg,/data/datasets/PRCC/prcc/rgb/train/193/A_cropped_rgb028.jpg,0,51,0.8850223422050476,0.9999998807907104,,C,A,092C,193,male,male,black,black,short,short,average,average
visual,3,/data/datasets/PRCC/prcc/rgb/train/092/C_cropped_rgb055.jpg,/data/datasets/PRCC/prcc/rgb/train/193/A_cropped_rgb016.jpg,0,51,0.8834737539291382,0.9999998807907104,,C,A,092C,193,male,male,black,black,short,short,average,average
visual,4,/data/datasets/PRCC/prcc/rgb/train/092/C_cropped_rgb055.jpg,/data/datasets/PRCC/prcc/rgb/train/193/A_cropped_rgb034.jpg,0,51,0.8799890875816345,0.9999998807907104,,C,A,092C,193,male,male,black,black,short,short,average,average
visual,5,/data/datasets/PRCC/prcc/rgb/train/092/C_cropped_rgb055.jpg,/data/datasets/PRCC/prcc/rgb/train/193/A_cropped_rgb025.jpg,0,51,0.8760644197463989,0.9999998807907104,,C,A,092C,193,male,male,black,black,short,short,average,average
semantic,1,/data/datasets/PRCC/prcc/rgb/train/092/C_cropped_rgb055.jpg,/data/datasets/PRCC/prcc/rgb/train/149/B_cropped_rgb583.jpg,0,24,0.8913998603820801,0.9999998807907104,,C,B,092C,149,male,male,black,black,short,short,average,average
semantic,2,/data/datasets/PRCC/prcc/rgb/train/092/C_cropped_rgb055.jpg,/data/datasets/PRCC/prcc/rgb/train/110/A_cropped_rgb517.jpg,0,8,0.6380434036254883,0.9999998807907104,,C,A,092C,110,male,male,black,black,short,short,average,average
semantic,3,/data/datasets/PRCC/prcc/rgb/train/092/C_cropped_rgb055.jpg,/data/datasets/PRCC/prcc/rgb/train/185/A_cropped_rgb019.jpg,0,48,0.7845169305801392,0.9999998807907104,,C,A,092C,185,male,male,black,black,short,short,average,average
semantic,4,/data/datasets/PRCC/prcc/rgb/train/092/C_cropped_rgb055.jpg,/data/datasets/PRCC/prcc/rgb/train/300/C_cropped_rgb171.jpg,0,133,0.7340326309204102,0.9999998807907104,,C,C,092C,300C,male,male,black,black,short,short,average,average
semantic,5,/data/datasets/PRCC/prcc/rgb/train/092/C_cropped_rgb055.jpg,/data/datasets/PRCC/prcc/rgb/train/177/C_cropped_rgb475.jpg,0,42,0.6705752611160278,0.9999998807907104,,C,C,092C,177C,male,male,black,black,short,short,average,average
hybrid,1,/data/datasets/PRCC/prcc/rgb/train/092/C_cropped_rgb055.jpg,/data/datasets/PRCC/prcc/rgb/train/149/B_cropped_rgb583.jpg,0,24,0.8913998603820801,0.9999998807907104,1,C,B,092C,149,male,male,black,black,short,short,average,average
hybrid,2,/data/datasets/PRCC/prcc/rgb/train/092/C_cropped_rgb055.jpg,/data/datasets/PRCC/prcc/rgb/train/110/A_cropped_rgb517.jpg,0,8,0.6380434036254883,0.9999998807907104,2,C,A,092C,110,male,male,black,black,short,short,average,average
hybrid,3,/data/datasets/PRCC/prcc/rgb/train/092/C_cropped_rgb055.jpg,/data/datasets/PRCC/prcc/rgb/train/193/A_cropped_rgb028.jpg,0,51,0.8850223422050476,0.9999998807907104,3,C,A,092C,193,male,male,black,black,short,short,average,average
hybrid,4,/data/datasets/PRCC/prcc/rgb/train/092/C_cropped_rgb055.jpg,/data/datasets/PRCC/prcc/rgb/train/185/A_cropped_rgb019.jpg,0,48,0.7845169305801392,0.9999998807907104,4,C,A,092C,185,male,male,black,black,short,short,average,average
hybrid,5,/data/datasets/PRCC/prcc/rgb/train/092/C_cropped_rgb055.jpg,/data/datasets/PRCC/prcc/rgb/train/193/A_cropped_rgb016.jpg,0,51,0.8834737539291382,0.9999998807907104,5,C,A,092C,193,male,male,black,black,short,short,average,average
visual,1,/data/datasets/PRCC/prcc/rgb/train/092/C_cropped_rgb064.jpg,/data/datasets/PRCC/prcc/rgb/train/193/A_cropped_rgb016.jpg,0,51,0.907650351524353,0.9999998807907104,,C,A,092C,193,male,male,black,black,short,short,average,average
visual,2,/data/datasets/PRCC/prcc/rgb/train/092/C_cropped_rgb064.jpg,/data/datasets/PRCC/prcc/rgb/train/193/A_cropped_rgb028.jpg,0,51,0.8996284008026123,0.9999998807907104,,C,A,092C,193,male,male,black,black,short,short,average,average
visual,3,/data/datasets/PRCC/prcc/rgb/train/092/C_cropped_rgb064.jpg,/data/datasets/PRCC/prcc/rgb/train/193/A_cropped_rgb034.jpg,0,51,0.8962277173995972,0.9999998807907104,,C,A,092C,193,male,male,black,black,short,short,average,average
visual,4,/data/datasets/PRCC/prcc/rgb/train/092/C_cropped_rgb064.jpg,/data/datasets/PRCC/prcc/rgb/train/193/A_cropped_rgb004.jpg,0,51,0.8952740430831909,0.9999998807907104,,C,A,092C,193,male,male,black,black,short,short,average,average
visual,5,/data/datasets/PRCC/prcc/rgb/train/092/C_cropped_rgb064.jpg,/data/datasets/PRCC/prcc/rgb/train/193/A_cropped_rgb013.jpg,0,51,0.8949403762817383,0.9999998807907104,,C,A,092C,193,male,male,black,black,short,short,average,average
semantic,1,/data/datasets/PRCC/prcc/rgb/train/092/C_cropped_rgb064.jpg,/data/datasets/PRCC/prcc/rgb/train/149/B_cropped_rgb583.jpg,0,24,0.8873140811920166,0.9999998807907104,,C,B,092C,149,male,male,black,black,short,short,average,average
semantic,2,/data/datasets/PRCC/prcc/rgb/train/092/C_cropped_rgb064.jpg,/data/datasets/PRCC/prcc/rgb/train/110/A_cropped_rgb517.jpg,0,8,0.6400718688964844,0.9999998807907104,,C,A,092C,110,male,male,black,black,short,short,average,average
semantic,3,/data/datasets/PRCC/prcc/rgb/train/092/C_cropped_rgb064.jpg,/data/datasets/PRCC/prcc/rgb/train/185/A_cropped_rgb019.jpg,0,48,0.7805929780006409,0.9999998807907104,,C,A,092C,185,male,male,black,black,short,short,average,average
semantic,4,/data/datasets/PRCC/prcc/rgb/train/092/C_cropped_rgb064.jpg,/data/datasets/PRCC/prcc/rgb/train/300/C_cropped_rgb171.jpg,0,133,0.7569119334220886,0.9999998807907104,,C,C,092C,300C,male,male,black,black,short,short,average,average
semantic,5,/data/datasets/PRCC/prcc/rgb/train/092/C_cropped_rgb064.jpg,/data/datasets/PRCC/prcc/rgb/train/177/C_cropped_rgb475.jpg,0,42,0.6719099283218384,0.9999998807907104,,C,C,092C,177C,male,male,black,black,short,short,average,average
hybrid,1,/data/datasets/PRCC/prcc/rgb/train/092/C_cropped_rgb064.jpg,/data/datasets/PRCC/prcc/rgb/train/149/B_cropped_rgb583.jpg,0,24,0.8873140811920166,0.9999998807907104,1,C,B,092C,149,male,male,black,black,short,short,average,average
hybrid,2,/data/datasets/PRCC/prcc/rgb/train/092/C_cropped_rgb064.jpg,/data/datasets/PRCC/prcc/rgb/train/193/A_cropped_rgb016.jpg,0,51,0.907650351524353,0.9999998807907104,2,C,A,092C,193,male,male,black,black,short,short,average,average
hybrid,3,/data/datasets/PRCC/prcc/rgb/train/092/C_cropped_rgb064.jpg,/data/datasets/PRCC/prcc/rgb/train/110/A_cropped_rgb517.jpg,0,8,0.6400718688964844,0.9999998807907104,3,C,A,092C,110,male,male,black,black,short,short,average,average
hybrid,4,/data/datasets/PRCC/prcc/rgb/train/092/C_cropped_rgb064.jpg,/data/datasets/PRCC/prcc/rgb/train/193/A_cropped_rgb028.jpg,0,51,0.8996284008026123,0.9999998807907104,4,C,A,092C,193,male,male,black,black,short,short,average,average
hybrid,5,/data/datasets/PRCC/prcc/rgb/train/092/C_cropped_rgb064.jpg,/data/datasets/PRCC/prcc/rgb/train/185/A_cropped_rgb019.jpg,0,48,0.7805929780006409,0.9999998807907104,5,C,A,092C,185,male,male,black,black,short,short,average,average
visual,1,/data/datasets/PRCC/prcc/rgb/train/092/C_cropped_rgb067.jpg,/data/datasets/PRCC/prcc/rgb/train/193/A_cropped_rgb016.jpg,0,51,0.889899492263794,0.9999998807907104,,C,A,092C,193,male,male,black,black,short,short,average,average
visual,2,/data/datasets/PRCC/prcc/rgb/train/092/C_cropped_rgb067.jpg,/data/datasets/PRCC/prcc/rgb/train/149/B_cropped_rgb583.jpg,0,24,0.8883510828018188,0.9999998807907104,,C,B,092C,149,male,male,black,black,short,short,average,average
visual,3,/data/datasets/PRCC/prcc/rgb/train/092/C_cropped_rgb067.jpg,/data/datasets/PRCC/prcc/rgb/train/193/A_cropped_rgb028.jpg,0,51,0.8868409991264343,0.9999998807907104,,C,A,092C,193,male,male,black,black,short,short,average,average
visual,4,/data/datasets/PRCC/prcc/rgb/train/092/C_cropped_rgb067.jpg,/data/datasets/PRCC/prcc/rgb/train/193/A_cropped_rgb034.jpg,0,51,0.8831928968429565,0.9999998807907104,,C,A,092C,193,male,male,black,black,short,short,average,average
visual,5,/data/datasets/PRCC/prcc/rgb/train/092/C_cropped_rgb067.jpg,/data/datasets/PRCC/prcc/rgb/train/154/A_cropped_rgb013.jpg,0,27,0.8813725709915161,0.9999998807907104,,C,A,092C,154,male,male,black,black,short,short,average,average
semantic,1,/data/datasets/PRCC/prcc/rgb/train/092/C_cropped_rgb067.jpg,/data/datasets/PRCC/prcc/rgb/train/149/B_cropped_rgb583.jpg,0,24,0.8883510828018188,0.9999998807907104,,C,B,092C,149,male,male,black,black,short,short,average,average
semantic,2,/data/datasets/PRCC/prcc/rgb/train/092/C_cropped_rgb067.jpg,/data/datasets/PRCC/prcc/rgb/train/110/A_cropped_rgb517.jpg,0,8,0.6308560967445374,0.9999998807907104,,C,A,092C,110,male,male,black,black,short,short,average,average
semantic,3,/data/datasets/PRCC/prcc/rgb/train/092/C_cropped_rgb067.jpg,/data/datasets/PRCC/prcc/rgb/train/185/A_cropped_rgb019.jpg,0,48,0.7941360473632812,0.9999998807907104,,C,A,092C,185,male,male,black,black,short,short,average,average
semantic,4,/data/datasets/PRCC/prcc/rgb/train/092/C_cropped_rgb067.jpg,/data/datasets/PRCC/prcc/rgb/train/300/C_cropped_rgb171.jpg,0,133,0.7369134426116943,0.9999998807907104,,C,C,092C,300C,male,male,black,black,short,short,average,average
semantic,5,/data/datasets/PRCC/prcc/rgb/train/092/C_cropped_rgb067.jpg,/data/datasets/PRCC/prcc/rgb/train/177/C_cropped_rgb475.jpg,0,42,0.6894793510437012,0.9999998807907104,,C,C,092C,177C,male,male,black,black,short,short,average,average
hybrid,1,/data/datasets/PRCC/prcc/rgb/train/092/C_cropped_rgb067.jpg,/data/datasets/PRCC/prcc/rgb/train/149/B_cropped_rgb583.jpg,0,24,0.8883510828018188,0.9999998807907104,1,C,B,092C,149,male,male,black,black,short,short,average,average
hybrid,2,/data/datasets/PRCC/prcc/rgb/train/092/C_cropped_rgb067.jpg,/data/datasets/PRCC/prcc/rgb/train/193/A_cropped_rgb016.jpg,0,51,0.889899492263794,0.9999998807907104,2,C,A,092C,193,male,male,black,black,short,short,average,average
hybrid,3,/data/datasets/PRCC/prcc/rgb/train/092/C_cropped_rgb067.jpg,/data/datasets/PRCC/prcc/rgb/train/110/A_cropped_rgb517.jpg,0,8,0.6308560967445374,0.9999998807907104,3,C,A,092C,110,male,male,black,black,short,short,average,average
hybrid,4,/data/datasets/PRCC/prcc/rgb/train/092/C_cropped_rgb067.jpg,/data/datasets/PRCC/prcc/rgb/train/185/A_cropped_rgb019.jpg,0,48,0.7941360473632812,0.9999998807907104,4,C,A,092C,185,male,male,black,black,short,short,average,average
hybrid,5,/data/datasets/PRCC/prcc/rgb/train/092/C_cropped_rgb067.jpg,/data/datasets/PRCC/prcc/rgb/train/193/A_cropped_rgb028.jpg,0,51,0.8868409991264343,0.9999998807907104,5,C,A,092C,193,male,male,black,black,short,short,average,average
visual,1,/data/datasets/PRCC/prcc/rgb/train/092/C_cropped_rgb070.jpg,/data/datasets/PRCC/prcc/rgb/train/299/C_cropped_rgb412.jpg,0,132,0.8945702314376831,0.9999998807907104,,C,C,092C,299C,male,male,black,black,short,short,average,average
visual,2,/data/datasets/PRCC/prcc/rgb/train/092/C_cropped_rgb070.jpg,/data/datasets/PRCC/prcc/rgb/train/149/B_cropped_rgb583.jpg,0,24,0.8853549361228943,0.9999998807907104,,C,B,092C,149,male,male,black,black,short,short,average,average
visual,3,/data/datasets/PRCC/prcc/rgb/train/092/C_cropped_rgb070.jpg,/data/datasets/PRCC/prcc/rgb/train/193/A_cropped_rgb016.jpg,0,51,0.8836777210235596,0.9999998807907104,,C,A,092C,193,male,male,black,black,short,short,average,average
visual,4,/data/datasets/PRCC/prcc/rgb/train/092/C_cropped_rgb070.jpg,/data/datasets/PRCC/prcc/rgb/train/193/A_cropped_rgb034.jpg,0,51,0.8811401128768921,0.9999998807907104,,C,A,092C,193,male,male,black,black,short,short,average,average
visual,5,/data/datasets/PRCC/prcc/rgb/train/092/C_cropped_rgb070.jpg,/data/datasets/PRCC/prcc/rgb/train/154/A_cropped_rgb013.jpg,0,27,0.8808833956718445,0.9999998807907104,,C,A,092C,154,male,male,black,black,short,short,average,average
semantic,1,/data/datasets/PRCC/prcc/rgb/train/092/C_cropped_rgb070.jpg,/data/datasets/PRCC/prcc/rgb/train/149/B_cropped_rgb583.jpg,0,24,0.8853549361228943,0.9999998807907104,,C,B,092C,149,male,male,black,black,short,short,average,average
semantic,2,/data/datasets/PRCC/prcc/rgb/train/092/C_cropped_rgb070.jpg,/data/datasets/PRCC/prcc/rgb/train/110/A_cropped_rgb517.jpg,0,8,0.6245803833007812,0.9999998807907104,,C,A,092C,110,male,male,black,black,short,short,average,average
semantic,3,/data/datasets/PRCC/prcc/rgb/train/092/C_cropped_rgb070.jpg,/data/datasets/PRCC/prcc/rgb/train/185/A_cropped_rgb019.jpg,0,48,0.7824032306671143,0.9999998807907104,,C,A,092C,185,male,male,black,black,short,short,average,average
semantic,4,/data/datasets/PRCC/prcc/rgb/train/092/C_cropped_rgb070.jpg,/data/datasets/PRCC/prcc/rgb/train/300/C_cropped_rgb171.jpg,0,133,0.7489216923713684,0.9999998807907104,,C,C,092C,300C,male,male,black,black,short,short,average,average
semantic,5,/data/datasets/PRCC/prcc/rgb/train/092/C_cropped_rgb070.jpg,/data/datasets/PRCC/prcc/rgb/train/177/C_cropped_rgb475.jpg,0,42,0.7017698287963867,0.9999998807907104,,C,C,092C,177C,male,male,black,black,short,short,average,average
hybrid,1,/data/datasets/PRCC/prcc/rgb/train/092/C_cropped_rgb070.jpg,/data/datasets/PRCC/prcc/rgb/train/149/B_cropped_rgb583.jpg,0,24,0.8853549361228943,0.9999998807907104,1,C,B,092C,149,male,male,black,black,short,short,average,average
hybrid,2,/data/datasets/PRCC/prcc/rgb/train/092/C_cropped_rgb070.jpg,/data/datasets/PRCC/prcc/rgb/train/299/C_cropped_rgb412.jpg,0,132,0.8945702314376831,0.9999998807907104,2,C,C,092C,299C,male,male,black,black,short,short,average,average
hybrid,3,/data/datasets/PRCC/prcc/rgb/train/092/C_cropped_rgb070.jpg,/data/datasets/PRCC/prcc/rgb/train/110/A_cropped_rgb517.jpg,0,8,0.6245803833007812,0.9999998807907104,3,C,A,092C,110,male,male,black,black,short,short,average,average
hybrid,4,/data/datasets/PRCC/prcc/rgb/train/092/C_cropped_rgb070.jpg,/data/datasets/PRCC/prcc/rgb/train/185/A_cropped_rgb019.jpg,0,48,0.7824032306671143,0.9999998807907104,4,C,A,092C,185,male,male,black,black,short,short,average,average
hybrid,5,/data/datasets/PRCC/prcc/rgb/train/092/C_cropped_rgb070.jpg,/data/datasets/PRCC/prcc/rgb/train/193/A_cropped_rgb016.jpg,0,51,0.8836777210235596,0.9999998807907104,5,C,A,092C,193,male,male,black,black,short,short,average,average
