seed,run_id,confuser_set,anchor_index,negative_index,anchor_path,negative_path,anchor_person_id,negative_person_id,visual_similarity_before,visual_similarity_after,visual_rank_before,visual_rank_after,semantic_similarity_before
0,R00,semantic_top1,0,3147,/data/datasets/PRCC/prcc/rgb/train/092/A_cropped_rgb001.jpg,/data/datasets/PRCC/prcc/rgb/train/149/B_cropped_rgb583.jpg,0,24,0.875569224357605,0.8794941902160645,8,4,0.9999998807907104
0,R00,semantic_top1,1,3147,/data/datasets/PRCC/prcc/rgb/train/092/A_cropped_rgb004.jpg,/data/datasets/PRCC/prcc/rgb/train/149/B_cropped_rgb583.jpg,0,24,0.8674390316009521,0.8695951104164124,26,23,0.9999998807907104
0,R00,semantic_top1,2,3147,/data/datasets/PRCC/prcc/rgb/train/092/A_cropped_rgb007.jpg,/data/datasets/PRCC/prcc/rgb/train/149/B_cropped_rgb583.jpg,0,24,0.8648730516433716,0.8674824833869934,19,13,0.9999998807907104
0,R00,semantic_top1,3,3147,/data/datasets/PRCC/prcc/rgb/train/092/A_cropped_rgb010.jpg,/data/datasets/PRCC/prcc/rgb/train/149/B_cropped_rgb583.jpg,0,24,0.8613510727882385,0.8658114075660706,14,8,0.9999998807907104
0,R00,semantic_top1,4,3147,/data/datasets/PRCC/prcc/rgb/train/092/A_cropped_rgb013.jpg,/data/datasets/PRCC/prcc/rgb/train/149/B_cropped_rgb583.jpg,0,24,0.8575009107589722,0.8602938652038574,69,46,0.9999998807907104
0,R00,semantic_top1,5,3147,/data/datasets/PRCC/prcc/rgb/train/092/A_cropped_rgb016.jpg,/data/datasets/PRCC/prcc/rgb/train/149/B_cropped_rgb583.jpg,0,24,0.8676241636276245,0.8709789514541626,5,3,0.9999998807907104
0,R00,semantic_top1,6,3147,/data/datasets/PRCC/prcc/rgb/train/092/A_cropped_rgb019.jpg,/data/datasets/PRCC/prcc/rgb/train/149/B_cropped_rgb583.jpg,0,24,0.8824165463447571,0.8854830265045166,2,2,0.9999998807907104
0,R00,semantic_top1,7,3147,/data/datasets/PRCC/prcc/rgb/train/092/A_cropped_rgb022.jpg,/data/datasets/PRCC/prcc/rgb/train/149/B_cropped_rgb583.jpg,0,24,0.8639563322067261,0.8673887848854065,8,6,0.9999998807907104
0,R00,semantic_top1,8,3147,/data/datasets/PRCC/prcc/rgb/train/092/A_cropped_rgb025.jpg,/data/datasets/PRCC/prcc/rgb/train/149/B_cropped_rgb583.jpg,0,24,0.8786569237709045,0.8807070255279541,7,6,0.9999998807907104
0,R00,semantic_top1,9,3147,/data/datasets/PRCC/prcc/rgb/train/092/A_cropped_rgb028.jpg,/data/datasets/PRCC/prcc/rgb/train/149/B_cropped_rgb583.jpg,0,24,0.8627936840057373,0.8652061223983765,32,25,0.9999998807907104
0,R00,semantic_top1,10,3147,/data/datasets/PRCC/prcc/rgb/train/092/A_cropped_rgb035.jpg,/data/datasets/PRCC/prcc/rgb/train/149/B_cropped_rgb583.jpg,0,24,0.8558530807495117,0.8577916026115417,3,2,0.9999998807907104
0,R00,semantic_top1,11,3147,/data/datasets/PRCC/prcc/rgb/train/092/A_cropped_rgb037.jpg,/data/datasets/PRCC/prcc/rgb/train/149/B_cropped_rgb583.jpg,0,24,0.8717426061630249,0.8740232586860657,2,1,0.9999998807907104
0,R00,semantic_top1,12,3147,/data/datasets/PRCC/prcc/rgb/train/092/A_cropped_rgb040.jpg,/data/datasets/PRCC/prcc/rgb/train/149/B_cropped_rgb583.jpg,0,24,0.8689637780189514,0.8701213598251343,5,5,0.9999998807907104
0,R00,semantic_top1,13,3147,/data/datasets/PRCC/prcc/rgb/train/092/A_cropped_rgb046.jpg,/data/datasets/PRCC/prcc/rgb/train/149/B_cropped_rgb583.jpg,0,24,0.8620395660400391,0.8662283420562744,13,6,0.9999998807907104
0,R00,semantic_top1,14,3147,/data/datasets/PRCC/prcc/rgb/train/092/A_cropped_rgb055.jpg,/data/datasets/PRCC/prcc/rgb/train/149/B_cropped_rgb583.jpg,0,24,0.8609713315963745,0.8655070662498474,9,2,0.9999998807907104
0,R00,semantic_top1,15,3147,/data/datasets/PRCC/prcc/rgb/train/092/A_cropped_rgb058.jpg,/data/datasets/PRCC/prcc/rgb/train/149/B_cropped_rgb583.jpg,0,24,0.8681427240371704,0.8721040487289429,10,10,0.9999998807907104
0,R00,semantic_top1,16,3147,/data/datasets/PRCC/prcc/rgb/train/092/A_cropped_rgb067.jpg,/data/datasets/PRCC/prcc/rgb/train/149/B_cropped_rgb583.jpg,0,24,0.8713183403015137,0.8741004467010498,5,3,0.9999998807907104
0,R00,semantic_top1,17,3147,/data/datasets/PRCC/prcc/rgb/train/092/A_cropped_rgb070.jpg,/data/datasets/PRCC/prcc/rgb/train/149/B_cropped_rgb583.jpg,0,24,0.8658122420310974,0.871259331703186,13,13,0.9999998807907104
0,R00,semantic_top1,18,3147,/data/datasets/PRCC/prcc/rgb/train/092/A_cropped_rgb090.jpg,/data/datasets/PRCC/prcc/rgb/train/149/B_cropped_rgb583.jpg,0,24,0.8646559715270996,0.8699235320091248,6,5,0.9999998807907104
0,R00,semantic_top1,19,4258,/data/datasets/PRCC/prcc/rgb/train/092/A_cropped_rgb154.jpg,/data/datasets/PRCC/prcc/rgb/train/164/B_cropped_rgb047.jpg,0,33,0.7450370192527771,0.7413644790649414,2704,2788,1.0000001192092896
0,R00,semantic_top1,20,3147,/data/datasets/PRCC/prcc/rgb/train/092/A_cropped_rgb172.jpg,/data/datasets/PRCC/prcc/rgb/train/149/B_cropped_rgb583.jpg,0,24,0.8670390844345093,0.871436357498169,10,5,0.9999998807907104
0,R00,semantic_top1,21,3147,/data/datasets/PRCC/prcc/rgb/train/092/A_cropped_rgb173.jpg,/data/datasets/PRCC/prcc/rgb/train/149/B_cropped_rgb583.jpg,0,24,0.8591310977935791,0.8625445365905762,27,23,0.9999998807907104
0,R00,semantic_top1,22,3147,/data/datasets/PRCC/prcc/rgb/train/092/A_cropped_rgb181.jpg,/data/datasets/PRCC/prcc/rgb/train/149/B_cropped_rgb583.jpg,0,24,0.8307384848594666,0.8365833163261414,213,164,0.9999998807907104
0,R00,semantic_top1,23,3147,/data/datasets/PRCC/prcc/rgb/train/092/A_cropped_rgb190.jpg,/data/datasets/PRCC/prcc/rgb/train/149/B_cropped_rgb583.jpg,0,24,0.8817994594573975,0.8867738246917725,7,6,0.9999998807907104
0,R00,semantic_top1,24,3147,/data/datasets/PRCC/prcc/rgb/train/092/A_cropped_rgb193.jpg,/data/datasets/PRCC/prcc/rgb/train/149/B_cropped_rgb583.jpg,0,24,0.872421383857727,0.8756763935089111,4,3,0.9999998807907104
0,R00,semantic_top1,25,3147,/data/datasets/PRCC/prcc/rgb/train/092/A_cropped_rgb196.jpg,/data/datasets/PRCC/prcc/rgb/train/149/B_cropped_rgb583.jpg,0,24,0.8833688497543335,0.883523166179657,2,2,0.9999998807907104
0,R00,semantic_top1,26,3147,/data/datasets/PRCC/prcc/rgb/train/092/A_cropped_rgb199.jpg,/data/datasets/PRCC/prcc/rgb/train/149/B_cropped_rgb583.jpg,0,24,0.8956340551376343,0.8959648013114929,1,1,0.9999998807907104
0,R00,semantic_top1,27,3147,/data/datasets/PRCC/prcc/rgb/train/092/A_cropped_rgb202.jpg,/data/datasets/PRCC/prcc/rgb/train/149/B_cropped_rgb583.jpg,0,24,0.879752516746521,0.8812641501426697,1,1,0.9999998807907104
0,R00,semantic_top1,28,3147,/data/datasets/PRCC/prcc/rgb/train/092/A_cropped_rgb205.jpg,/data/datasets/PRCC/prcc/rgb/train/149/B_cropped_rgb583.jpg,0,24,0.881179928779602,0.8824197053909302,1,1,0.9999998807907104
0,R00,semantic_top1,29,3147,/data/datasets/PRCC/prcc/rgb/train/092/A_cropped_rgb208.jpg,/data/datasets/PRCC/prcc/rgb/train/149/B_cropped_rgb583.jpg,0,24,0.8883233666419983,0.8894948363304138,1,1,0.9999998807907104
0,R00,semantic_top1,30,3147,/data/datasets/PRCC/prcc/rgb/train/092/A_cropped_rgb217.jpg,/data/datasets/PRCC/prcc/rgb/train/149/B_cropped_rgb583.jpg,0,24,0.8711629509925842,0.8734050393104553,2,1,0.9999998807907104
0,R00,semantic_top1,31,3147,/data/datasets/PRCC/prcc/rgb/train/092/A_cropped_rgb226.jpg,/data/datasets/PRCC/prcc/rgb/train/149/B_cropped_rgb583.jpg,0,24,0.878731906414032,0.8809534311294556,6,5,0.9999998807907104
0,R00,semantic_top1,32,3147,/data/datasets/PRCC/prcc/rgb/train/092/A_cropped_rgb232.jpg,/data/datasets/PRCC/prcc/rgb/train/149/B_cropped_rgb583.jpg,0,24,0.862834632396698,0.865739107131958,14,11,0.9999998807907104
0,R00,semantic_top1,33,11733,/data/datasets/PRCC/prcc/rgb/train/092/A_cropped_rgb238.jpg,/data/datasets/PRCC/prcc/rgb/train/253/B_cropped_rgb078.jpg,0,95,0.764846920967102,0.7689907550811768,1853,1738,1.0000001192092896
0,R00,semantic_top1,34,7558,/data/datasets/PRCC/prcc/rgb/train/092/A_cropped_rgb361.jpg,/data/datasets/PRCC/prcc/rgb/train/206/A_cropped_rgb007.jpg,0,61,0.7210369110107422,0.7240642309188843,4514,4361,1.0
0,R00,semantic_top1,35,3147,/data/datasets/PRCC/prcc/rgb/train/092/A_cropped_rgb364.jpg,/data/datasets/PRCC/prcc/rgb/train/149/B_cropped_rgb583.jpg,0,24,0.8407155871391296,0.8429039716720581,74,62,0.9999998807907104
0,R00,semantic_top1,36,3147,/data/datasets/PRCC/prcc/rgb/train/092/A_cropped_rgb370.jpg,/data/datasets/PRCC/prcc/rgb/train/149/B_cropped_rgb583.jpg,0,24,0.8574243783950806,0.8604691028594971,46,40,0.9999998807907104
0,R00,semantic_top1,37,3147,/data/datasets/PRCC/prcc/rgb/train/092/A_cropped_rgb373.jpg,/data/datasets/PRCC/prcc/rgb/train/149/B_cropped_rgb583.jpg,0,24,0.8300521373748779,0.8349413871765137,190,128,0.9999998807907104
0,R00,semantic_top1,38,3147,/data/datasets/PRCC/prcc/rgb/train/092/A_cropped_rgb376.jpg,/data/datasets/PRCC/prcc/rgb/train/149/B_cropped_rgb583.jpg,0,24,0.8312992453575134,0.8332229852676392,108,95,0.9999998807907104
0,R00,semantic_top1,39,3147,/data/datasets/PRCC/prcc/rgb/train/092/A_cropped_rgb415.jpg,/data/datasets/PRCC/prcc/rgb/train/149/B_cropped_rgb583.jpg,0,24,0.8714237809181213,0.8728063106536865,11,10,0.9999998807907104
0,R00,semantic_top1,40,3147,/data/datasets/PRCC/prcc/rgb/train/092/A_cropped_rgb418.jpg,/data/datasets/PRCC/prcc/rgb/train/149/B_cropped_rgb583.jpg,0,24,0.8753643035888672,0.8765165209770203,1,1,0.9999998807907104
0,R00,semantic_top1,41,3147,/data/datasets/PRCC/prcc/rgb/train/092/A_cropped_rgb421.jpg,/data/datasets/PRCC/prcc/rgb/train/149/B_cropped_rgb583.jpg,0,24,0.8684253692626953,0.8688133955001831,1,1,0.9999998807907104
0,R00,semantic_top1,42,11733,/data/datasets/PRCC/prcc/rgb/train/092/A_cropped_rgb467.jpg,/data/datasets/PRCC/prcc/rgb/train/253/B_cropped_rgb078.jpg,0,95,0.7354332208633423,0.7412362098693848,2662,2424,1.0000001192092896
0,R00,semantic_top1,43,3147,/data/datasets/PRCC/prcc/rgb/train/092/B_cropped_rgb012.jpg,/data/datasets/PRCC/prcc/rgb/train/149/B_cropped_rgb583.jpg,0,24,0.844761312007904,0.8439061641693115,163,171,0.9999998807907104
0,R00,semantic_top1,44,3147,/data/datasets/PRCC/prcc/rgb/train/092/B_cropped_rgb024.jpg,/data/datasets/PRCC/prcc/rgb/train/149/B_cropped_rgb583.jpg,0,24,0.8420470952987671,0.8417049646377563,175,180,0.9999998807907104
0,R00,semantic_top1,45,3147,/data/datasets/PRCC/prcc/rgb/train/092/B_cropped_rgb066.jpg,/data/datasets/PRCC/prcc/rgb/train/149/B_cropped_rgb583.jpg,0,24,0.8525289297103882,0.8538256883621216,27,28,0.9999998807907104
0,R00,semantic_top1,46,3147,/data/datasets/PRCC/prcc/rgb/train/092/B_cropped_rgb092.jpg,/data/datasets/PRCC/prcc/rgb/train/149/B_cropped_rgb583.jpg,0,24,0.8502357006072998,0.8513203263282776,122,108,0.9999998807907104
0,R00,semantic_top1,47,3147,/data/datasets/PRCC/prcc/rgb/train/092/B_cropped_rgb112.jpg,/data/datasets/PRCC/prcc/rgb/train/149/B_cropped_rgb583.jpg,0,24,0.8710049986839294,0.8731061220169067,10,10,0.9999998807907104
0,R00,semantic_top1,48,3147,/data/datasets/PRCC/prcc/rgb/train/092/B_cropped_rgb115.jpg,/data/datasets/PRCC/prcc/rgb/train/149/B_cropped_rgb583.jpg,0,24,0.8655657172203064,0.8658753037452698,18,20,0.9999998807907104
0,R00,semantic_top1,49,3147,/data/datasets/PRCC/prcc/rgb/train/092/B_cropped_rgb118.jpg,/data/datasets/PRCC/prcc/rgb/train/149/B_cropped_rgb583.jpg,0,24,0.8574441075325012,0.8594549298286438,13,10,0.9999998807907104
0,R00,semantic_top1,50,3147,/data/datasets/PRCC/prcc/rgb/train/092/B_cropped_rgb121.jpg,/data/datasets/PRCC/prcc/rgb/train/149/B_cropped_rgb583.jpg,0,24,0.8680589199066162,0.8669605851173401,6,7,0.9999998807907104
0,R00,semantic_top1,51,3147,/data/datasets/PRCC/prcc/rgb/train/092/B_cropped_rgb127.jpg,/data/datasets/PRCC/prcc/rgb/train/149/B_cropped_rgb583.jpg,0,24,0.8669694066047668,0.8660839796066284,7,10,0.9999998807907104
0,R00,semantic_top1,52,3147,/data/datasets/PRCC/prcc/rgb/train/092/B_cropped_rgb133.jpg,/data/datasets/PRCC/prcc/rgb/train/149/B_cropped_rgb583.jpg,0,24,0.8845022916793823,0.8826204538345337,1,1,0.9999998807907104
0,R00,semantic_top1,53,3147,/data/datasets/PRCC/prcc/rgb/train/092/B_cropped_rgb136.jpg,/data/datasets/PRCC/prcc/rgb/train/149/B_cropped_rgb583.jpg,0,24,0.8875927925109863,0.8871992826461792,1,1,0.9999998807907104
0,R00,semantic_top1,54,3147,/data/datasets/PRCC/prcc/rgb/train/092/B_cropped_rgb139.jpg,/data/datasets/PRCC/prcc/rgb/train/149/B_cropped_rgb583.jpg,0,24,0.8823890686035156,0.8826133608818054,2,2,0.9999998807907104
0,R00,semantic_top1,55,11733,/data/datasets/PRCC/prcc/rgb/train/092/B_cropped_rgb142.jpg,/data/datasets/PRCC/prcc/rgb/train/253/B_cropped_rgb078.jpg,0,95,0.7691383361816406,0.7666590809822083,1815,1823,1.0000001192092896
0,R00,semantic_top1,56,3147,/data/datasets/PRCC/prcc/rgb/train/092/B_cropped_rgb145.jpg,/data/datasets/PRCC/prcc/rgb/train/149/B_cropped_rgb583.jpg,0,24,0.8650068044662476,0.8653920292854309,35,33,0.9999998807907104
0,R00,semantic_top1,57,3147,/data/datasets/PRCC/prcc/rgb/train/092/B_cropped_rgb148.jpg,/data/datasets/PRCC/prcc/rgb/train/149/B_cropped_rgb583.jpg,0,24,0.8807977437973022,0.879745602607727,26,24,0.9999998807907104
0,R00,semantic_top1,58,11733,/data/datasets/PRCC/prcc/rgb/train/092/B_cropped_rgb149.jpg,/data/datasets/PRCC/prcc/rgb/train/253/B_cropped_rgb078.jpg,0,95,0.725067138671875,0.7249765396118164,3225,3131,1.0000001192092896
0,R00,semantic_top1,59,3147,/data/datasets/PRCC/prcc/rgb/train/092/B_cropped_rgb154.jpg,/data/datasets/PRCC/prcc/rgb/train/149/B_cropped_rgb583.jpg,0,24,0.8631644248962402,0.863246500492096,26,26,0.9999998807907104
0,R00,semantic_top1,60,3147,/data/datasets/PRCC/prcc/rgb/train/092/B_cropped_rgb157.jpg,/data/datasets/PRCC/prcc/rgb/train/149/B_cropped_rgb583.jpg,0,24,0.8663772344589233,0.8673011660575867,25,25,0.9999998807907104
0,R00,semantic_top1,61,3147,/data/datasets/PRCC/prcc/rgb/train/092/B_cropped_rgb163.jpg,/data/datasets/PRCC/prcc/rgb/train/149/B_cropped_rgb583.jpg,0,24,0.8790637254714966,0.8785974979400635,15,16,0.9999998807907104
0,R00,semantic_top1,62,3147,/data/datasets/PRCC/prcc/rgb/train/092/B_cropped_rgb166.jpg,/data/datasets/PRCC/prcc/rgb/train/149/B_cropped_rgb583.jpg,0,24,0.8719784021377563,0.8724327087402344,17,16,0.9999998807907104
0,R00,semantic_top1,63,3147,/data/datasets/PRCC/prcc/rgb/train/092/B_cropped_rgb169.jpg,/data/datasets/PRCC/prcc/rgb/train/149/B_cropped_rgb583.jpg,0,24,0.8679279685020447,0.867520272731781,15,17,0.9999998807907104
0,R00,semantic_top1,64,3147,/data/datasets/PRCC/prcc/rgb/train/092/B_cropped_rgb172.jpg,/data/datasets/PRCC/prcc/rgb/train/149/B_cropped_rgb583.jpg,0,24,0.8855618834495544,0.8868856430053711,3,3,0.9999998807907104
0,R00,semantic_top1,65,3147,/data/datasets/PRCC/prcc/rgb/train/092/B_cropped_rgb176.jpg,/data/datasets/PRCC/prcc/rgb/train/149/B_cropped_rgb583.jpg,0,24,0.8545767068862915,0.8583654165267944,45,32,0.9999998807907104
0,R00,semantic_top1,66,3147,/data/datasets/PRCC/prcc/rgb/train/092/B_cropped_rgb177.jpg,/data/datasets/PRCC/prcc/rgb/train/149/B_cropped_rgb583.jpg,0,24,0.8613204956054688,0.8647660613059998,27,23,0.9999998807907104
0,R00,semantic_top1,67,3147,/data/datasets/PRCC/prcc/rgb/train/092/B_cropped_rgb199.jpg,/data/datasets/PRCC/prcc/rgb/train/149/B_cropped_rgb583.jpg,0,24,0.8316662311553955,0.8354010581970215,92,82,0.9999998807907104
0,R00,semantic_top1,68,3147,/data/datasets/PRCC/prcc/rgb/train/092/B_cropped_rgb206.jpg,/data/datasets/PRCC/prcc/rgb/train/149/B_cropped_rgb583.jpg,0,24,0.8532939553260803,0.8514323234558105,102,121,0.9999998807907104
0,R00,semantic_top1,69,3147,/data/datasets/PRCC/prcc/rgb/train/092/B_cropped_rgb227.jpg,/data/datasets/PRCC/prcc/rgb/train/149/B_cropped_rgb583.jpg,0,24,0.8470101356506348,0.8481001853942871,139,139,0.9999998807907104
0,R00,semantic_top1,70,3147,/data/datasets/PRCC/prcc/rgb/train/092/B_cropped_rgb292.jpg,/data/datasets/PRCC/prcc/rgb/train/149/B_cropped_rgb583.jpg,0,24,0.8880113363265991,0.8855575323104858,4,4,0.9999998807907104
0,R00,semantic_top1,71,3147,/data/datasets/PRCC/prcc/rgb/train/092/B_cropped_rgb295.jpg,/data/datasets/PRCC/prcc/rgb/train/149/B_cropped_rgb583.jpg,0,24,0.890242874622345,0.8878504037857056,1,1,0.9999998807907104
0,R00,semantic_top1,72,3147,/data/datasets/PRCC/prcc/rgb/train/092/B_cropped_rgb298.jpg,/data/datasets/PRCC/prcc/rgb/train/149/B_cropped_rgb583.jpg,0,24,0.8731338381767273,0.8720086812973022,12,13,0.9999998807907104
0,R00,semantic_top1,73,3147,/data/datasets/PRCC/prcc/rgb/train/092/B_cropped_rgb301.jpg,/data/datasets/PRCC/prcc/rgb/train/149/B_cropped_rgb583.jpg,0,24,0.8912270069122314,0.8914355039596558,1,1,0.9999998807907104
0,R00,semantic_top1,74,3147,/data/datasets/PRCC/prcc/rgb/train/092/B_cropped_rgb304.jpg,/data/datasets/PRCC/prcc/rgb/train/149/B_cropped_rgb583.jpg,0,24,0.8778442144393921,0.8766015768051147,1,1,0.9999998807907104
0,R00,semantic_top1,75,3147,/data/datasets/PRCC/prcc/rgb/train/092/B_cropped_rgb307.jpg,/data/datasets/PRCC/prcc/rgb/train/149/B_cropped_rgb583.jpg,0,24,0.8774545788764954,0.8765019178390503,4,5,0.9999998807907104
0,R00,semantic_top1,76,3147,/data/datasets/PRCC/prcc/rgb/train/092/B_cropped_rgb310.jpg,/data/datasets/PRCC/prcc/rgb/train/149/B_cropped_rgb583.jpg,0,24,0.8776702284812927,0.8775689005851746,4,5,0.9999998807907104
0,R00,semantic_top1,77,3147,/data/datasets/PRCC/prcc/rgb/train/092/B_cropped_rgb313.jpg,/data/datasets/PRCC/prcc/rgb/train/149/B_cropped_rgb583.jpg,0,24,0.8765525817871094,0.8777635097503662,10,8,0.9999998807907104
0,R00,semantic_top1,78,3147,/data/datasets/PRCC/prcc/rgb/train/092/B_cropped_rgb322.jpg,/data/datasets/PRCC/prcc/rgb/train/149/B_cropped_rgb583.jpg,0,24,0.8679128885269165,0.8673124313354492,14,15,0.9999998807907104
0,R00,semantic_top1,79,11733,/data/datasets/PRCC/prcc/rgb/train/092/B_cropped_rgb328.jpg,/data/datasets/PRCC/prcc/rgb/train/253/B_cropped_rgb078.jpg,0,95,0.7371012568473816,0.7385962605476379,2453,2400,1.0000001192092896
0,R00,semantic_top1,80,3147,/data/datasets/PRCC/prcc/rgb/train/092/B_cropped_rgb331.jpg,/data/datasets/PRCC/prcc/rgb/train/149/B_cropped_rgb583.jpg,0,24,0.8478752374649048,0.8486339449882507,35,38,0.9999998807907104
0,R00,semantic_top1,81,3147,/data/datasets/PRCC/prcc/rgb/train/092/B_cropped_rgb334.jpg,/data/datasets/PRCC/prcc/rgb/train/149/B_cropped_rgb583.jpg,0,24,0.8589496612548828,0.8582547307014465,20,23,0.9999998807907104
0,R00,semantic_top1,82,11733,/data/datasets/PRCC/prcc/rgb/train/092/B_cropped_rgb380.jpg,/data/datasets/PRCC/prcc/rgb/train/253/B_cropped_rgb078.jpg,0,95,0.7594800591468811,0.7552272081375122,1901,2083,1.0000001192092896
0,R00,semantic_top1,83,3147,/data/datasets/PRCC/prcc/rgb/train/092/C_cropped_rgb001.jpg,/data/datasets/PRCC/prcc/rgb/train/149/B_cropped_rgb583.jpg,0,24,0.888335108757019,0.8879963159561157,1,1,0.9999998807907104
0,R00,semantic_top1,84,3147,/data/datasets/PRCC/prcc/rgb/train/092/C_cropped_rgb007.jpg,/data/datasets/PRCC/prcc/rgb/train/149/B_cropped_rgb583.jpg,0,24,0.8946142792701721,0.8949835896492004,4,4,0.9999998807907104
0,R00,semantic_top1,85,3147,/data/datasets/PRCC/prcc/rgb/train/092/C_cropped_rgb016.jpg,/data/datasets/PRCC/prcc/rgb/train/149/B_cropped_rgb583.jpg,0,24,0.8818483352661133,0.8825939893722534,1,1,0.9999998807907104
0,R00,semantic_top1,86,3147,/data/datasets/PRCC/prcc/rgb/train/092/C_cropped_rgb019.jpg,/data/datasets/PRCC/prcc/rgb/train/149/B_cropped_rgb583.jpg,0,24,0.8774002194404602,0.8790590763092041,2,1,0.9999998807907104
0,R00,semantic_top1,87,3147,/data/datasets/PRCC/prcc/rgb/train/092/C_cropped_rgb022.jpg,/data/datasets/PRCC/prcc/rgb/train/149/B_cropped_rgb583.jpg,0,24,0.8937908411026001,0.8938770294189453,1,1,0.9999998807907104
0,R00,semantic_top1,88,3147,/data/datasets/PRCC/prcc/rgb/train/092/C_cropped_rgb025.jpg,/data/datasets/PRCC/prcc/rgb/train/149/B_cropped_rgb583.jpg,0,24,0.8784396648406982,0.8774483799934387,1,1,0.9999998807907104
0,R00,semantic_top1,89,3147,/data/datasets/PRCC/prcc/rgb/train/092/C_cropped_rgb031.jpg,/data/datasets/PRCC/prcc/rgb/train/149/B_cropped_rgb583.jpg,0,24,0.8854308128356934,0.8877098560333252,6,6,0.9999998807907104
0,R00,semantic_top1,90,3147,/data/datasets/PRCC/prcc/rgb/train/092/C_cropped_rgb034.jpg,/data/datasets/PRCC/prcc/rgb/train/149/B_cropped_rgb583.jpg,0,24,0.8913717269897461,0.8901402354240417,1,1,0.9999998807907104
0,R00,semantic_top1,91,3147,/data/datasets/PRCC/prcc/rgb/train/092/C_cropped_rgb037.jpg,/data/datasets/PRCC/prcc/rgb/train/149/B_cropped_rgb583.jpg,0,24,0.8828698396682739,0.8826104402542114,4,2,0.9999998807907104
0,R00,semantic_top1,92,3147,/data/datasets/PRCC/prcc/rgb/train/092/C_cropped_rgb040.jpg,/data/datasets/PRCC/prcc/rgb/train/149/B_cropped_rgb583.jpg,0,24,0.8944661617279053,0.8949891328811646,1,1,0.9999998807907104
0,R00,semantic_top1,93,3147,/data/datasets/PRCC/prcc/rgb/train/092/C_cropped_rgb046.jpg,/data/datasets/PRCC/prcc/rgb/train/149/B_cropped_rgb583.jpg,0,24,0.8818740844726562,0.8810672163963318,1,3,0.9999998807907104
0,R00,semantic_top1,94,3147,/data/datasets/PRCC/prcc/rgb/train/092/C_cropped_rgb049.jpg,/data/datasets/PRCC/prcc/rgb/train/149/B_cropped_rgb583.jpg,0,24,0.8830856084823608,0.8809621334075928,4,3,0.9999998807907104
0,R00,semantic_top1,95,3147,/data/datasets/PRCC/prcc/rgb/train/092/C_cropped_rgb052.jpg,/data/datasets/PRCC/prcc/rgb/train/149/B_cropped_rgb583.jpg,0,24,0.8907240629196167,0.8889787197113037,5,5,0.9999998807907104
0,R00,semantic_top1,96,3147,/data/datasets/PRCC/prcc/rgb/train/092/C_cropped_rgb055.jpg,/data/datasets/PRCC/prcc/rgb/train/149/B_cropped_rgb583.jpg,0,24,0.8913998603820801,0.8899266123771667,1,1,0.9999998807907104
0,R00,semantic_top1,97,3147,/data/datasets/PRCC/prcc/rgb/train/092/C_cropped_rgb064.jpg,/data/datasets/PRCC/prcc/rgb/train/149/B_cropped_rgb583.jpg,0,24,0.8873140811920166,0.8877577781677246,10,10,0.9999998807907104
0,R00,semantic_top1,98,3147,/data/datasets/PRCC/prcc/rgb/train/092/C_cropped_rgb067.jpg,/data/datasets/PRCC/prcc/rgb/train/149/B_cropped_rgb583.jpg,0,24,0.8883510828018188,0.8864954710006714,2,2,0.9999998807907104
0,R00,semantic_top1,99,3147,/data/datasets/PRCC/prcc/rgb/train/092/C_cropped_rgb070.jpg,/data/datasets/PRCC/prcc/rgb/train/149/B_cropped_rgb583.jpg,0,24,0.8853549361228943,0.8841753005981445,2,3,0.9999998807907104
0,R00,hybrid_top1,0,3147,/data/datasets/PRCC/prcc/rgb/train/092/A_cropped_rgb001.jpg,/data/datasets/PRCC/prcc/rgb/train/149/B_cropped_rgb583.jpg,0,24,0.875569224357605,0.8794941902160645,8,4,0.9999998807907104
0,R00,hybrid_top1,1,3147,/data/datasets/PRCC/prcc/rgb/train/092/A_cropped_rgb004.jpg,/data/datasets/PRCC/prcc/rgb/train/149/B_cropped_rgb583.jpg,0,24,0.8674390316009521,0.8695951104164124,26,23,0.9999998807907104
0,R00,hybrid_top1,2,3147,/data/datasets/PRCC/prcc/rgb/train/092/A_cropped_rgb007.jpg,/data/datasets/PRCC/prcc/rgb/train/149/B_cropped_rgb583.jpg,0,24,0.8648730516433716,0.8674824833869934,19,13,0.9999998807907104
0,R00,hybrid_top1,3,3147,/data/datasets/PRCC/prcc/rgb/train/092/A_cropped_rgb010.jpg,/data/datasets/PRCC/prcc/rgb/train/149/B_cropped_rgb583.jpg,0,24,0.8613510727882385,0.8658114075660706,14,8,0.9999998807907104
0,R00,hybrid_top1,4,3147,/data/datasets/PRCC/prcc/rgb/train/092/A_cropped_rgb013.jpg,/data/datasets/PRCC/prcc/rgb/train/149/B_cropped_rgb583.jpg,0,24,0.8575009107589722,0.8602938652038574,69,46,0.9999998807907104
0,R00,hybrid_top1,5,3147,/data/datasets/PRCC/prcc/rgb/train/092/A_cropped_rgb016.jpg,/data/datasets/PRCC/prcc/rgb/train/149/B_cropped_rgb583.jpg,0,24,0.8676241636276245,0.8709789514541626,5,3,0.9999998807907104
0,R00,hybrid_top1,6,3147,/data/datasets/PRCC/prcc/rgb/train/092/A_cropped_rgb019.jpg,/data/datasets/PRCC/prcc/rgb/train/149/B_cropped_rgb583.jpg,0,24,0.8824165463447571,0.8854830265045166,2,2,0.9999998807907104
0,R00,hybrid_top1,7,3147,/data/datasets/PRCC/prcc/rgb/train/092/A_cropped_rgb022.jpg,/data/datasets/PRCC/prcc/rgb/train/149/B_cropped_rgb583.jpg,0,24,0.8639563322067261,0.8673887848854065,8,6,0.9999998807907104
0,R00,hybrid_top1,8,3147,/data/datasets/PRCC/prcc/rgb/train/092/A_cropped_rgb025.jpg,/data/datasets/PRCC/prcc/rgb/train/149/B_cropped_rgb583.jpg,0,24,0.8786569237709045,0.8807070255279541,7,6,0.9999998807907104
0,R00,hybrid_top1,9,3147,/data/datasets/PRCC/prcc/rgb/train/092/A_cropped_rgb028.jpg,/data/datasets/PRCC/prcc/rgb/train/149/B_cropped_rgb583.jpg,0,24,0.8627936840057373,0.8652061223983765,32,25,0.9999998807907104
0,R00,hybrid_top1,10,3147,/data/datasets/PRCC/prcc/rgb/train/092/A_cropped_rgb035.jpg,/data/datasets/PRCC/prcc/rgb/train/149/B_cropped_rgb583.jpg,0,24,0.8558530807495117,0.8577916026115417,3,2,0.9999998807907104
0,R00,hybrid_top1,11,3147,/data/datasets/PRCC/prcc/rgb/train/092/A_cropped_rgb037.jpg,/data/datasets/PRCC/prcc/rgb/train/149/B_cropped_rgb583.jpg,0,24,0.8717426061630249,0.8740232586860657,2,1,0.9999998807907104
0,R00,hybrid_top1,12,3147,/data/datasets/PRCC/prcc/rgb/train/092/A_cropped_rgb040.jpg,/data/datasets/PRCC/prcc/rgb/train/149/B_cropped_rgb583.jpg,0,24,0.8689637780189514,0.8701213598251343,5,5,0.9999998807907104
0,R00,hybrid_top1,13,3147,/data/datasets/PRCC/prcc/rgb/train/092/A_cropped_rgb046.jpg,/data/datasets/PRCC/prcc/rgb/train/149/B_cropped_rgb583.jpg,0,24,0.8620395660400391,0.8662283420562744,13,6,0.9999998807907104
0,R00,hybrid_top1,14,3147,/data/datasets/PRCC/prcc/rgb/train/092/A_cropped_rgb055.jpg,/data/datasets/PRCC/prcc/rgb/train/149/B_cropped_rgb583.jpg,0,24,0.8609713315963745,0.8655070662498474,9,2,0.9999998807907104
0,R00,hybrid_top1,15,3147,/data/datasets/PRCC/prcc/rgb/train/092/A_cropped_rgb058.jpg,/data/datasets/PRCC/prcc/rgb/train/149/B_cropped_rgb583.jpg,0,24,0.8681427240371704,0.8721040487289429,10,10,0.9999998807907104
0,R00,hybrid_top1,16,3147,/data/datasets/PRCC/prcc/rgb/train/092/A_cropped_rgb067.jpg,/data/datasets/PRCC/prcc/rgb/train/149/B_cropped_rgb583.jpg,0,24,0.8713183403015137,0.8741004467010498,5,3,0.9999998807907104
0,R00,hybrid_top1,17,3147,/data/datasets/PRCC/prcc/rgb/train/092/A_cropped_rgb070.jpg,/data/datasets/PRCC/prcc/rgb/train/149/B_cropped_rgb583.jpg,0,24,0.8658122420310974,0.871259331703186,13,13,0.9999998807907104
0,R00,hybrid_top1,18,3147,/data/datasets/PRCC/prcc/rgb/train/092/A_cropped_rgb090.jpg,/data/datasets/PRCC/prcc/rgb/train/149/B_cropped_rgb583.jpg,0,24,0.8646559715270996,0.8699235320091248,6,5,0.9999998807907104
0,R00,hybrid_top1,19,4258,/data/datasets/PRCC/prcc/rgb/train/092/A_cropped_rgb154.jpg,/data/datasets/PRCC/prcc/rgb/train/164/B_cropped_rgb047.jpg,0,33,0.7450370192527771,0.7413644790649414,2704,2788,1.0000001192092896
0,R00,hybrid_top1,20,3147,/data/datasets/PRCC/prcc/rgb/train/092/A_cropped_rgb172.jpg,/data/datasets/PRCC/prcc/rgb/train/149/B_cropped_rgb583.jpg,0,24,0.8670390844345093,0.871436357498169,10,5,0.9999998807907104
0,R00,hybrid_top1,21,3147,/data/datasets/PRCC/prcc/rgb/train/092/A_cropped_rgb173.jpg,/data/datasets/PRCC/prcc/rgb/train/149/B_cropped_rgb583.jpg,0,24,0.8591310977935791,0.8625445365905762,27,23,0.9999998807907104
0,R00,hybrid_top1,22,3147,/data/datasets/PRCC/prcc/rgb/train/092/A_cropped_rgb181.jpg,/data/datasets/PRCC/prcc/rgb/train/149/B_cropped_rgb583.jpg,0,24,0.8307384848594666,0.8365833163261414,213,164,0.9999998807907104
0,R00,hybrid_top1,23,3147,/data/datasets/PRCC/prcc/rgb/train/092/A_cropped_rgb190.jpg,/data/datasets/PRCC/prcc/rgb/train/149/B_cropped_rgb583.jpg,0,24,0.8817994594573975,0.8867738246917725,7,6,0.9999998807907104
0,R00,hybrid_top1,24,3147,/data/datasets/PRCC/prcc/rgb/train/092/A_cropped_rgb193.jpg,/data/datasets/PRCC/prcc/rgb/train/149/B_cropped_rgb583.jpg,0,24,0.872421383857727,0.8756763935089111,4,3,0.9999998807907104
0,R00,hybrid_top1,25,3147,/data/datasets/PRCC/prcc/rgb/train/092/A_cropped_rgb196.jpg,/data/datasets/PRCC/prcc/rgb/train/149/B_cropped_rgb583.jpg,0,24,0.8833688497543335,0.883523166179657,2,2,0.9999998807907104
0,R00,hybrid_top1,26,3147,/data/datasets/PRCC/prcc/rgb/train/092/A_cropped_rgb199.jpg,/data/datasets/PRCC/prcc/rgb/train/149/B_cropped_rgb583.jpg,0,24,0.8956340551376343,0.8959648013114929,1,1,0.9999998807907104
0,R00,hybrid_top1,27,3147,/data/datasets/PRCC/prcc/rgb/train/092/A_cropped_rgb202.jpg,/data/datasets/PRCC/prcc/rgb/train/149/B_cropped_rgb583.jpg,0,24,0.879752516746521,0.8812641501426697,1,1,0.9999998807907104
0,R00,hybrid_top1,28,3147,/data/datasets/PRCC/prcc/rgb/train/092/A_cropped_rgb205.jpg,/data/datasets/PRCC/prcc/rgb/train/149/B_cropped_rgb583.jpg,0,24,0.881179928779602,0.8824197053909302,1,1,0.9999998807907104
0,R00,hybrid_top1,29,3147,/data/datasets/PRCC/prcc/rgb/train/092/A_cropped_rgb208.jpg,/data/datasets/PRCC/prcc/rgb/train/149/B_cropped_rgb583.jpg,0,24,0.8883233666419983,0.8894948363304138,1,1,0.9999998807907104
0,R00,hybrid_top1,30,3147,/data/datasets/PRCC/prcc/rgb/train/092/A_cropped_rgb217.jpg,/data/datasets/PRCC/prcc/rgb/train/149/B_cropped_rgb583.jpg,0,24,0.8711629509925842,0.8734050393104553,2,1,0.9999998807907104
0,R00,hybrid_top1,31,3147,/data/datasets/PRCC/prcc/rgb/train/092/A_cropped_rgb226.jpg,/data/datasets/PRCC/prcc/rgb/train/149/B_cropped_rgb583.jpg,0,24,0.878731906414032,0.8809534311294556,6,5,0.9999998807907104
0,R00,hybrid_top1,32,3147,/data/datasets/PRCC/prcc/rgb/train/092/A_cropped_rgb232.jpg,/data/datasets/PRCC/prcc/rgb/train/149/B_cropped_rgb583.jpg,0,24,0.862834632396698,0.865739107131958,14,11,0.9999998807907104
0,R00,hybrid_top1,33,11733,/data/datasets/PRCC/prcc/rgb/train/092/A_cropped_rgb238.jpg,/data/datasets/PRCC/prcc/rgb/train/253/B_cropped_rgb078.jpg,0,95,0.764846920967102,0.7689907550811768,1853,1738,1.0000001192092896
0,R00,hybrid_top1,34,7558,/data/datasets/PRCC/prcc/rgb/train/092/A_cropped_rgb361.jpg,/data/datasets/PRCC/prcc/rgb/train/206/A_cropped_rgb007.jpg,0,61,0.7210369110107422,0.7240642309188843,4514,4361,1.0
0,R00,hybrid_top1,35,3147,/data/datasets/PRCC/prcc/rgb/train/092/A_cropped_rgb364.jpg,/data/datasets/PRCC/prcc/rgb/train/149/B_cropped_rgb583.jpg,0,24,0.8407155871391296,0.8429039716720581,74,62,0.9999998807907104
0,R00,hybrid_top1,36,3147,/data/datasets/PRCC/prcc/rgb/train/092/A_cropped_rgb370.jpg,/data/datasets/PRCC/prcc/rgb/train/149/B_cropped_rgb583.jpg,0,24,0.8574243783950806,0.8604691028594971,46,40,0.9999998807907104
0,R00,hybrid_top1,37,3147,/data/datasets/PRCC/prcc/rgb/train/092/A_cropped_rgb373.jpg,/data/datasets/PRCC/prcc/rgb/train/149/B_cropped_rgb583.jpg,0,24,0.8300521373748779,0.8349413871765137,190,128,0.9999998807907104
0,R00,hybrid_top1,38,3147,/data/datasets/PRCC/prcc/rgb/train/092/A_cropped_rgb376.jpg,/data/datasets/PRCC/prcc/rgb/train/149/B_cropped_rgb583.jpg,0,24,0.8312992453575134,0.8332229852676392,108,95,0.9999998807907104
0,R00,hybrid_top1,39,3147,/data/datasets/PRCC/prcc/rgb/train/092/A_cropped_rgb415.jpg,/data/datasets/PRCC/prcc/rgb/train/149/B_cropped_rgb583.jpg,0,24,0.8714237809181213,0.8728063106536865,11,10,0.9999998807907104
0,R00,hybrid_top1,40,3147,/data/datasets/PRCC/prcc/rgb/train/092/A_cropped_rgb418.jpg,/data/datasets/PRCC/prcc/rgb/train/149/B_cropped_rgb583.jpg,0,24,0.8753643035888672,0.8765165209770203,1,1,0.9999998807907104
0,R00,hybrid_top1,41,3147,/data/datasets/PRCC/prcc/rgb/train/092/A_cropped_rgb421.jpg,/data/datasets/PRCC/prcc/rgb/train/149/B_cropped_rgb583.jpg,0,24,0.8684253692626953,0.8688133955001831,1,1,0.9999998807907104
0,R00,hybrid_top1,42,11733,/data/datasets/PRCC/prcc/rgb/train/092/A_cropped_rgb467.jpg,/data/datasets/PRCC/prcc/rgb/train/253/B_cropped_rgb078.jpg,0,95,0.7354332208633423,0.7412362098693848,2662,2424,1.0000001192092896
0,R00,hybrid_top1,43,3147,/data/datasets/PRCC/prcc/rgb/train/092/B_cropped_rgb012.jpg,/data/datasets/PRCC/prcc/rgb/train/149/B_cropped_rgb583.jpg,0,24,0.844761312007904,0.8439061641693115,163,171,0.9999998807907104
0,R00,hybrid_top1,44,3147,/data/datasets/PRCC/prcc/rgb/train/092/B_cropped_rgb024.jpg,/data/datasets/PRCC/prcc/rgb/train/149/B_cropped_rgb583.jpg,0,24,0.8420470952987671,0.8417049646377563,175,180,0.9999998807907104
0,R00,hybrid_top1,45,3147,/data/datasets/PRCC/prcc/rgb/train/092/B_cropped_rgb066.jpg,/data/datasets/PRCC/prcc/rgb/train/149/B_cropped_rgb583.jpg,0,24,0.8525289297103882,0.8538256883621216,27,28,0.9999998807907104
0,R00,hybrid_top1,46,3147,/data/datasets/PRCC/prcc/rgb/train/092/B_cropped_rgb092.jpg,/data/datasets/PRCC/prcc/rgb/train/149/B_cropped_rgb583.jpg,0,24,0.8502357006072998,0.8513203263282776,122,108,0.9999998807907104
0,R00,hybrid_top1,47,3147,/data/datasets/PRCC/prcc/rgb/train/092/B_cropped_rgb112.jpg,/data/datasets/PRCC/prcc/rgb/train/149/B_cropped_rgb583.jpg,0,24,0.8710049986839294,0.8731061220169067,10,10,0.9999998807907104
0,R00,hybrid_top1,48,3147,/data/datasets/PRCC/prcc/rgb/train/092/B_cropped_rgb115.jpg,/data/datasets/PRCC/prcc/rgb/train/149/B_cropped_rgb583.jpg,0,24,0.8655657172203064,0.8658753037452698,18,20,0.9999998807907104
0,R00,hybrid_top1,49,3147,/data/datasets/PRCC/prcc/rgb/train/092/B_cropped_rgb118.jpg,/data/datasets/PRCC/prcc/rgb/train/149/B_cropped_rgb583.jpg,0,24,0.8574441075325012,0.8594549298286438,13,10,0.9999998807907104
0,R00,hybrid_top1,50,3147,/data/datasets/PRCC/prcc/rgb/train/092/B_cropped_rgb121.jpg,/data/datasets/PRCC/prcc/rgb/train/149/B_cropped_rgb583.jpg,0,24,0.8680589199066162,0.8669605851173401,6,7,0.9999998807907104
0,R00,hybrid_top1,51,3147,/data/datasets/PRCC/prcc/rgb/train/092/B_cropped_rgb127.jpg,/data/datasets/PRCC/prcc/rgb/train/149/B_cropped_rgb583.jpg,0,24,0.8669694066047668,0.8660839796066284,7,10,0.9999998807907104
0,R00,hybrid_top1,52,3147,/data/datasets/PRCC/prcc/rgb/train/092/B_cropped_rgb133.jpg,/data/datasets/PRCC/prcc/rgb/train/149/B_cropped_rgb583.jpg,0,24,0.8845022916793823,0.8826204538345337,1,1,0.9999998807907104
0,R00,hybrid_top1,53,3147,/data/datasets/PRCC/prcc/rgb/train/092/B_cropped_rgb136.jpg,/data/datasets/PRCC/prcc/rgb/train/149/B_cropped_rgb583.jpg,0,24,0.8875927925109863,0.8871992826461792,1,1,0.9999998807907104
0,R00,hybrid_top1,54,3147,/data/datasets/PRCC/prcc/rgb/train/092/B_cropped_rgb139.jpg,/data/datasets/PRCC/prcc/rgb/train/149/B_cropped_rgb583.jpg,0,24,0.8823890686035156,0.8826133608818054,2,2,0.9999998807907104
0,R00,hybrid_top1,55,11733,/data/datasets/PRCC/prcc/rgb/train/092/B_cropped_rgb142.jpg,/data/datasets/PRCC/prcc/rgb/train/253/B_cropped_rgb078.jpg,0,95,0.7691383361816406,0.7666590809822083,1815,1823,1.0000001192092896
0,R00,hybrid_top1,56,3147,/data/datasets/PRCC/prcc/rgb/train/092/B_cropped_rgb145.jpg,/data/datasets/PRCC/prcc/rgb/train/149/B_cropped_rgb583.jpg,0,24,0.8650068044662476,0.8653920292854309,35,33,0.9999998807907104
0,R00,hybrid_top1,57,3147,/data/datasets/PRCC/prcc/rgb/train/092/B_cropped_rgb148.jpg,/data/datasets/PRCC/prcc/rgb/train/149/B_cropped_rgb583.jpg,0,24,0.8807977437973022,0.879745602607727,26,24,0.9999998807907104
0,R00,hybrid_top1,58,11733,/data/datasets/PRCC/prcc/rgb/train/092/B_cropped_rgb149.jpg,/data/datasets/PRCC/prcc/rgb/train/253/B_cropped_rgb078.jpg,0,95,0.725067138671875,0.7249765396118164,3225,3131,1.0000001192092896
0,R00,hybrid_top1,59,3147,/data/datasets/PRCC/prcc/rgb/train/092/B_cropped_rgb154.jpg,/data/datasets/PRCC/prcc/rgb/train/149/B_cropped_rgb583.jpg,0,24,0.8631644248962402,0.863246500492096,26,26,0.9999998807907104
0,R00,hybrid_top1,60,3147,/data/datasets/PRCC/prcc/rgb/train/092/B_cropped_rgb157.jpg,/data/datasets/PRCC/prcc/rgb/train/149/B_cropped_rgb583.jpg,0,24,0.8663772344589233,0.8673011660575867,25,25,0.9999998807907104
0,R00,hybrid_top1,61,3147,/data/datasets/PRCC/prcc/rgb/train/092/B_cropped_rgb163.jpg,/data/datasets/PRCC/prcc/rgb/train/149/B_cropped_rgb583.jpg,0,24,0.8790637254714966,0.8785974979400635,15,16,0.9999998807907104
0,R00,hybrid_top1,62,3147,/data/datasets/PRCC/prcc/rgb/train/092/B_cropped_rgb166.jpg,/data/datasets/PRCC/prcc/rgb/train/149/B_cropped_rgb583.jpg,0,24,0.8719784021377563,0.8724327087402344,17,16,0.9999998807907104
0,R00,hybrid_top1,63,3147,/data/datasets/PRCC/prcc/rgb/train/092/B_cropped_rgb169.jpg,/data/datasets/PRCC/prcc/rgb/train/149/B_cropped_rgb583.jpg,0,24,0.8679279685020447,0.867520272731781,15,17,0.9999998807907104
0,R00,hybrid_top1,64,3147,/data/datasets/PRCC/prcc/rgb/train/092/B_cropped_rgb172.jpg,/data/datasets/PRCC/prcc/rgb/train/149/B_cropped_rgb583.jpg,0,24,0.8855618834495544,0.8868856430053711,3,3,0.9999998807907104
0,R00,hybrid_top1,65,3147,/data/datasets/PRCC/prcc/rgb/train/092/B_cropped_rgb176.jpg,/data/datasets/PRCC/prcc/rgb/train/149/B_cropped_rgb583.jpg,0,24,0.8545767068862915,0.8583654165267944,45,32,0.9999998807907104
0,R00,hybrid_top1,66,3147,/data/datasets/PRCC/prcc/rgb/train/092/B_cropped_rgb177.jpg,/data/datasets/PRCC/prcc/rgb/train/149/B_cropped_rgb583.jpg,0,24,0.8613204956054688,0.8647660613059998,27,23,0.9999998807907104
0,R00,hybrid_top1,67,3147,/data/datasets/PRCC/prcc/rgb/train/092/B_cropped_rgb199.jpg,/data/datasets/PRCC/prcc/rgb/train/149/B_cropped_rgb583.jpg,0,24,0.8316662311553955,0.8354010581970215,92,82,0.9999998807907104
0,R00,hybrid_top1,68,3147,/data/datasets/PRCC/prcc/rgb/train/092/B_cropped_rgb206.jpg,/data/datasets/PRCC/prcc/rgb/train/149/B_cropped_rgb583.jpg,0,24,0.8532939553260803,0.8514323234558105,102,121,0.9999998807907104
0,R00,hybrid_top1,69,3147,/data/datasets/PRCC/prcc/rgb/train/092/B_cropped_rgb227.jpg,/data/datasets/PRCC/prcc/rgb/train/149/B_cropped_rgb583.jpg,0,24,0.8470101356506348,0.8481001853942871,139,139,0.9999998807907104
0,R00,hybrid_top1,70,3147,/data/datasets/PRCC/prcc/rgb/train/092/B_cropped_rgb292.jpg,/data/datasets/PRCC/prcc/rgb/train/149/B_cropped_rgb583.jpg,0,24,0.8880113363265991,0.8855575323104858,4,4,0.9999998807907104
0,R00,hybrid_top1,71,3147,/data/datasets/PRCC/prcc/rgb/train/092/B_cropped_rgb295.jpg,/data/datasets/PRCC/prcc/rgb/train/149/B_cropped_rgb583.jpg,0,24,0.890242874622345,0.8878504037857056,1,1,0.9999998807907104
0,R00,hybrid_top1,72,3147,/data/datasets/PRCC/prcc/rgb/train/092/B_cropped_rgb298.jpg,/data/datasets/PRCC/prcc/rgb/train/149/B_cropped_rgb583.jpg,0,24,0.8731338381767273,0.8720086812973022,12,13,0.9999998807907104
0,R00,hybrid_top1,73,3147,/data/datasets/PRCC/prcc/rgb/train/092/B_cropped_rgb301.jpg,/data/datasets/PRCC/prcc/rgb/train/149/B_cropped_rgb583.jpg,0,24,0.8912270069122314,0.8914355039596558,1,1,0.9999998807907104
0,R00,hybrid_top1,74,3147,/data/datasets/PRCC/prcc/rgb/train/092/B_cropped_rgb304.jpg,/data/datasets/PRCC/prcc/rgb/train/149/B_cropped_rgb583.jpg,0,24,0.8778442144393921,0.8766015768051147,1,1,0.9999998807907104
0,R00,hybrid_top1,75,3147,/data/datasets/PRCC/prcc/rgb/train/092/B_cropped_rgb307.jpg,/data/datasets/PRCC/prcc/rgb/train/149/B_cropped_rgb583.jpg,0,24,0.8774545788764954,0.8765019178390503,4,5,0.9999998807907104
0,R00,hybrid_top1,76,3147,/data/datasets/PRCC/prcc/rgb/train/092/B_cropped_rgb310.jpg,/data/datasets/PRCC/prcc/rgb/train/149/B_cropped_rgb583.jpg,0,24,0.8776702284812927,0.8775689005851746,4,5,0.9999998807907104
0,R00,hybrid_top1,77,3147,/data/datasets/PRCC/prcc/rgb/train/092/B_cropped_rgb313.jpg,/data/datasets/PRCC/prcc/rgb/train/149/B_cropped_rgb583.jpg,0,24,0.8765525817871094,0.8777635097503662,10,8,0.9999998807907104
0,R00,hybrid_top1,78,3147,/data/datasets/PRCC/prcc/rgb/train/092/B_cropped_rgb322.jpg,/data/datasets/PRCC/prcc/rgb/train/149/B_cropped_rgb583.jpg,0,24,0.8679128885269165,0.8673124313354492,14,15,0.9999998807907104
0,R00,hybrid_top1,79,11733,/data/datasets/PRCC/prcc/rgb/train/092/B_cropped_rgb328.jpg,/data/datasets/PRCC/prcc/rgb/train/253/B_cropped_rgb078.jpg,0,95,0.7371012568473816,0.7385962605476379,2453,2400,1.0000001192092896
0,R00,hybrid_top1,80,3147,/data/datasets/PRCC/prcc/rgb/train/092/B_cropped_rgb331.jpg,/data/datasets/PRCC/prcc/rgb/train/149/B_cropped_rgb583.jpg,0,24,0.8478752374649048,0.8486339449882507,35,38,0.9999998807907104
0,R00,hybrid_top1,81,3147,/data/datasets/PRCC/prcc/rgb/train/092/B_cropped_rgb334.jpg,/data/datasets/PRCC/prcc/rgb/train/149/B_cropped_rgb583.jpg,0,24,0.8589496612548828,0.8582547307014465,20,23,0.9999998807907104
0,R00,hybrid_top1,82,11733,/data/datasets/PRCC/prcc/rgb/train/092/B_cropped_rgb380.jpg,/data/datasets/PRCC/prcc/rgb/train/253/B_cropped_rgb078.jpg,0,95,0.7594800591468811,0.7552272081375122,1901,2083,1.0000001192092896
0,R00,hybrid_top1,83,3147,/data/datasets/PRCC/prcc/rgb/train/092/C_cropped_rgb001.jpg,/data/datasets/PRCC/prcc/rgb/train/149/B_cropped_rgb583.jpg,0,24,0.888335108757019,0.8879963159561157,1,1,0.9999998807907104
0,R00,hybrid_top1,84,3147,/data/datasets/PRCC/prcc/rgb/train/092/C_cropped_rgb007.jpg,/data/datasets/PRCC/prcc/rgb/train/149/B_cropped_rgb583.jpg,0,24,0.8946142792701721,0.8949835896492004,4,4,0.9999998807907104
0,R00,hybrid_top1,85,3147,/data/datasets/PRCC/prcc/rgb/train/092/C_cropped_rgb016.jpg,/data/datasets/PRCC/prcc/rgb/train/149/B_cropped_rgb583.jpg,0,24,0.8818483352661133,0.8825939893722534,1,1,0.9999998807907104
0,R00,hybrid_top1,86,3147,/data/datasets/PRCC/prcc/rgb/train/092/C_cropped_rgb019.jpg,/data/datasets/PRCC/prcc/rgb/train/149/B_cropped_rgb583.jpg,0,24,0.8774002194404602,0.8790590763092041,2,1,0.9999998807907104
0,R00,hybrid_top1,87,3147,/data/datasets/PRCC/prcc/rgb/train/092/C_cropped_rgb022.jpg,/data/datasets/PRCC/prcc/rgb/train/149/B_cropped_rgb583.jpg,0,24,0.8937908411026001,0.8938770294189453,1,1,0.9999998807907104
0,R00,hybrid_top1,88,3147,/data/datasets/PRCC/prcc/rgb/train/092/C_cropped_rgb025.jpg,/data/datasets/PRCC/prcc/rgb/train/149/B_cropped_rgb583.jpg,0,24,0.8784396648406982,0.8774483799934387,1,1,0.9999998807907104
0,R00,hybrid_top1,89,3147,/data/datasets/PRCC/prcc/rgb/train/092/C_cropped_rgb031.jpg,/data/datasets/PRCC/prcc/rgb/train/149/B_cropped_rgb583.jpg,0,24,0.8854308128356934,0.8877098560333252,6,6,0.9999998807907104
0,R00,hybrid_top1,90,3147,/data/datasets/PRCC/prcc/rgb/train/092/C_cropped_rgb034.jpg,/data/datasets/PRCC/prcc/rgb/train/149/B_cropped_rgb583.jpg,0,24,0.8913717269897461,0.8901402354240417,1,1,0.9999998807907104
0,R00,hybrid_top1,91,3147,/data/datasets/PRCC/prcc/rgb/train/092/C_cropped_rgb037.jpg,/data/datasets/PRCC/prcc/rgb/train/149/B_cropped_rgb583.jpg,0,24,0.8828698396682739,0.8826104402542114,4,2,0.9999998807907104
0,R00,hybrid_top1,92,3147,/data/datasets/PRCC/prcc/rgb/train/092/C_cropped_rgb040.jpg,/data/datasets/PRCC/prcc/rgb/train/149/B_cropped_rgb583.jpg,0,24,0.8944661617279053,0.8949891328811646,1,1,0.9999998807907104
0,R00,hybrid_top1,93,3147,/data/datasets/PRCC/prcc/rgb/train/092/C_cropped_rgb046.jpg,/data/datasets/PRCC/prcc/rgb/train/149/B_cropped_rgb583.jpg,0,24,0.8818740844726562,0.8810672163963318,1,3,0.9999998807907104
0,R00,hybrid_top1,94,3147,/data/datasets/PRCC/prcc/rgb/train/092/C_cropped_rgb049.jpg,/data/datasets/PRCC/prcc/rgb/train/149/B_cropped_rgb583.jpg,0,24,0.8830856084823608,0.8809621334075928,4,3,0.9999998807907104
0,R00,hybrid_top1,95,3147,/data/datasets/PRCC/prcc/rgb/train/092/C_cropped_rgb052.jpg,/data/datasets/PRCC/prcc/rgb/train/149/B_cropped_rgb583.jpg,0,24,0.8907240629196167,0.8889787197113037,5,5,0.9999998807907104
0,R00,hybrid_top1,96,3147,/data/datasets/PRCC/prcc/rgb/train/092/C_cropped_rgb055.jpg,/data/datasets/PRCC/prcc/rgb/train/149/B_cropped_rgb583.jpg,0,24,0.8913998603820801,0.8899266123771667,1,1,0.9999998807907104
0,R00,hybrid_top1,97,3147,/data/datasets/PRCC/prcc/rgb/train/092/C_cropped_rgb064.jpg,/data/datasets/PRCC/prcc/rgb/train/149/B_cropped_rgb583.jpg,0,24,0.8873140811920166,0.8877577781677246,10,10,0.9999998807907104
0,R00,hybrid_top1,98,3147,/data/datasets/PRCC/prcc/rgb/train/092/C_cropped_rgb067.jpg,/data/datasets/PRCC/prcc/rgb/train/149/B_cropped_rgb583.jpg,0,24,0.8883510828018188,0.8864954710006714,2,2,0.9999998807907104
0,R00,hybrid_top1,99,3147,/data/datasets/PRCC/prcc/rgb/train/092/C_cropped_rgb070.jpg,/data/datasets/PRCC/prcc/rgb/train/149/B_cropped_rgb583.jpg,0,24,0.8853549361228943,0.8841753005981445,2,3,0.9999998807907104
0,R04,semantic_top1,0,3147,/data/datasets/PRCC/prcc/rgb/train/092/A_cropped_rgb001.jpg,/data/datasets/PRCC/prcc/rgb/train/149/B_cropped_rgb583.jpg,0,24,0.875569224357605,0.7987751960754395,8,10,0.9999998807907104
0,R04,semantic_top1,1,3147,/data/datasets/PRCC/prcc/rgb/train/092/A_cropped_rgb004.jpg,/data/datasets/PRCC/prcc/rgb/train/149/B_cropped_rgb583.jpg,0,24,0.8674390316009521,0.7794356346130371,26,42,0.9999998807907104
0,R04,semantic_top1,2,3147,/data/datasets/PRCC/prcc/rgb/train/092/A_cropped_rgb007.jpg,/data/datasets/PRCC/prcc/rgb/train/149/B_cropped_rgb583.jpg,0,24,0.8648730516433716,0.7750316858291626,19,25,0.9999998807907104
0,R04,semantic_top1,3,3147,/data/datasets/PRCC/prcc/rgb/train/092/A_cropped_rgb010.jpg,/data/datasets/PRCC/prcc/rgb/train/149/B_cropped_rgb583.jpg,0,24,0.8613510727882385,0.7670304179191589,14,19,0.9999998807907104
0,R04,semantic_top1,4,3147,/data/datasets/PRCC/prcc/rgb/train/092/A_cropped_rgb013.jpg,/data/datasets/PRCC/prcc/rgb/train/149/B_cropped_rgb583.jpg,0,24,0.8575009107589722,0.7647123336791992,69,91,0.9999998807907104
0,R04,semantic_top1,5,3147,/data/datasets/PRCC/prcc/rgb/train/092/A_cropped_rgb016.jpg,/data/datasets/PRCC/prcc/rgb/train/149/B_cropped_rgb583.jpg,0,24,0.8676241636276245,0.7838002443313599,5,7,0.9999998807907104
0,R04,semantic_top1,6,3147,/data/datasets/PRCC/prcc/rgb/train/092/A_cropped_rgb019.jpg,/data/datasets/PRCC/prcc/rgb/train/149/B_cropped_rgb583.jpg,0,24,0.8824165463447571,0.8019976615905762,2,2,0.9999998807907104
0,R04,semantic_top1,7,3147,/data/datasets/PRCC/prcc/rgb/train/092/A_cropped_rgb022.jpg,/data/datasets/PRCC/prcc/rgb/train/149/B_cropped_rgb583.jpg,0,24,0.8639563322067261,0.7767974138259888,8,12,0.9999998807907104
0,R04,semantic_top1,8,3147,/data/datasets/PRCC/prcc/rgb/train/092/A_cropped_rgb025.jpg,/data/datasets/PRCC/prcc/rgb/train/149/B_cropped_rgb583.jpg,0,24,0.8786569237709045,0.7971644401550293,7,11,0.9999998807907104
0,R04,semantic_top1,9,3147,/data/datasets/PRCC/prcc/rgb/train/092/A_cropped_rgb028.jpg,/data/datasets/PRCC/prcc/rgb/train/149/B_cropped_rgb583.jpg,0,24,0.8627936840057373,0.7741489410400391,32,40,0.9999998807907104
0,R04,semantic_top1,10,3147,/data/datasets/PRCC/prcc/rgb/train/092/A_cropped_rgb035.jpg,/data/datasets/PRCC/prcc/rgb/train/149/B_cropped_rgb583.jpg,0,24,0.8558530807495117,0.759933590888977,3,7,0.9999998807907104
0,R04,semantic_top1,11,3147,/data/datasets/PRCC/prcc/rgb/train/092/A_cropped_rgb037.jpg,/data/datasets/PRCC/prcc/rgb/train/149/B_cropped_rgb583.jpg,0,24,0.8717426061630249,0.7881432771682739,2,2,0.9999998807907104
0,R04,semantic_top1,12,3147,/data/datasets/PRCC/prcc/rgb/train/092/A_cropped_rgb040.jpg,/data/datasets/PRCC/prcc/rgb/train/149/B_cropped_rgb583.jpg,0,24,0.8689637780189514,0.7855380773544312,5,8,0.9999998807907104
0,R04,semantic_top1,13,3147,/data/datasets/PRCC/prcc/rgb/train/092/A_cropped_rgb046.jpg,/data/datasets/PRCC/prcc/rgb/train/149/B_cropped_rgb583.jpg,0,24,0.8620395660400391,0.7680816650390625,13,18,0.9999998807907104
0,R04,semantic_top1,14,3147,/data/datasets/PRCC/prcc/rgb/train/092/A_cropped_rgb055.jpg,/data/datasets/PRCC/prcc/rgb/train/149/B_cropped_rgb583.jpg,0,24,0.8609713315963745,0.7660406231880188,9,18,0.9999998807907104
0,R04,semantic_top1,15,3147,/data/datasets/PRCC/prcc/rgb/train/092/A_cropped_rgb058.jpg,/data/datasets/PRCC/prcc/rgb/train/149/B_cropped_rgb583.jpg,0,24,0.8681427240371704,0.7851076126098633,10,11,0.9999998807907104
0,R04,semantic_top1,16,3147,/data/datasets/PRCC/prcc/rgb/train/092/A_cropped_rgb067.jpg,/data/datasets/PRCC/prcc/rgb/train/149/B_cropped_rgb583.jpg,0,24,0.8713183403015137,0.782078742980957,5,5,0.9999998807907104
0,R04,semantic_top1,17,3147,/data/datasets/PRCC/prcc/rgb/train/092/A_cropped_rgb070.jpg,/data/datasets/PRCC/prcc/rgb/train/149/B_cropped_rgb583.jpg,0,24,0.8658122420310974,0.7745456695556641,13,16,0.9999998807907104
0,R04,semantic_top1,18,3147,/data/datasets/PRCC/prcc/rgb/train/092/A_cropped_rgb090.jpg,/data/datasets/PRCC/prcc/rgb/train/149/B_cropped_rgb583.jpg,0,24,0.8646559715270996,0.7796630859375,6,5,0.9999998807907104
0,R04,semantic_top1,19,4258,/data/datasets/PRCC/prcc/rgb/train/092/A_cropped_rgb154.jpg,/data/datasets/PRCC/prcc/rgb/train/164/B_cropped_rgb047.jpg,0,33,0.7450370192527771,0.5935105085372925,2704,2838,1.0000001192092896
0,R04,semantic_top1,20,3147,/data/datasets/PRCC/prcc/rgb/train/092/A_cropped_rgb172.jpg,/data/datasets/PRCC/prcc/rgb/train/149/B_cropped_rgb583.jpg,0,24,0.8670390844345093,0.7776027917861938,10,14,0.9999998807907104
0,R04,semantic_top1,21,3147,/data/datasets/PRCC/prcc/rgb/train/092/A_cropped_rgb173.jpg,/data/datasets/PRCC/prcc/rgb/train/149/B_cropped_rgb583.jpg,0,24,0.8591310977935791,0.7669252157211304,27,31,0.9999998807907104
0,R04,semantic_top1,22,3147,/data/datasets/PRCC/prcc/rgb/train/092/A_cropped_rgb181.jpg,/data/datasets/PRCC/prcc/rgb/train/149/B_cropped_rgb583.jpg,0,24,0.8307384848594666,0.7159795761108398,213,352,0.9999998807907104
0,R04,semantic_top1,23,3147,/data/datasets/PRCC/prcc/rgb/train/092/A_cropped_rgb190.jpg,/data/datasets/PRCC/prcc/rgb/train/149/B_cropped_rgb583.jpg,0,24,0.8817994594573975,0.8051722049713135,7,10,0.9999998807907104
0,R04,semantic_top1,24,3147,/data/datasets/PRCC/prcc/rgb/train/092/A_cropped_rgb193.jpg,/data/datasets/PRCC/prcc/rgb/train/149/B_cropped_rgb583.jpg,0,24,0.872421383857727,0.7822325229644775,4,16,0.9999998807907104
0,R04,semantic_top1,25,3147,/data/datasets/PRCC/prcc/rgb/train/092/A_cropped_rgb196.jpg,/data/datasets/PRCC/prcc/rgb/train/149/B_cropped_rgb583.jpg,0,24,0.8833688497543335,0.8042978048324585,2,2,0.9999998807907104
0,R04,semantic_top1,26,3147,/data/datasets/PRCC/prcc/rgb/train/092/A_cropped_rgb199.jpg,/data/datasets/PRCC/prcc/rgb/train/149/B_cropped_rgb583.jpg,0,24,0.8956340551376343,0.8248463869094849,1,1,0.9999998807907104
0,R04,semantic_top1,27,3147,/data/datasets/PRCC/prcc/rgb/train/092/A_cropped_rgb202.jpg,/data/datasets/PRCC/prcc/rgb/train/149/B_cropped_rgb583.jpg,0,24,0.879752516746521,0.8042316436767578,1,1,0.9999998807907104
0,R04,semantic_top1,28,3147,/data/datasets/PRCC/prcc/rgb/train/092/A_cropped_rgb205.jpg,/data/datasets/PRCC/prcc/rgb/train/149/B_cropped_rgb583.jpg,0,24,0.881179928779602,0.8098583221435547,1,1,0.9999998807907104
0,R04,semantic_top1,29,3147,/data/datasets/PRCC/prcc/rgb/train/092/A_cropped_rgb208.jpg,/data/datasets/PRCC/prcc/rgb/train/149/B_cropped_rgb583.jpg,0,24,0.8883233666419983,0.823502779006958,1,1,0.9999998807907104
0,R04,semantic_top1,30,3147,/data/datasets/PRCC/prcc/rgb/train/092/A_cropped_rgb217.jpg,/data/datasets/PRCC/prcc/rgb/train/149/B_cropped_rgb583.jpg,0,24,0.8711629509925842,0.7767806053161621,2,2,0.9999998807907104
0,R04,semantic_top1,31,3147,/data/datasets/PRCC/prcc/rgb/train/092/A_cropped_rgb226.jpg,/data/datasets/PRCC/prcc/rgb/train/149/B_cropped_rgb583.jpg,0,24,0.878731906414032,0.8053731918334961,6,6,0.9999998807907104
0,R04,semantic_top1,32,3147,/data/datasets/PRCC/prcc/rgb/train/092/A_cropped_rgb232.jpg,/data/datasets/PRCC/prcc/rgb/train/149/B_cropped_rgb583.jpg,0,24,0.862834632396698,0.772853672504425,14,21,0.9999998807907104
0,R04,semantic_top1,33,11733,/data/datasets/PRCC/prcc/rgb/train/092/A_cropped_rgb238.jpg,/data/datasets/PRCC/prcc/rgb/train/253/B_cropped_rgb078.jpg,0,95,0.764846920967102,0.6317564845085144,1853,1698,1.0000001192092896
0,R04,semantic_top1,34,7558,/data/datasets/PRCC/prcc/rgb/train/092/A_cropped_rgb361.jpg,/data/datasets/PRCC/prcc/rgb/train/206/A_cropped_rgb007.jpg,0,61,0.7210369110107422,0.5731674432754517,4514,3963,1.0
0,R04,semantic_top1,35,3147,/data/datasets/PRCC/prcc/rgb/train/092/A_cropped_rgb364.jpg,/data/datasets/PRCC/prcc/rgb/train/149/B_cropped_rgb583.jpg,0,24,0.8407155871391296,0.7307189702987671,74,114,0.9999998807907104
0,R04,semantic_top1,36,3147,/data/datasets/PRCC/prcc/rgb/train/092/A_cropped_rgb370.jpg,/data/datasets/PRCC/prcc/rgb/train/149/B_cropped_rgb583.jpg,0,24,0.8574243783950806,0.7691596746444702,46,59,0.9999998807907104
0,R04,semantic_top1,37,3147,/data/datasets/PRCC/prcc/rgb/train/092/A_cropped_rgb373.jpg,/data/datasets/PRCC/prcc/rgb/train/149/B_cropped_rgb583.jpg,0,24,0.8300521373748779,0.7188796997070312,190,273,0.9999998807907104
0,R04,semantic_top1,38,3147,/data/datasets/PRCC/prcc/rgb/train/092/A_cropped_rgb376.jpg,/data/datasets/PRCC/prcc/rgb/train/149/B_cropped_rgb583.jpg,0,24,0.8312992453575134,0.7182184457778931,108,185,0.9999998807907104
0,R04,semantic_top1,39,3147,/data/datasets/PRCC/prcc/rgb/train/092/A_cropped_rgb415.jpg,/data/datasets/PRCC/prcc/rgb/train/149/B_cropped_rgb583.jpg,0,24,0.8714237809181213,0.7894683480262756,11,22,0.9999998807907104
0,R04,semantic_top1,40,3147,/data/datasets/PRCC/prcc/rgb/train/092/A_cropped_rgb418.jpg,/data/datasets/PRCC/prcc/rgb/train/149/B_cropped_rgb583.jpg,0,24,0.8753643035888672,0.8003284931182861,1,1,0.9999998807907104
0,R04,semantic_top1,41,3147,/data/datasets/PRCC/prcc/rgb/train/092/A_cropped_rgb421.jpg,/data/datasets/PRCC/prcc/rgb/train/149/B_cropped_rgb583.jpg,0,24,0.8684253692626953,0.7863565683364868,1,1,0.9999998807907104
0,R04,semantic_top1,42,11733,/data/datasets/PRCC/prcc/rgb/train/092/A_cropped_rgb467.jpg,/data/datasets/PRCC/prcc/rgb/train/253/B_cropped_rgb078.jpg,0,95,0.7354332208633423,0.5935653448104858,2662,2464,1.0000001192092896
0,R04,semantic_top1,43,3147,/data/datasets/PRCC/prcc/rgb/train/092/B_cropped_rgb012.jpg,/data/datasets/PRCC/prcc/rgb/train/149/B_cropped_rgb583.jpg,0,24,0.844761312007904,0.7460079789161682,163,219,0.9999998807907104
0,R04,semantic_top1,44,3147,/data/datasets/PRCC/prcc/rgb/train/092/B_cropped_rgb024.jpg,/data/datasets/PRCC/prcc/rgb/train/149/B_cropped_rgb583.jpg,0,24,0.8420470952987671,0.7463505268096924,175,216,0.9999998807907104
0,R04,semantic_top1,45,3147,/data/datasets/PRCC/prcc/rgb/train/092/B_cropped_rgb066.jpg,/data/datasets/PRCC/prcc/rgb/train/149/B_cropped_rgb583.jpg,0,24,0.8525289297103882,0.7537636160850525,27,39,0.9999998807907104
0,R04,semantic_top1,46,3147,/data/datasets/PRCC/prcc/rgb/train/092/B_cropped_rgb092.jpg,/data/datasets/PRCC/prcc/rgb/train/149/B_cropped_rgb583.jpg,0,24,0.8502357006072998,0.7464627027511597,122,172,0.9999998807907104
0,R04,semantic_top1,47,3147,/data/datasets/PRCC/prcc/rgb/train/092/B_cropped_rgb112.jpg,/data/datasets/PRCC/prcc/rgb/train/149/B_cropped_rgb583.jpg,0,24,0.8710049986839294,0.7766823172569275,10,20,0.9999998807907104
0,R04,semantic_top1,48,3147,/data/datasets/PRCC/prcc/rgb/train/092/B_cropped_rgb115.jpg,/data/datasets/PRCC/prcc/rgb/train/149/B_cropped_rgb583.jpg,0,24,0.8655657172203064,0.7703583240509033,18,43,0.9999998807907104
0,R04,semantic_top1,49,3147,/data/datasets/PRCC/prcc/rgb/train/092/B_cropped_rgb118.jpg,/data/datasets/PRCC/prcc/rgb/train/149/B_cropped_rgb583.jpg,0,24,0.8574441075325012,0.7575623393058777,13,29,0.9999998807907104
0,R04,semantic_top1,50,3147,/data/datasets/PRCC/prcc/rgb/train/092/B_cropped_rgb121.jpg,/data/datasets/PRCC/prcc/rgb/train/149/B_cropped_rgb583.jpg,0,24,0.8680589199066162,0.7703096866607666,6,21,0.9999998807907104
0,R04,semantic_top1,51,3147,/data/datasets/PRCC/prcc/rgb/train/092/B_cropped_rgb127.jpg,/data/datasets/PRCC/prcc/rgb/train/149/B_cropped_rgb583.jpg,0,24,0.8669694066047668,0.7734389305114746,7,12,0.9999998807907104
0,R04,semantic_top1,52,3147,/data/datasets/PRCC/prcc/rgb/train/092/B_cropped_rgb133.jpg,/data/datasets/PRCC/prcc/rgb/train/149/B_cropped_rgb583.jpg,0,24,0.8845022916793823,0.8002605438232422,1,2,0.9999998807907104
0,R04,semantic_top1,53,3147,/data/datasets/PRCC/prcc/rgb/train/092/B_cropped_rgb136.jpg,/data/datasets/PRCC/prcc/rgb/train/149/B_cropped_rgb583.jpg,0,24,0.8875927925109863,0.8073562383651733,1,1,0.9999998807907104
0,R04,semantic_top1,54,3147,/data/datasets/PRCC/prcc/rgb/train/092/B_cropped_rgb139.jpg,/data/datasets/PRCC/prcc/rgb/train/149/B_cropped_rgb583.jpg,0,24,0.8823890686035156,0.7962863445281982,2,2,0.9999998807907104
0,R04,semantic_top1,55,11733,/data/datasets/PRCC/prcc/rgb/train/092/B_cropped_rgb142.jpg,/data/datasets/PRCC/prcc/rgb/train/253/B_cropped_rgb078.jpg,0,95,0.7691383361816406,0.6317530870437622,1815,1838,1.0000001192092896
0,R04,semantic_top1,56,3147,/data/datasets/PRCC/prcc/rgb/train/092/B_cropped_rgb145.jpg,/data/datasets/PRCC/prcc/rgb/train/149/B_cropped_rgb583.jpg,0,24,0.8650068044662476,0.7663875818252563,35,63,0.9999998807907104
0,R04,semantic_top1,57,3147,/data/datasets/PRCC/prcc/rgb/train/092/B_cropped_rgb148.jpg,/data/datasets/PRCC/prcc/rgb/train/149/B_cropped_rgb583.jpg,0,24,0.8807977437973022,0.7930330038070679,26,31,0.9999998807907104
0,R04,semantic_top1,58,11733,/data/datasets/PRCC/prcc/rgb/train/092/B_cropped_rgb149.jpg,/data/datasets/PRCC/prcc/rgb/train/253/B_cropped_rgb078.jpg,0,95,0.725067138671875,0.5720242261886597,3225,3185,1.0000001192092896
0,R04,semantic_top1,59,3147,/data/datasets/PRCC/prcc/rgb/train/092/B_cropped_rgb154.jpg,/data/datasets/PRCC/prcc/rgb/train/149/B_cropped_rgb583.jpg,0,24,0.8631644248962402,0.7686816453933716,26,33,0.9999998807907104
0,R04,semantic_top1,60,3147,/data/datasets/PRCC/prcc/rgb/train/092/B_cropped_rgb157.jpg,/data/datasets/PRCC/prcc/rgb/train/149/B_cropped_rgb583.jpg,0,24,0.8663772344589233,0.7787622809410095,25,28,0.9999998807907104
0,R04,semantic_top1,61,3147,/data/datasets/PRCC/prcc/rgb/train/092/B_cropped_rgb163.jpg,/data/datasets/PRCC/prcc/rgb/train/149/B_cropped_rgb583.jpg,0,24,0.8790637254714966,0.7964668273925781,15,25,0.9999998807907104
0,R04,semantic_top1,62,3147,/data/datasets/PRCC/prcc/rgb/train/092/B_cropped_rgb166.jpg,/data/datasets/PRCC/prcc/rgb/train/149/B_cropped_rgb583.jpg,0,24,0.8719784021377563,0.7854085564613342,17,20,0.9999998807907104
0,R04,semantic_top1,63,3147,/data/datasets/PRCC/prcc/rgb/train/092/B_cropped_rgb169.jpg,/data/datasets/PRCC/prcc/rgb/train/149/B_cropped_rgb583.jpg,0,24,0.8679279685020447,0.771943211555481,15,18,0.9999998807907104
0,R04,semantic_top1,64,3147,/data/datasets/PRCC/prcc/rgb/train/092/B_cropped_rgb172.jpg,/data/datasets/PRCC/prcc/rgb/train/149/B_cropped_rgb583.jpg,0,24,0.8855618834495544,0.7994377613067627,3,5,0.9999998807907104
0,R04,semantic_top1,65,3147,/data/datasets/PRCC/prcc/rgb/train/092/B_cropped_rgb176.jpg,/data/datasets/PRCC/prcc/rgb/train/149/B_cropped_rgb583.jpg,0,24,0.8545767068862915,0.7552531361579895,45,56,0.9999998807907104
0,R04,semantic_top1,66,3147,/data/datasets/PRCC/prcc/rgb/train/092/B_cropped_rgb177.jpg,/data/datasets/PRCC/prcc/rgb/train/149/B_cropped_rgb583.jpg,0,24,0.8613204956054688,0.7669007778167725,27,34,0.9999998807907104
0,R04,semantic_top1,67,3147,/data/datasets/PRCC/prcc/rgb/train/092/B_cropped_rgb199.jpg,/data/datasets/PRCC/prcc/rgb/train/149/B_cropped_rgb583.jpg,0,24,0.8316662311553955,0.7335432767868042,92,100,0.9999998807907104
0,R04,semantic_top1,68,3147,/data/datasets/PRCC/prcc/rgb/train/092/B_cropped_rgb206.jpg,/data/datasets/PRCC/prcc/rgb/train/149/B_cropped_rgb583.jpg,0,24,0.8532939553260803,0.7555919885635376,102,135,0.9999998807907104
0,R04,semantic_top1,69,3147,/data/datasets/PRCC/prcc/rgb/train/092/B_cropped_rgb227.jpg,/data/datasets/PRCC/prcc/rgb/train/149/B_cropped_rgb583.jpg,0,24,0.8470101356506348,0.7474780082702637,139,180,0.9999998807907104
0,R04,semantic_top1,70,3147,/data/datasets/PRCC/prcc/rgb/train/092/B_cropped_rgb292.jpg,/data/datasets/PRCC/prcc/rgb/train/149/B_cropped_rgb583.jpg,0,24,0.8880113363265991,0.8070183396339417,4,5,0.9999998807907104
0,R04,semantic_top1,71,3147,/data/datasets/PRCC/prcc/rgb/train/092/B_cropped_rgb295.jpg,/data/datasets/PRCC/prcc/rgb/train/149/B_cropped_rgb583.jpg,0,24,0.890242874622345,0.8131409883499146,1,2,0.9999998807907104
0,R04,semantic_top1,72,3147,/data/datasets/PRCC/prcc/rgb/train/092/B_cropped_rgb298.jpg,/data/datasets/PRCC/prcc/rgb/train/149/B_cropped_rgb583.jpg,0,24,0.8731338381767273,0.7901145815849304,12,13,0.9999998807907104
0,R04,semantic_top1,73,3147,/data/datasets/PRCC/prcc/rgb/train/092/B_cropped_rgb301.jpg,/data/datasets/PRCC/prcc/rgb/train/149/B_cropped_rgb583.jpg,0,24,0.8912270069122314,0.8173992037773132,1,2,0.9999998807907104
0,R04,semantic_top1,74,3147,/data/datasets/PRCC/prcc/rgb/train/092/B_cropped_rgb304.jpg,/data/datasets/PRCC/prcc/rgb/train/149/B_cropped_rgb583.jpg,0,24,0.8778442144393921,0.7916920185089111,1,5,0.9999998807907104
0,R04,semantic_top1,75,3147,/data/datasets/PRCC/prcc/rgb/train/092/B_cropped_rgb307.jpg,/data/datasets/PRCC/prcc/rgb/train/149/B_cropped_rgb583.jpg,0,24,0.8774545788764954,0.7908902764320374,4,7,0.9999998807907104
0,R04,semantic_top1,76,3147,/data/datasets/PRCC/prcc/rgb/train/092/B_cropped_rgb310.jpg,/data/datasets/PRCC/prcc/rgb/train/149/B_cropped_rgb583.jpg,0,24,0.8776702284812927,0.7895317077636719,4,7,0.9999998807907104
0,R04,semantic_top1,77,3147,/data/datasets/PRCC/prcc/rgb/train/092/B_cropped_rgb313.jpg,/data/datasets/PRCC/prcc/rgb/train/149/B_cropped_rgb583.jpg,0,24,0.8765525817871094,0.790274441242218,10,10,0.9999998807907104
0,R04,semantic_top1,78,3147,/data/datasets/PRCC/prcc/rgb/train/092/B_cropped_rgb322.jpg,/data/datasets/PRCC/prcc/rgb/train/149/B_cropped_rgb583.jpg,0,24,0.8679128885269165,0.7780888080596924,14,23,0.9999998807907104
0,R04,semantic_top1,79,11733,/data/datasets/PRCC/prcc/rgb/train/092/B_cropped_rgb328.jpg,/data/datasets/PRCC/prcc/rgb/train/253/B_cropped_rgb078.jpg,0,95,0.7371012568473816,0.5881706476211548,2453,2526,1.0000001192092896
0,R04,semantic_top1,80,3147,/data/datasets/PRCC/prcc/rgb/train/092/B_cropped_rgb331.jpg,/data/datasets/PRCC/prcc/rgb/train/149/B_cropped_rgb583.jpg,0,24,0.8478752374649048,0.7457749247550964,35,46,0.9999998807907104
0,R04,semantic_top1,81,3147,/data/datasets/PRCC/prcc/rgb/train/092/B_cropped_rgb334.jpg,/data/datasets/PRCC/prcc/rgb/train/149/B_cropped_rgb583.jpg,0,24,0.8589496612548828,0.760895848274231,20,35,0.9999998807907104
0,R04,semantic_top1,82,11733,/data/datasets/PRCC/prcc/rgb/train/092/B_cropped_rgb380.jpg,/data/datasets/PRCC/prcc/rgb/train/253/B_cropped_rgb078.jpg,0,95,0.7594800591468811,0.6249126195907593,1901,1964,1.0000001192092896
0,R04,semantic_top1,83,3147,/data/datasets/PRCC/prcc/rgb/train/092/C_cropped_rgb001.jpg,/data/datasets/PRCC/prcc/rgb/train/149/B_cropped_rgb583.jpg,0,24,0.888335108757019,0.8133493065834045,1,2,0.9999998807907104
0,R04,semantic_top1,84,3147,/data/datasets/PRCC/prcc/rgb/train/092/C_cropped_rgb007.jpg,/data/datasets/PRCC/prcc/rgb/train/149/B_cropped_rgb583.jpg,0,24,0.8946142792701721,0.8193210363388062,4,6,0.9999998807907104
0,R04,semantic_top1,85,3147,/data/datasets/PRCC/prcc/rgb/train/092/C_cropped_rgb016.jpg,/data/datasets/PRCC/prcc/rgb/train/149/B_cropped_rgb583.jpg,0,24,0.8818483352661133,0.8022920489311218,1,1,0.9999998807907104
0,R04,semantic_top1,86,3147,/data/datasets/PRCC/prcc/rgb/train/092/C_cropped_rgb019.jpg,/data/datasets/PRCC/prcc/rgb/train/149/B_cropped_rgb583.jpg,0,24,0.8774002194404602,0.7907372713088989,2,4,0.9999998807907104
0,R04,semantic_top1,87,3147,/data/datasets/PRCC/prcc/rgb/train/092/C_cropped_rgb022.jpg,/data/datasets/PRCC/prcc/rgb/train/149/B_cropped_rgb583.jpg,0,24,0.8937908411026001,0.8185790777206421,1,1,0.9999998807907104
0,R04,semantic_top1,88,3147,/data/datasets/PRCC/prcc/rgb/train/092/C_cropped_rgb025.jpg,/data/datasets/PRCC/prcc/rgb/train/149/B_cropped_rgb583.jpg,0,24,0.8784396648406982,0.7950583696365356,1,2,0.9999998807907104
0,R04,semantic_top1,89,3147,/data/datasets/PRCC/prcc/rgb/train/092/C_cropped_rgb031.jpg,/data/datasets/PRCC/prcc/rgb/train/149/B_cropped_rgb583.jpg,0,24,0.8854308128356934,0.8079891204833984,6,7,0.9999998807907104
0,R04,semantic_top1,90,3147,/data/datasets/PRCC/prcc/rgb/train/092/C_cropped_rgb034.jpg,/data/datasets/PRCC/prcc/rgb/train/149/B_cropped_rgb583.jpg,0,24,0.8913717269897461,0.8173362612724304,1,2,0.9999998807907104
0,R04,semantic_top1,91,3147,/data/datasets/PRCC/prcc/rgb/train/092/C_cropped_rgb037.jpg,/data/datasets/PRCC/prcc/rgb/train/149/B_cropped_rgb583.jpg,0,24,0.8828698396682739,0.8060030937194824,4,3,0.9999998807907104
0,R04,semantic_top1,92,3147,/data/datasets/PRCC/prcc/rgb/train/092/C_cropped_rgb040.jpg,/data/datasets/PRCC/prcc/rgb/train/149/B_cropped_rgb583.jpg,0,24,0.8944661617279053,0.8269520998001099,1,1,0.9999998807907104
0,R04,semantic_top1,93,3147,/data/datasets/PRCC/prcc/rgb/train/092/C_cropped_rgb046.jpg,/data/datasets/PRCC/prcc/rgb/train/149/B_cropped_rgb583.jpg,0,24,0.8818740844726562,0.7993632555007935,1,4,0.9999998807907104
0,R04,semantic_top1,94,3147,/data/datasets/PRCC/prcc/rgb/train/092/C_cropped_rgb049.jpg,/data/datasets/PRCC/prcc/rgb/train/149/B_cropped_rgb583.jpg,0,24,0.8830856084823608,0.8056436777114868,4,7,0.9999998807907104
0,R04,semantic_top1,95,3147,/data/datasets/PRCC/prcc/rgb/train/092/C_cropped_rgb052.jpg,/data/datasets/PRCC/prcc/rgb/train/149/B_cropped_rgb583.jpg,0,24,0.8907240629196167,0.8126542568206787,5,9,0.9999998807907104
0,R04,semantic_top1,96,3147,/data/datasets/PRCC/prcc/rgb/train/092/C_cropped_rgb055.jpg,/data/datasets/PRCC/prcc/rgb/train/149/B_cropped_rgb583.jpg,0,24,0.8913998603820801,0.8194504380226135,1,1,0.9999998807907104
0,R04,semantic_top1,97,3147,/data/datasets/PRCC/prcc/rgb/train/092/C_cropped_rgb064.jpg,/data/datasets/PRCC/prcc/rgb/train/149/B_cropped_rgb583.jpg,0,24,0.8873140811920166,0.8098616600036621,10,18,0.9999998807907104
0,R04,semantic_top1,98,3147,/data/datasets/PRCC/prcc/rgb/train/092/C_cropped_rgb067.jpg,/data/datasets/PRCC/prcc/rgb/train/149/B_cropped_rgb583.jpg,0,24,0.8883510828018188,0.8106770515441895,2,4,0.9999998807907104
0,R04,semantic_top1,99,3147,/data/datasets/PRCC/prcc/rgb/train/092/C_cropped_rgb070.jpg,/data/datasets/PRCC/prcc/rgb/train/149/B_cropped_rgb583.jpg,0,24,0.8853549361228943,0.8087573051452637,2,5,0.9999998807907104
0,R04,hybrid_top1,0,3147,/data/datasets/PRCC/prcc/rgb/train/092/A_cropped_rgb001.jpg,/data/datasets/PRCC/prcc/rgb/train/149/B_cropped_rgb583.jpg,0,24,0.875569224357605,0.7987751960754395,8,10,0.9999998807907104
0,R04,hybrid_top1,1,3147,/data/datasets/PRCC/prcc/rgb/train/092/A_cropped_rgb004.jpg,/data/datasets/PRCC/prcc/rgb/train/149/B_cropped_rgb583.jpg,0,24,0.8674390316009521,0.7794356346130371,26,42,0.9999998807907104
0,R04,hybrid_top1,2,3147,/data/datasets/PRCC/prcc/rgb/train/092/A_cropped_rgb007.jpg,/data/datasets/PRCC/prcc/rgb/train/149/B_cropped_rgb583.jpg,0,24,0.8648730516433716,0.7750316858291626,19,25,0.9999998807907104
0,R04,hybrid_top1,3,3147,/data/datasets/PRCC/prcc/rgb/train/092/A_cropped_rgb010.jpg,/data/datasets/PRCC/prcc/rgb/train/149/B_cropped_rgb583.jpg,0,24,0.8613510727882385,0.7670304179191589,14,19,0.9999998807907104
0,R04,hybrid_top1,4,3147,/data/datasets/PRCC/prcc/rgb/train/092/A_cropped_rgb013.jpg,/data/datasets/PRCC/prcc/rgb/train/149/B_cropped_rgb583.jpg,0,24,0.8575009107589722,0.7647123336791992,69,91,0.9999998807907104
0,R04,hybrid_top1,5,3147,/data/datasets/PRCC/prcc/rgb/train/092/A_cropped_rgb016.jpg,/data/datasets/PRCC/prcc/rgb/train/149/B_cropped_rgb583.jpg,0,24,0.8676241636276245,0.7838002443313599,5,7,0.9999998807907104
0,R04,hybrid_top1,6,3147,/data/datasets/PRCC/prcc/rgb/train/092/A_cropped_rgb019.jpg,/data/datasets/PRCC/prcc/rgb/train/149/B_cropped_rgb583.jpg,0,24,0.8824165463447571,0.8019976615905762,2,2,0.9999998807907104
0,R04,hybrid_top1,7,3147,/data/datasets/PRCC/prcc/rgb/train/092/A_cropped_rgb022.jpg,/data/datasets/PRCC/prcc/rgb/train/149/B_cropped_rgb583.jpg,0,24,0.8639563322067261,0.7767974138259888,8,12,0.9999998807907104
0,R04,hybrid_top1,8,3147,/data/datasets/PRCC/prcc/rgb/train/092/A_cropped_rgb025.jpg,/data/datasets/PRCC/prcc/rgb/train/149/B_cropped_rgb583.jpg,0,24,0.8786569237709045,0.7971644401550293,7,11,0.9999998807907104
0,R04,hybrid_top1,9,3147,/data/datasets/PRCC/prcc/rgb/train/092/A_cropped_rgb028.jpg,/data/datasets/PRCC/prcc/rgb/train/149/B_cropped_rgb583.jpg,0,24,0.8627936840057373,0.7741489410400391,32,40,0.9999998807907104
0,R04,hybrid_top1,10,3147,/data/datasets/PRCC/prcc/rgb/train/092/A_cropped_rgb035.jpg,/data/datasets/PRCC/prcc/rgb/train/149/B_cropped_rgb583.jpg,0,24,0.8558530807495117,0.759933590888977,3,7,0.9999998807907104
0,R04,hybrid_top1,11,3147,/data/datasets/PRCC/prcc/rgb/train/092/A_cropped_rgb037.jpg,/data/datasets/PRCC/prcc/rgb/train/149/B_cropped_rgb583.jpg,0,24,0.8717426061630249,0.7881432771682739,2,2,0.9999998807907104
0,R04,hybrid_top1,12,3147,/data/datasets/PRCC/prcc/rgb/train/092/A_cropped_rgb040.jpg,/data/datasets/PRCC/prcc/rgb/train/149/B_cropped_rgb583.jpg,0,24,0.8689637780189514,0.7855380773544312,5,8,0.9999998807907104
0,R04,hybrid_top1,13,3147,/data/datasets/PRCC/prcc/rgb/train/092/A_cropped_rgb046.jpg,/data/datasets/PRCC/prcc/rgb/train/149/B_cropped_rgb583.jpg,0,24,0.8620395660400391,0.7680816650390625,13,18,0.9999998807907104
0,R04,hybrid_top1,14,3147,/data/datasets/PRCC/prcc/rgb/train/092/A_cropped_rgb055.jpg,/data/datasets/PRCC/prcc/rgb/train/149/B_cropped_rgb583.jpg,0,24,0.8609713315963745,0.7660406231880188,9,18,0.9999998807907104
0,R04,hybrid_top1,15,3147,/data/datasets/PRCC/prcc/rgb/train/092/A_cropped_rgb058.jpg,/data/datasets/PRCC/prcc/rgb/train/149/B_cropped_rgb583.jpg,0,24,0.8681427240371704,0.7851076126098633,10,11,0.9999998807907104
0,R04,hybrid_top1,16,3147,/data/datasets/PRCC/prcc/rgb/train/092/A_cropped_rgb067.jpg,/data/datasets/PRCC/prcc/rgb/train/149/B_cropped_rgb583.jpg,0,24,0.8713183403015137,0.782078742980957,5,5,0.9999998807907104
0,R04,hybrid_top1,17,3147,/data/datasets/PRCC/prcc/rgb/train/092/A_cropped_rgb070.jpg,/data/datasets/PRCC/prcc/rgb/train/149/B_cropped_rgb583.jpg,0,24,0.8658122420310974,0.7745456695556641,13,16,0.9999998807907104
0,R04,hybrid_top1,18,3147,/data/datasets/PRCC/prcc/rgb/train/092/A_cropped_rgb090.jpg,/data/datasets/PRCC/prcc/rgb/train/149/B_cropped_rgb583.jpg,0,24,0.8646559715270996,0.7796630859375,6,5,0.9999998807907104
0,R04,hybrid_top1,19,4258,/data/datasets/PRCC/prcc/rgb/train/092/A_cropped_rgb154.jpg,/data/datasets/PRCC/prcc/rgb/train/164/B_cropped_rgb047.jpg,0,33,0.7450370192527771,0.5935105085372925,2704,2838,1.0000001192092896
0,R04,hybrid_top1,20,3147,/data/datasets/PRCC/prcc/rgb/train/092/A_cropped_rgb172.jpg,/data/datasets/PRCC/prcc/rgb/train/149/B_cropped_rgb583.jpg,0,24,0.8670390844345093,0.7776027917861938,10,14,0.9999998807907104
0,R04,hybrid_top1,21,3147,/data/datasets/PRCC/prcc/rgb/train/092/A_cropped_rgb173.jpg,/data/datasets/PRCC/prcc/rgb/train/149/B_cropped_rgb583.jpg,0,24,0.8591310977935791,0.7669252157211304,27,31,0.9999998807907104
0,R04,hybrid_top1,22,3147,/data/datasets/PRCC/prcc/rgb/train/092/A_cropped_rgb181.jpg,/data/datasets/PRCC/prcc/rgb/train/149/B_cropped_rgb583.jpg,0,24,0.8307384848594666,0.7159795761108398,213,352,0.9999998807907104
0,R04,hybrid_top1,23,3147,/data/datasets/PRCC/prcc/rgb/train/092/A_cropped_rgb190.jpg,/data/datasets/PRCC/prcc/rgb/train/149/B_cropped_rgb583.jpg,0,24,0.8817994594573975,0.8051722049713135,7,10,0.9999998807907104
0,R04,hybrid_top1,24,3147,/data/datasets/PRCC/prcc/rgb/train/092/A_cropped_rgb193.jpg,/data/datasets/PRCC/prcc/rgb/train/149/B_cropped_rgb583.jpg,0,24,0.872421383857727,0.7822325229644775,4,16,0.9999998807907104
0,R04,hybrid_top1,25,3147,/data/datasets/PRCC/prcc/rgb/train/092/A_cropped_rgb196.jpg,/data/datasets/PRCC/prcc/rgb/train/149/B_cropped_rgb583.jpg,0,24,0.8833688497543335,0.8042978048324585,2,2,0.9999998807907104
0,R04,hybrid_top1,26,3147,/data/datasets/PRCC/prcc/rgb/train/092/A_cropped_rgb199.jpg,/data/datasets/PRCC/prcc/rgb/train/149/B_cropped_rgb583.jpg,0,24,0.8956340551376343,0.8248463869094849,1,1,0.9999998807907104
0,R04,hybrid_top1,27,3147,/data/datasets/PRCC/prcc/rgb/train/092/A_cropped_rgb202.jpg,/data/datasets/PRCC/prcc/rgb/train/149/B_cropped_rgb583.jpg,0,24,0.879752516746521,0.8042316436767578,1,1,0.9999998807907104
0,R04,hybrid_top1,28,3147,/data/datasets/PRCC/prcc/rgb/train/092/A_cropped_rgb205.jpg,/data/datasets/PRCC/prcc/rgb/train/149/B_cropped_rgb583.jpg,0,24,0.881179928779602,0.8098583221435547,1,1,0.9999998807907104
0,R04,hybrid_top1,29,3147,/data/datasets/PRCC/prcc/rgb/train/092/A_cropped_rgb208.jpg,/data/datasets/PRCC/prcc/rgb/train/149/B_cropped_rgb583.jpg,0,24,0.8883233666419983,0.823502779006958,1,1,0.9999998807907104
0,R04,hybrid_top1,30,3147,/data/datasets/PRCC/prcc/rgb/train/092/A_cropped_rgb217.jpg,/data/datasets/PRCC/prcc/rgb/train/149/B_cropped_rgb583.jpg,0,24,0.8711629509925842,0.7767806053161621,2,2,0.9999998807907104
0,R04,hybrid_top1,31,3147,/data/datasets/PRCC/prcc/rgb/train/092/A_cropped_rgb226.jpg,/data/datasets/PRCC/prcc/rgb/train/149/B_cropped_rgb583.jpg,0,24,0.878731906414032,0.8053731918334961,6,6,0.9999998807907104
0,R04,hybrid_top1,32,3147,/data/datasets/PRCC/prcc/rgb/train/092/A_cropped_rgb232.jpg,/data/datasets/PRCC/prcc/rgb/train/149/B_cropped_rgb583.jpg,0,24,0.862834632396698,0.772853672504425,14,21,0.9999998807907104
0,R04,hybrid_top1,33,11733,/data/datasets/PRCC/prcc/rgb/train/092/A_cropped_rgb238.jpg,/data/datasets/PRCC/prcc/rgb/train/253/B_cropped_rgb078.jpg,0,95,0.764846920967102,0.6317564845085144,1853,1698,1.0000001192092896
0,R04,hybrid_top1,34,7558,/data/datasets/PRCC/prcc/rgb/train/092/A_cropped_rgb361.jpg,/data/datasets/PRCC/prcc/rgb/train/206/A_cropped_rgb007.jpg,0,61,0.7210369110107422,0.5731674432754517,4514,3963,1.0
0,R04,hybrid_top1,35,3147,/data/datasets/PRCC/prcc/rgb/train/092/A_cropped_rgb364.jpg,/data/datasets/PRCC/prcc/rgb/train/149/B_cropped_rgb583.jpg,0,24,0.8407155871391296,0.7307189702987671,74,114,0.9999998807907104
0,R04,hybrid_top1,36,3147,/data/datasets/PRCC/prcc/rgb/train/092/A_cropped_rgb370.jpg,/data/datasets/PRCC/prcc/rgb/train/149/B_cropped_rgb583.jpg,0,24,0.8574243783950806,0.7691596746444702,46,59,0.9999998807907104
0,R04,hybrid_top1,37,3147,/data/datasets/PRCC/prcc/rgb/train/092/A_cropped_rgb373.jpg,/data/datasets/PRCC/prcc/rgb/train/149/B_cropped_rgb583.jpg,0,24,0.8300521373748779,0.7188796997070312,190,273,0.9999998807907104
0,R04,hybrid_top1,38,3147,/data/datasets/PRCC/prcc/rgb/train/092/A_cropped_rgb376.jpg,/data/datasets/PRCC/prcc/rgb/train/149/B_cropped_rgb583.jpg,0,24,0.8312992453575134,0.7182184457778931,108,185,0.9999998807907104
0,R04,hybrid_top1,39,3147,/data/datasets/PRCC/prcc/rgb/train/092/A_cropped_rgb415.jpg,/data/datasets/PRCC/prcc/rgb/train/149/B_cropped_rgb583.jpg,0,24,0.8714237809181213,0.7894683480262756,11,22,0.9999998807907104
0,R04,hybrid_top1,40,3147,/data/datasets/PRCC/prcc/rgb/train/092/A_cropped_rgb418.jpg,/data/datasets/PRCC/prcc/rgb/train/149/B_cropped_rgb583.jpg,0,24,0.8753643035888672,0.8003284931182861,1,1,0.9999998807907104
0,R04,hybrid_top1,41,3147,/data/datasets/PRCC/prcc/rgb/train/092/A_cropped_rgb421.jpg,/data/datasets/PRCC/prcc/rgb/train/149/B_cropped_rgb583.jpg,0,24,0.8684253692626953,0.7863565683364868,1,1,0.9999998807907104
0,R04,hybrid_top1,42,11733,/data/datasets/PRCC/prcc/rgb/train/092/A_cropped_rgb467.jpg,/data/datasets/PRCC/prcc/rgb/train/253/B_cropped_rgb078.jpg,0,95,0.7354332208633423,0.5935653448104858,2662,2464,1.0000001192092896
0,R04,hybrid_top1,43,3147,/data/datasets/PRCC/prcc/rgb/train/092/B_cropped_rgb012.jpg,/data/datasets/PRCC/prcc/rgb/train/149/B_cropped_rgb583.jpg,0,24,0.844761312007904,0.7460079789161682,163,219,0.9999998807907104
0,R04,hybrid_top1,44,3147,/data/datasets/PRCC/prcc/rgb/train/092/B_cropped_rgb024.jpg,/data/datasets/PRCC/prcc/rgb/train/149/B_cropped_rgb583.jpg,0,24,0.8420470952987671,0.7463505268096924,175,216,0.9999998807907104
0,R04,hybrid_top1,45,3147,/data/datasets/PRCC/prcc/rgb/train/092/B_cropped_rgb066.jpg,/data/datasets/PRCC/prcc/rgb/train/149/B_cropped_rgb583.jpg,0,24,0.8525289297103882,0.7537636160850525,27,39,0.9999998807907104
0,R04,hybrid_top1,46,3147,/data/datasets/PRCC/prcc/rgb/train/092/B_cropped_rgb092.jpg,/data/datasets/PRCC/prcc/rgb/train/149/B_cropped_rgb583.jpg,0,24,0.8502357006072998,0.7464627027511597,122,172,0.9999998807907104
0,R04,hybrid_top1,47,3147,/data/datasets/PRCC/prcc/rgb/train/092/B_cropped_rgb112.jpg,/data/datasets/PRCC/prcc/rgb/train/149/B_cropped_rgb583.jpg,0,24,0.8710049986839294,0.7766823172569275,10,20,0.9999998807907104
0,R04,hybrid_top1,48,3147,/data/datasets/PRCC/prcc/rgb/train/092/B_cropped_rgb115.jpg,/data/datasets/PRCC/prcc/rgb/train/149/B_cropped_rgb583.jpg,0,24,0.8655657172203064,0.7703583240509033,18,43,0.9999998807907104
0,R04,hybrid_top1,49,3147,/data/datasets/PRCC/prcc/rgb/train/092/B_cropped_rgb118.jpg,/data/datasets/PRCC/prcc/rgb/train/149/B_cropped_rgb583.jpg,0,24,0.8574441075325012,0.7575623393058777,13,29,0.9999998807907104
0,R04,hybrid_top1,50,3147,/data/datasets/PRCC/prcc/rgb/train/092/B_cropped_rgb121.jpg,/data/datasets/PRCC/prcc/rgb/train/149/B_cropped_rgb583.jpg,0,24,0.8680589199066162,0.7703096866607666,6,21,0.9999998807907104
0,R04,hybrid_top1,51,3147,/data/datasets/PRCC/prcc/rgb/train/092/B_cropped_rgb127.jpg,/data/datasets/PRCC/prcc/rgb/train/149/B_cropped_rgb583.jpg,0,24,0.8669694066047668,0.7734389305114746,7,12,0.9999998807907104
0,R04,hybrid_top1,52,3147,/data/datasets/PRCC/prcc/rgb/train/092/B_cropped_rgb133.jpg,/data/datasets/PRCC/prcc/rgb/train/149/B_cropped_rgb583.jpg,0,24,0.8845022916793823,0.8002605438232422,1,2,0.9999998807907104
0,R04,hybrid_top1,53,3147,/data/datasets/PRCC/prcc/rgb/train/092/B_cropped_rgb136.jpg,/data/datasets/PRCC/prcc/rgb/train/149/B_cropped_rgb583.jpg,0,24,0.8875927925109863,0.8073562383651733,1,1,0.9999998807907104
0,R04,hybrid_top1,54,3147,/data/datasets/PRCC/prcc/rgb/train/092/B_cropped_rgb139.jpg,/data/datasets/PRCC/prcc/rgb/train/149/B_cropped_rgb583.jpg,0,24,0.8823890686035156,0.7962863445281982,2,2,0.9999998807907104
0,R04,hybrid_top1,55,11733,/data/datasets/PRCC/prcc/rgb/train/092/B_cropped_rgb142.jpg,/data/datasets/PRCC/prcc/rgb/train/253/B_cropped_rgb078.jpg,0,95,0.7691383361816406,0.6317530870437622,1815,1838,1.0000001192092896
0,R04,hybrid_top1,56,3147,/data/datasets/PRCC/prcc/rgb/train/092/B_cropped_rgb145.jpg,/data/datasets/PRCC/prcc/rgb/train/149/B_cropped_rgb583.jpg,0,24,0.8650068044662476,0.7663875818252563,35,63,0.9999998807907104
0,R04,hybrid_top1,57,3147,/data/datasets/PRCC/prcc/rgb/train/092/B_cropped_rgb148.jpg,/data/datasets/PRCC/prcc/rgb/train/149/B_cropped_rgb583.jpg,0,24,0.8807977437973022,0.7930330038070679,26,31,0.9999998807907104
0,R04,hybrid_top1,58,11733,/data/datasets/PRCC/prcc/rgb/train/092/B_cropped_rgb149.jpg,/data/datasets/PRCC/prcc/rgb/train/253/B_cropped_rgb078.jpg,0,95,0.725067138671875,0.5720242261886597,3225,3185,1.0000001192092896
0,R04,hybrid_top1,59,3147,/data/datasets/PRCC/prcc/rgb/train/092/B_cropped_rgb154.jpg,/data/datasets/PRCC/prcc/rgb/train/149/B_cropped_rgb583.jpg,0,24,0.8631644248962402,0.7686816453933716,26,33,0.9999998807907104
0,R04,hybrid_top1,60,3147,/data/datasets/PRCC/prcc/rgb/train/092/B_cropped_rgb157.jpg,/data/datasets/PRCC/prcc/rgb/train/149/B_cropped_rgb583.jpg,0,24,0.8663772344589233,0.7787622809410095,25,28,0.9999998807907104
0,R04,hybrid_top1,61,3147,/data/datasets/PRCC/prcc/rgb/train/092/B_cropped_rgb163.jpg,/data/datasets/PRCC/prcc/rgb/train/149/B_cropped_rgb583.jpg,0,24,0.8790637254714966,0.7964668273925781,15,25,0.9999998807907104
0,R04,hybrid_top1,62,3147,/data/datasets/PRCC/prcc/rgb/train/092/B_cropped_rgb166.jpg,/data/datasets/PRCC/prcc/rgb/train/149/B_cropped_rgb583.jpg,0,24,0.8719784021377563,0.7854085564613342,17,20,0.9999998807907104
0,R04,hybrid_top1,63,3147,/data/datasets/PRCC/prcc/rgb/train/092/B_cropped_rgb169.jpg,/data/datasets/PRCC/prcc/rgb/train/149/B_cropped_rgb583.jpg,0,24,0.8679279685020447,0.771943211555481,15,18,0.9999998807907104
0,R04,hybrid_top1,64,3147,/data/datasets/PRCC/prcc/rgb/train/092/B_cropped_rgb172.jpg,/data/datasets/PRCC/prcc/rgb/train/149/B_cropped_rgb583.jpg,0,24,0.8855618834495544,0.7994377613067627,3,5,0.9999998807907104
0,R04,hybrid_top1,65,3147,/data/datasets/PRCC/prcc/rgb/train/092/B_cropped_rgb176.jpg,/data/datasets/PRCC/prcc/rgb/train/149/B_cropped_rgb583.jpg,0,24,0.8545767068862915,0.7552531361579895,45,56,0.9999998807907104
0,R04,hybrid_top1,66,3147,/data/datasets/PRCC/prcc/rgb/train/092/B_cropped_rgb177.jpg,/data/datasets/PRCC/prcc/rgb/train/149/B_cropped_rgb583.jpg,0,24,0.8613204956054688,0.7669007778167725,27,34,0.9999998807907104
0,R04,hybrid_top1,67,3147,/data/datasets/PRCC/prcc/rgb/train/092/B_cropped_rgb199.jpg,/data/datasets/PRCC/prcc/rgb/train/149/B_cropped_rgb583.jpg,0,24,0.8316662311553955,0.7335432767868042,92,100,0.9999998807907104
0,R04,hybrid_top1,68,3147,/data/datasets/PRCC/prcc/rgb/train/092/B_cropped_rgb206.jpg,/data/datasets/PRCC/prcc/rgb/train/149/B_cropped_rgb583.jpg,0,24,0.8532939553260803,0.7555919885635376,102,135,0.9999998807907104
0,R04,hybrid_top1,69,3147,/data/datasets/PRCC/prcc/rgb/train/092/B_cropped_rgb227.jpg,/data/datasets/PRCC/prcc/rgb/train/149/B_cropped_rgb583.jpg,0,24,0.8470101356506348,0.7474780082702637,139,180,0.9999998807907104
0,R04,hybrid_top1,70,3147,/data/datasets/PRCC/prcc/rgb/train/092/B_cropped_rgb292.jpg,/data/datasets/PRCC/prcc/rgb/train/149/B_cropped_rgb583.jpg,0,24,0.8880113363265991,0.8070183396339417,4,5,0.9999998807907104
0,R04,hybrid_top1,71,3147,/data/datasets/PRCC/prcc/rgb/train/092/B_cropped_rgb295.jpg,/data/datasets/PRCC/prcc/rgb/train/149/B_cropped_rgb583.jpg,0,24,0.890242874622345,0.8131409883499146,1,2,0.9999998807907104
0,R04,hybrid_top1,72,3147,/data/datasets/PRCC/prcc/rgb/train/092/B_cropped_rgb298.jpg,/data/datasets/PRCC/prcc/rgb/train/149/B_cropped_rgb583.jpg,0,24,0.8731338381767273,0.7901145815849304,12,13,0.9999998807907104
0,R04,hybrid_top1,73,3147,/data/datasets/PRCC/prcc/rgb/train/092/B_cropped_rgb301.jpg,/data/datasets/PRCC/prcc/rgb/train/149/B_cropped_rgb583.jpg,0,24,0.8912270069122314,0.8173992037773132,1,2,0.9999998807907104
0,R04,hybrid_top1,74,3147,/data/datasets/PRCC/prcc/rgb/train/092/B_cropped_rgb304.jpg,/data/datasets/PRCC/prcc/rgb/train/149/B_cropped_rgb583.jpg,0,24,0.8778442144393921,0.7916920185089111,1,5,0.9999998807907104
0,R04,hybrid_top1,75,3147,/data/datasets/PRCC/prcc/rgb/train/092/B_cropped_rgb307.jpg,/data/datasets/PRCC/prcc/rgb/train/149/B_cropped_rgb583.jpg,0,24,0.8774545788764954,0.7908902764320374,4,7,0.9999998807907104
0,R04,hybrid_top1,76,3147,/data/datasets/PRCC/prcc/rgb/train/092/B_cropped_rgb310.jpg,/data/datasets/PRCC/prcc/rgb/train/149/B_cropped_rgb583.jpg,0,24,0.8776702284812927,0.7895317077636719,4,7,0.9999998807907104
0,R04,hybrid_top1,77,3147,/data/datasets/PRCC/prcc/rgb/train/092/B_cropped_rgb313.jpg,/data/datasets/PRCC/prcc/rgb/train/149/B_cropped_rgb583.jpg,0,24,0.8765525817871094,0.790274441242218,10,10,0.9999998807907104
0,R04,hybrid_top1,78,3147,/data/datasets/PRCC/prcc/rgb/train/092/B_cropped_rgb322.jpg,/data/datasets/PRCC/prcc/rgb/train/149/B_cropped_rgb583.jpg,0,24,0.8679128885269165,0.7780888080596924,14,23,0.9999998807907104
0,R04,hybrid_top1,79,11733,/data/datasets/PRCC/prcc/rgb/train/092/B_cropped_rgb328.jpg,/data/datasets/PRCC/prcc/rgb/train/253/B_cropped_rgb078.jpg,0,95,0.7371012568473816,0.5881706476211548,2453,2526,1.0000001192092896
0,R04,hybrid_top1,80,3147,/data/datasets/PRCC/prcc/rgb/train/092/B_cropped_rgb331.jpg,/data/datasets/PRCC/prcc/rgb/train/149/B_cropped_rgb583.jpg,0,24,0.8478752374649048,0.7457749247550964,35,46,0.9999998807907104
0,R04,hybrid_top1,81,3147,/data/datasets/PRCC/prcc/rgb/train/092/B_cropped_rgb334.jpg,/data/datasets/PRCC/prcc/rgb/train/149/B_cropped_rgb583.jpg,0,24,0.8589496612548828,0.760895848274231,20,35,0.9999998807907104
0,R04,hybrid_top1,82,11733,/data/datasets/PRCC/prcc/rgb/train/092/B_cropped_rgb380.jpg,/data/datasets/PRCC/prcc/rgb/train/253/B_cropped_rgb078.jpg,0,95,0.7594800591468811,0.6249126195907593,1901,1964,1.0000001192092896
0,R04,hybrid_top1,83,3147,/data/datasets/PRCC/prcc/rgb/train/092/C_cropped_rgb001.jpg,/data/datasets/PRCC/prcc/rgb/train/149/B_cropped_rgb583.jpg,0,24,0.888335108757019,0.8133493065834045,1,2,0.9999998807907104
0,R04,hybrid_top1,84,3147,/data/datasets/PRCC/prcc/rgb/train/092/C_cropped_rgb007.jpg,/data/datasets/PRCC/prcc/rgb/train/149/B_cropped_rgb583.jpg,0,24,0.8946142792701721,0.8193210363388062,4,6,0.9999998807907104
0,R04,hybrid_top1,85,3147,/data/datasets/PRCC/prcc/rgb/train/092/C_cropped_rgb016.jpg,/data/datasets/PRCC/prcc/rgb/train/149/B_cropped_rgb583.jpg,0,24,0.8818483352661133,0.8022920489311218,1,1,0.9999998807907104
0,R04,hybrid_top1,86,3147,/data/datasets/PRCC/prcc/rgb/train/092/C_cropped_rgb019.jpg,/data/datasets/PRCC/prcc/rgb/train/149/B_cropped_rgb583.jpg,0,24,0.8774002194404602,0.7907372713088989,2,4,0.9999998807907104
0,R04,hybrid_top1,87,3147,/data/datasets/PRCC/prcc/rgb/train/092/C_cropped_rgb022.jpg,/data/datasets/PRCC/prcc/rgb/train/149/B_cropped_rgb583.jpg,0,24,0.8937908411026001,0.8185790777206421,1,1,0.9999998807907104
0,R04,hybrid_top1,88,3147,/data/datasets/PRCC/prcc/rgb/train/092/C_cropped_rgb025.jpg,/data/datasets/PRCC/prcc/rgb/train/149/B_cropped_rgb583.jpg,0,24,0.8784396648406982,0.7950583696365356,1,2,0.9999998807907104
0,R04,hybrid_top1,89,3147,/data/datasets/PRCC/prcc/rgb/train/092/C_cropped_rgb031.jpg,/data/datasets/PRCC/prcc/rgb/train/149/B_cropped_rgb583.jpg,0,24,0.8854308128356934,0.8079891204833984,6,7,0.9999998807907104
0,R04,hybrid_top1,90,3147,/data/datasets/PRCC/prcc/rgb/train/092/C_cropped_rgb034.jpg,/data/datasets/PRCC/prcc/rgb/train/149/B_cropped_rgb583.jpg,0,24,0.8913717269897461,0.8173362612724304,1,2,0.9999998807907104
0,R04,hybrid_top1,91,3147,/data/datasets/PRCC/prcc/rgb/train/092/C_cropped_rgb037.jpg,/data/datasets/PRCC/prcc/rgb/train/149/B_cropped_rgb583.jpg,0,24,0.8828698396682739,0.8060030937194824,4,3,0.9999998807907104
0,R04,hybrid_top1,92,3147,/data/datasets/PRCC/prcc/rgb/train/092/C_cropped_rgb040.jpg,/data/datasets/PRCC/prcc/rgb/train/149/B_cropped_rgb583.jpg,0,24,0.8944661617279053,0.8269520998001099,1,1,0.9999998807907104
0,R04,hybrid_top1,93,3147,/data/datasets/PRCC/prcc/rgb/train/092/C_cropped_rgb046.jpg,/data/datasets/PRCC/prcc/rgb/train/149/B_cropped_rgb583.jpg,0,24,0.8818740844726562,0.7993632555007935,1,4,0.9999998807907104
0,R04,hybrid_top1,94,3147,/data/datasets/PRCC/prcc/rgb/train/092/C_cropped_rgb049.jpg,/data/datasets/PRCC/prcc/rgb/train/149/B_cropped_rgb583.jpg,0,24,0.8830856084823608,0.8056436777114868,4,7,0.9999998807907104
0,R04,hybrid_top1,95,3147,/data/datasets/PRCC/prcc/rgb/train/092/C_cropped_rgb052.jpg,/data/datasets/PRCC/prcc/rgb/train/149/B_cropped_rgb583.jpg,0,24,0.8907240629196167,0.8126542568206787,5,9,0.9999998807907104
0,R04,hybrid_top1,96,3147,/data/datasets/PRCC/prcc/rgb/train/092/C_cropped_rgb055.jpg,/data/datasets/PRCC/prcc/rgb/train/149/B_cropped_rgb583.jpg,0,24,0.8913998603820801,0.8194504380226135,1,1,0.9999998807907104
0,R04,hybrid_top1,97,3147,/data/datasets/PRCC/prcc/rgb/train/092/C_cropped_rgb064.jpg,/data/datasets/PRCC/prcc/rgb/train/149/B_cropped_rgb583.jpg,0,24,0.8873140811920166,0.8098616600036621,10,18,0.9999998807907104
0,R04,hybrid_top1,98,3147,/data/datasets/PRCC/prcc/rgb/train/092/C_cropped_rgb067.jpg,/data/datasets/PRCC/prcc/rgb/train/149/B_cropped_rgb583.jpg,0,24,0.8883510828018188,0.8106770515441895,2,4,0.9999998807907104
0,R04,hybrid_top1,99,3147,/data/datasets/PRCC/prcc/rgb/train/092/C_cropped_rgb070.jpg,/data/datasets/PRCC/prcc/rgb/train/149/B_cropped_rgb583.jpg,0,24,0.8853549361228943,0.8087573051452637,2,5,0.9999998807907104
0,R07,semantic_top1,0,3147,/data/datasets/PRCC/prcc/rgb/train/092/A_cropped_rgb001.jpg,/data/datasets/PRCC/prcc/rgb/train/149/B_cropped_rgb583.jpg,0,24,0.875569224357605,0.7989023327827454,8,9,0.9999998807907104
0,R07,semantic_top1,1,3147,/data/datasets/PRCC/prcc/rgb/train/092/A_cropped_rgb004.jpg,/data/datasets/PRCC/prcc/rgb/train/149/B_cropped_rgb583.jpg,0,24,0.8674390316009521,0.7782517075538635,26,41,0.9999998807907104
0,R07,semantic_top1,2,3147,/data/datasets/PRCC/prcc/rgb/train/092/A_cropped_rgb007.jpg,/data/datasets/PRCC/prcc/rgb/train/149/B_cropped_rgb583.jpg,0,24,0.8648730516433716,0.7717457413673401,19,29,0.9999998807907104
0,R07,semantic_top1,3,3147,/data/datasets/PRCC/prcc/rgb/train/092/A_cropped_rgb010.jpg,/data/datasets/PRCC/prcc/rgb/train/149/B_cropped_rgb583.jpg,0,24,0.8613510727882385,0.7643797397613525,14,20,0.9999998807907104
0,R07,semantic_top1,4,3147,/data/datasets/PRCC/prcc/rgb/train/092/A_cropped_rgb013.jpg,/data/datasets/PRCC/prcc/rgb/train/149/B_cropped_rgb583.jpg,0,24,0.8575009107589722,0.7627722024917603,69,93,0.9999998807907104
0,R07,semantic_top1,5,3147,/data/datasets/PRCC/prcc/rgb/train/092/A_cropped_rgb016.jpg,/data/datasets/PRCC/prcc/rgb/train/149/B_cropped_rgb583.jpg,0,24,0.8676241636276245,0.7827032804489136,5,7,0.9999998807907104
0,R07,semantic_top1,6,3147,/data/datasets/PRCC/prcc/rgb/train/092/A_cropped_rgb019.jpg,/data/datasets/PRCC/prcc/rgb/train/149/B_cropped_rgb583.jpg,0,24,0.8824165463447571,0.8002219200134277,2,2,0.9999998807907104
0,R07,semantic_top1,7,3147,/data/datasets/PRCC/prcc/rgb/train/092/A_cropped_rgb022.jpg,/data/datasets/PRCC/prcc/rgb/train/149/B_cropped_rgb583.jpg,0,24,0.8639563322067261,0.7757080793380737,8,11,0.9999998807907104
0,R07,semantic_top1,8,3147,/data/datasets/PRCC/prcc/rgb/train/092/A_cropped_rgb025.jpg,/data/datasets/PRCC/prcc/rgb/train/149/B_cropped_rgb583.jpg,0,24,0.8786569237709045,0.7963049411773682,7,10,0.9999998807907104
0,R07,semantic_top1,9,3147,/data/datasets/PRCC/prcc/rgb/train/092/A_cropped_rgb028.jpg,/data/datasets/PRCC/prcc/rgb/train/149/B_cropped_rgb583.jpg,0,24,0.8627936840057373,0.7722969055175781,32,40,0.9999998807907104
0,R07,semantic_top1,10,3147,/data/datasets/PRCC/prcc/rgb/train/092/A_cropped_rgb035.jpg,/data/datasets/PRCC/prcc/rgb/train/149/B_cropped_rgb583.jpg,0,24,0.8558530807495117,0.7586064338684082,3,7,0.9999998807907104
0,R07,semantic_top1,11,3147,/data/datasets/PRCC/prcc/rgb/train/092/A_cropped_rgb037.jpg,/data/datasets/PRCC/prcc/rgb/train/149/B_cropped_rgb583.jpg,0,24,0.8717426061630249,0.7871676087379456,2,2,0.9999998807907104
0,R07,semantic_top1,12,3147,/data/datasets/PRCC/prcc/rgb/train/092/A_cropped_rgb040.jpg,/data/datasets/PRCC/prcc/rgb/train/149/B_cropped_rgb583.jpg,0,24,0.8689637780189514,0.783379852771759,5,8,0.9999998807907104
0,R07,semantic_top1,13,3147,/data/datasets/PRCC/prcc/rgb/train/092/A_cropped_rgb046.jpg,/data/datasets/PRCC/prcc/rgb/train/149/B_cropped_rgb583.jpg,0,24,0.8620395660400391,0.7664793133735657,13,17,0.9999998807907104
0,R07,semantic_top1,14,3147,/data/datasets/PRCC/prcc/rgb/train/092/A_cropped_rgb055.jpg,/data/datasets/PRCC/prcc/rgb/train/149/B_cropped_rgb583.jpg,0,24,0.8609713315963745,0.7639332413673401,9,18,0.9999998807907104
0,R07,semantic_top1,15,3147,/data/datasets/PRCC/prcc/rgb/train/092/A_cropped_rgb058.jpg,/data/datasets/PRCC/prcc/rgb/train/149/B_cropped_rgb583.jpg,0,24,0.8681427240371704,0.7830522060394287,10,11,0.9999998807907104
0,R07,semantic_top1,16,3147,/data/datasets/PRCC/prcc/rgb/train/092/A_cropped_rgb067.jpg,/data/datasets/PRCC/prcc/rgb/train/149/B_cropped_rgb583.jpg,0,24,0.8713183403015137,0.7799989581108093,5,6,0.9999998807907104
0,R07,semantic_top1,17,3147,/data/datasets/PRCC/prcc/rgb/train/092/A_cropped_rgb070.jpg,/data/datasets/PRCC/prcc/rgb/train/149/B_cropped_rgb583.jpg,0,24,0.8658122420310974,0.7705862522125244,13,18,0.9999998807907104
0,R07,semantic_top1,18,3147,/data/datasets/PRCC/prcc/rgb/train/092/A_cropped_rgb090.jpg,/data/datasets/PRCC/prcc/rgb/train/149/B_cropped_rgb583.jpg,0,24,0.8646559715270996,0.7795515060424805,6,5,0.9999998807907104
0,R07,semantic_top1,19,4258,/data/datasets/PRCC/prcc/rgb/train/092/A_cropped_rgb154.jpg,/data/datasets/PRCC/prcc/rgb/train/164/B_cropped_rgb047.jpg,0,33,0.7450370192527771,0.5919381380081177,2704,2804,1.0000001192092896
0,R07,semantic_top1,20,3147,/data/datasets/PRCC/prcc/rgb/train/092/A_cropped_rgb172.jpg,/data/datasets/PRCC/prcc/rgb/train/149/B_cropped_rgb583.jpg,0,24,0.8670390844345093,0.7761955261230469,10,13,0.9999998807907104
0,R07,semantic_top1,21,3147,/data/datasets/PRCC/prcc/rgb/train/092/A_cropped_rgb173.jpg,/data/datasets/PRCC/prcc/rgb/train/149/B_cropped_rgb583.jpg,0,24,0.8591310977935791,0.7634958028793335,27,32,0.9999998807907104
0,R07,semantic_top1,22,3147,/data/datasets/PRCC/prcc/rgb/train/092/A_cropped_rgb181.jpg,/data/datasets/PRCC/prcc/rgb/train/149/B_cropped_rgb583.jpg,0,24,0.8307384848594666,0.7157764434814453,213,338,0.9999998807907104
0,R07,semantic_top1,23,3147,/data/datasets/PRCC/prcc/rgb/train/092/A_cropped_rgb190.jpg,/data/datasets/PRCC/prcc/rgb/train/149/B_cropped_rgb583.jpg,0,24,0.8817994594573975,0.8029994368553162,7,10,0.9999998807907104
0,R07,semantic_top1,24,3147,/data/datasets/PRCC/prcc/rgb/train/092/A_cropped_rgb193.jpg,/data/datasets/PRCC/prcc/rgb/train/149/B_cropped_rgb583.jpg,0,24,0.872421383857727,0.7814687490463257,4,16,0.9999998807907104
0,R07,semantic_top1,25,3147,/data/datasets/PRCC/prcc/rgb/train/092/A_cropped_rgb196.jpg,/data/datasets/PRCC/prcc/rgb/train/149/B_cropped_rgb583.jpg,0,24,0.8833688497543335,0.8031824827194214,2,2,0.9999998807907104
0,R07,semantic_top1,26,3147,/data/datasets/PRCC/prcc/rgb/train/092/A_cropped_rgb199.jpg,/data/datasets/PRCC/prcc/rgb/train/149/B_cropped_rgb583.jpg,0,24,0.8956340551376343,0.8246243000030518,1,1,0.9999998807907104
0,R07,semantic_top1,27,3147,/data/datasets/PRCC/prcc/rgb/train/092/A_cropped_rgb202.jpg,/data/datasets/PRCC/prcc/rgb/train/149/B_cropped_rgb583.jpg,0,24,0.879752516746521,0.8017920851707458,1,1,0.9999998807907104
0,R07,semantic_top1,28,3147,/data/datasets/PRCC/prcc/rgb/train/092/A_cropped_rgb205.jpg,/data/datasets/PRCC/prcc/rgb/train/149/B_cropped_rgb583.jpg,0,24,0.881179928779602,0.8092724084854126,1,1,0.9999998807907104
0,R07,semantic_top1,29,3147,/data/datasets/PRCC/prcc/rgb/train/092/A_cropped_rgb208.jpg,/data/datasets/PRCC/prcc/rgb/train/149/B_cropped_rgb583.jpg,0,24,0.8883233666419983,0.8240112662315369,1,1,0.9999998807907104
0,R07,semantic_top1,30,3147,/data/datasets/PRCC/prcc/rgb/train/092/A_cropped_rgb217.jpg,/data/datasets/PRCC/prcc/rgb/train/149/B_cropped_rgb583.jpg,0,24,0.8711629509925842,0.7757655382156372,2,2,0.9999998807907104
0,R07,semantic_top1,31,3147,/data/datasets/PRCC/prcc/rgb/train/092/A_cropped_rgb226.jpg,/data/datasets/PRCC/prcc/rgb/train/149/B_cropped_rgb583.jpg,0,24,0.878731906414032,0.8040831089019775,6,6,0.9999998807907104
0,R07,semantic_top1,32,3147,/data/datasets/PRCC/prcc/rgb/train/092/A_cropped_rgb232.jpg,/data/datasets/PRCC/prcc/rgb/train/149/B_cropped_rgb583.jpg,0,24,0.862834632396698,0.7705538272857666,14,21,0.9999998807907104
0,R07,semantic_top1,33,11733,/data/datasets/PRCC/prcc/rgb/train/092/A_cropped_rgb238.jpg,/data/datasets/PRCC/prcc/rgb/train/253/B_cropped_rgb078.jpg,0,95,0.764846920967102,0.6313762664794922,1853,1682,1.0000001192092896
0,R07,semantic_top1,34,7558,/data/datasets/PRCC/prcc/rgb/train/092/A_cropped_rgb361.jpg,/data/datasets/PRCC/prcc/rgb/train/206/A_cropped_rgb007.jpg,0,61,0.7210369110107422,0.5708534717559814,4514,3985,1.0
0,R07,semantic_top1,35,3147,/data/datasets/PRCC/prcc/rgb/train/092/A_cropped_rgb364.jpg,/data/datasets/PRCC/prcc/rgb/train/149/B_cropped_rgb583.jpg,0,24,0.8407155871391296,0.7294608354568481,74,115,0.9999998807907104
0,R07,semantic_top1,36,3147,/data/datasets/PRCC/prcc/rgb/train/092/A_cropped_rgb370.jpg,/data/datasets/PRCC/prcc/rgb/train/149/B_cropped_rgb583.jpg,0,24,0.8574243783950806,0.7683737277984619,46,57,0.9999998807907104
0,R07,semantic_top1,37,3147,/data/datasets/PRCC/prcc/rgb/train/092/A_cropped_rgb373.jpg,/data/datasets/PRCC/prcc/rgb/train/149/B_cropped_rgb583.jpg,0,24,0.8300521373748779,0.7175494432449341,190,269,0.9999998807907104
0,R07,semantic_top1,38,3147,/data/datasets/PRCC/prcc/rgb/train/092/A_cropped_rgb376.jpg,/data/datasets/PRCC/prcc/rgb/train/149/B_cropped_rgb583.jpg,0,24,0.8312992453575134,0.7174728512763977,108,183,0.9999998807907104
0,R07,semantic_top1,39,3147,/data/datasets/PRCC/prcc/rgb/train/092/A_cropped_rgb415.jpg,/data/datasets/PRCC/prcc/rgb/train/149/B_cropped_rgb583.jpg,0,24,0.8714237809181213,0.7894490957260132,11,19,0.9999998807907104
0,R07,semantic_top1,40,3147,/data/datasets/PRCC/prcc/rgb/train/092/A_cropped_rgb418.jpg,/data/datasets/PRCC/prcc/rgb/train/149/B_cropped_rgb583.jpg,0,24,0.8753643035888672,0.7998400330543518,1,1,0.9999998807907104
0,R07,semantic_top1,41,3147,/data/datasets/PRCC/prcc/rgb/train/092/A_cropped_rgb421.jpg,/data/datasets/PRCC/prcc/rgb/train/149/B_cropped_rgb583.jpg,0,24,0.8684253692626953,0.7881404161453247,1,1,0.9999998807907104
0,R07,semantic_top1,42,11733,/data/datasets/PRCC/prcc/rgb/train/092/A_cropped_rgb467.jpg,/data/datasets/PRCC/prcc/rgb/train/253/B_cropped_rgb078.jpg,0,95,0.7354332208633423,0.5915244817733765,2662,2463,1.0000001192092896
0,R07,semantic_top1,43,3147,/data/datasets/PRCC/prcc/rgb/train/092/B_cropped_rgb012.jpg,/data/datasets/PRCC/prcc/rgb/train/149/B_cropped_rgb583.jpg,0,24,0.844761312007904,0.743038535118103,163,226,0.9999998807907104
0,R07,semantic_top1,44,3147,/data/datasets/PRCC/prcc/rgb/train/092/B_cropped_rgb024.jpg,/data/datasets/PRCC/prcc/rgb/train/149/B_cropped_rgb583.jpg,0,24,0.8420470952987671,0.7443753480911255,175,219,0.9999998807907104
0,R07,semantic_top1,45,3147,/data/datasets/PRCC/prcc/rgb/train/092/B_cropped_rgb066.jpg,/data/datasets/PRCC/prcc/rgb/train/149/B_cropped_rgb583.jpg,0,24,0.8525289297103882,0.7504323720932007,27,41,0.9999998807907104
0,R07,semantic_top1,46,3147,/data/datasets/PRCC/prcc/rgb/train/092/B_cropped_rgb092.jpg,/data/datasets/PRCC/prcc/rgb/train/149/B_cropped_rgb583.jpg,0,24,0.8502357006072998,0.7445058226585388,122,179,0.9999998807907104
0,R07,semantic_top1,47,3147,/data/datasets/PRCC/prcc/rgb/train/092/B_cropped_rgb112.jpg,/data/datasets/PRCC/prcc/rgb/train/149/B_cropped_rgb583.jpg,0,24,0.8710049986839294,0.7745265960693359,10,20,0.9999998807907104
0,R07,semantic_top1,48,3147,/data/datasets/PRCC/prcc/rgb/train/092/B_cropped_rgb115.jpg,/data/datasets/PRCC/prcc/rgb/train/149/B_cropped_rgb583.jpg,0,24,0.8655657172203064,0.7679929733276367,18,44,0.9999998807907104
0,R07,semantic_top1,49,3147,/data/datasets/PRCC/prcc/rgb/train/092/B_cropped_rgb118.jpg,/data/datasets/PRCC/prcc/rgb/train/149/B_cropped_rgb583.jpg,0,24,0.8574441075325012,0.7551582455635071,13,29,0.9999998807907104
0,R07,semantic_top1,50,3147,/data/datasets/PRCC/prcc/rgb/train/092/B_cropped_rgb121.jpg,/data/datasets/PRCC/prcc/rgb/train/149/B_cropped_rgb583.jpg,0,24,0.8680589199066162,0.7689423561096191,6,20,0.9999998807907104
0,R07,semantic_top1,51,3147,/data/datasets/PRCC/prcc/rgb/train/092/B_cropped_rgb127.jpg,/data/datasets/PRCC/prcc/rgb/train/149/B_cropped_rgb583.jpg,0,24,0.8669694066047668,0.772172212600708,7,12,0.9999998807907104
0,R07,semantic_top1,52,3147,/data/datasets/PRCC/prcc/rgb/train/092/B_cropped_rgb133.jpg,/data/datasets/PRCC/prcc/rgb/train/149/B_cropped_rgb583.jpg,0,24,0.8845022916793823,0.7989553809165955,1,2,0.9999998807907104
0,R07,semantic_top1,53,3147,/data/datasets/PRCC/prcc/rgb/train/092/B_cropped_rgb136.jpg,/data/datasets/PRCC/prcc/rgb/train/149/B_cropped_rgb583.jpg,0,24,0.8875927925109863,0.8070071935653687,1,1,0.9999998807907104
0,R07,semantic_top1,54,3147,/data/datasets/PRCC/prcc/rgb/train/092/B_cropped_rgb139.jpg,/data/datasets/PRCC/prcc/rgb/train/149/B_cropped_rgb583.jpg,0,24,0.8823890686035156,0.7952720522880554,2,2,0.9999998807907104
0,R07,semantic_top1,55,11733,/data/datasets/PRCC/prcc/rgb/train/092/B_cropped_rgb142.jpg,/data/datasets/PRCC/prcc/rgb/train/253/B_cropped_rgb078.jpg,0,95,0.7691383361816406,0.6309954524040222,1815,1798,1.0000001192092896
0,R07,semantic_top1,56,3147,/data/datasets/PRCC/prcc/rgb/train/092/B_cropped_rgb145.jpg,/data/datasets/PRCC/prcc/rgb/train/149/B_cropped_rgb583.jpg,0,24,0.8650068044662476,0.7656363248825073,35,58,0.9999998807907104
0,R07,semantic_top1,57,3147,/data/datasets/PRCC/prcc/rgb/train/092/B_cropped_rgb148.jpg,/data/datasets/PRCC/prcc/rgb/train/149/B_cropped_rgb583.jpg,0,24,0.8807977437973022,0.7911446690559387,26,31,0.9999998807907104
0,R07,semantic_top1,58,11733,/data/datasets/PRCC/prcc/rgb/train/092/B_cropped_rgb149.jpg,/data/datasets/PRCC/prcc/rgb/train/253/B_cropped_rgb078.jpg,0,95,0.725067138671875,0.5688354969024658,3225,3188,1.0000001192092896
0,R07,semantic_top1,59,3147,/data/datasets/PRCC/prcc/rgb/train/092/B_cropped_rgb154.jpg,/data/datasets/PRCC/prcc/rgb/train/149/B_cropped_rgb583.jpg,0,24,0.8631644248962402,0.7661916017532349,26,34,0.9999998807907104
0,R07,semantic_top1,60,3147,/data/datasets/PRCC/prcc/rgb/train/092/B_cropped_rgb157.jpg,/data/datasets/PRCC/prcc/rgb/train/149/B_cropped_rgb583.jpg,0,24,0.8663772344589233,0.7772530913352966,25,28,0.9999998807907104
0,R07,semantic_top1,61,3147,/data/datasets/PRCC/prcc/rgb/train/092/B_cropped_rgb163.jpg,/data/datasets/PRCC/prcc/rgb/train/149/B_cropped_rgb583.jpg,0,24,0.8790637254714966,0.7938988208770752,15,25,0.9999998807907104
0,R07,semantic_top1,62,3147,/data/datasets/PRCC/prcc/rgb/train/092/B_cropped_rgb166.jpg,/data/datasets/PRCC/prcc/rgb/train/149/B_cropped_rgb583.jpg,0,24,0.8719784021377563,0.7838333249092102,17,21,0.9999998807907104
0,R07,semantic_top1,63,3147,/data/datasets/PRCC/prcc/rgb/train/092/B_cropped_rgb169.jpg,/data/datasets/PRCC/prcc/rgb/train/149/B_cropped_rgb583.jpg,0,24,0.8679279685020447,0.7703089118003845,15,19,0.9999998807907104
0,R07,semantic_top1,64,3147,/data/datasets/PRCC/prcc/rgb/train/092/B_cropped_rgb172.jpg,/data/datasets/PRCC/prcc/rgb/train/149/B_cropped_rgb583.jpg,0,24,0.8855618834495544,0.797518253326416,3,6,0.9999998807907104
0,R07,semantic_top1,65,3147,/data/datasets/PRCC/prcc/rgb/train/092/B_cropped_rgb176.jpg,/data/datasets/PRCC/prcc/rgb/train/149/B_cropped_rgb583.jpg,0,24,0.8545767068862915,0.752084493637085,45,58,0.9999998807907104
0,R07,semantic_top1,66,3147,/data/datasets/PRCC/prcc/rgb/train/092/B_cropped_rgb177.jpg,/data/datasets/PRCC/prcc/rgb/train/149/B_cropped_rgb583.jpg,0,24,0.8613204956054688,0.7640818953514099,27,37,0.9999998807907104
0,R07,semantic_top1,67,3147,/data/datasets/PRCC/prcc/rgb/train/092/B_cropped_rgb199.jpg,/data/datasets/PRCC/prcc/rgb/train/149/B_cropped_rgb583.jpg,0,24,0.8316662311553955,0.7327471971511841,92,99,0.9999998807907104
0,R07,semantic_top1,68,3147,/data/datasets/PRCC/prcc/rgb/train/092/B_cropped_rgb206.jpg,/data/datasets/PRCC/prcc/rgb/train/149/B_cropped_rgb583.jpg,0,24,0.8532939553260803,0.7538068294525146,102,138,0.9999998807907104
0,R07,semantic_top1,69,3147,/data/datasets/PRCC/prcc/rgb/train/092/B_cropped_rgb227.jpg,/data/datasets/PRCC/prcc/rgb/train/149/B_cropped_rgb583.jpg,0,24,0.8470101356506348,0.745734691619873,139,177,0.9999998807907104
0,R07,semantic_top1,70,3147,/data/datasets/PRCC/prcc/rgb/train/092/B_cropped_rgb292.jpg,/data/datasets/PRCC/prcc/rgb/train/149/B_cropped_rgb583.jpg,0,24,0.8880113363265991,0.8058270215988159,4,5,0.9999998807907104
0,R07,semantic_top1,71,3147,/data/datasets/PRCC/prcc/rgb/train/092/B_cropped_rgb295.jpg,/data/datasets/PRCC/prcc/rgb/train/149/B_cropped_rgb583.jpg,0,24,0.890242874622345,0.8116872906684875,1,2,0.9999998807907104
0,R07,semantic_top1,72,3147,/data/datasets/PRCC/prcc/rgb/train/092/B_cropped_rgb298.jpg,/data/datasets/PRCC/prcc/rgb/train/149/B_cropped_rgb583.jpg,0,24,0.8731338381767273,0.7865840196609497,12,14,0.9999998807907104
0,R07,semantic_top1,73,3147,/data/datasets/PRCC/prcc/rgb/train/092/B_cropped_rgb301.jpg,/data/datasets/PRCC/prcc/rgb/train/149/B_cropped_rgb583.jpg,0,24,0.8912270069122314,0.816862165927887,1,2,0.9999998807907104
0,R07,semantic_top1,74,3147,/data/datasets/PRCC/prcc/rgb/train/092/B_cropped_rgb304.jpg,/data/datasets/PRCC/prcc/rgb/train/149/B_cropped_rgb583.jpg,0,24,0.8778442144393921,0.7909417748451233,1,2,0.9999998807907104
0,R07,semantic_top1,75,3147,/data/datasets/PRCC/prcc/rgb/train/092/B_cropped_rgb307.jpg,/data/datasets/PRCC/prcc/rgb/train/149/B_cropped_rgb583.jpg,0,24,0.8774545788764954,0.7885697484016418,4,7,0.9999998807907104
0,R07,semantic_top1,76,3147,/data/datasets/PRCC/prcc/rgb/train/092/B_cropped_rgb310.jpg,/data/datasets/PRCC/prcc/rgb/train/149/B_cropped_rgb583.jpg,0,24,0.8776702284812927,0.7859833240509033,4,8,0.9999998807907104
0,R07,semantic_top1,77,3147,/data/datasets/PRCC/prcc/rgb/train/092/B_cropped_rgb313.jpg,/data/datasets/PRCC/prcc/rgb/train/149/B_cropped_rgb583.jpg,0,24,0.8765525817871094,0.7877373099327087,10,10,0.9999998807907104
0,R07,semantic_top1,78,3147,/data/datasets/PRCC/prcc/rgb/train/092/B_cropped_rgb322.jpg,/data/datasets/PRCC/prcc/rgb/train/149/B_cropped_rgb583.jpg,0,24,0.8679128885269165,0.7765282392501831,14,23,0.9999998807907104
0,R07,semantic_top1,79,11733,/data/datasets/PRCC/prcc/rgb/train/092/B_cropped_rgb328.jpg,/data/datasets/PRCC/prcc/rgb/train/253/B_cropped_rgb078.jpg,0,95,0.7371012568473816,0.5853392481803894,2453,2534,1.0000001192092896
0,R07,semantic_top1,80,3147,/data/datasets/PRCC/prcc/rgb/train/092/B_cropped_rgb331.jpg,/data/datasets/PRCC/prcc/rgb/train/149/B_cropped_rgb583.jpg,0,24,0.8478752374649048,0.7428986430168152,35,46,0.9999998807907104
0,R07,semantic_top1,81,3147,/data/datasets/PRCC/prcc/rgb/train/092/B_cropped_rgb334.jpg,/data/datasets/PRCC/prcc/rgb/train/149/B_cropped_rgb583.jpg,0,24,0.8589496612548828,0.7593173980712891,20,35,0.9999998807907104
0,R07,semantic_top1,82,11733,/data/datasets/PRCC/prcc/rgb/train/092/B_cropped_rgb380.jpg,/data/datasets/PRCC/prcc/rgb/train/253/B_cropped_rgb078.jpg,0,95,0.7594800591468811,0.6216782927513123,1901,1975,1.0000001192092896
0,R07,semantic_top1,83,3147,/data/datasets/PRCC/prcc/rgb/train/092/C_cropped_rgb001.jpg,/data/datasets/PRCC/prcc/rgb/train/149/B_cropped_rgb583.jpg,0,24,0.888335108757019,0.8107755780220032,1,2,0.9999998807907104
0,R07,semantic_top1,84,3147,/data/datasets/PRCC/prcc/rgb/train/092/C_cropped_rgb007.jpg,/data/datasets/PRCC/prcc/rgb/train/149/B_cropped_rgb583.jpg,0,24,0.8946142792701721,0.8162036538124084,4,9,0.9999998807907104
0,R07,semantic_top1,85,3147,/data/datasets/PRCC/prcc/rgb/train/092/C_cropped_rgb016.jpg,/data/datasets/PRCC/prcc/rgb/train/149/B_cropped_rgb583.jpg,0,24,0.8818483352661133,0.8000340461730957,1,1,0.9999998807907104
0,R07,semantic_top1,86,3147,/data/datasets/PRCC/prcc/rgb/train/092/C_cropped_rgb019.jpg,/data/datasets/PRCC/prcc/rgb/train/149/B_cropped_rgb583.jpg,0,24,0.8774002194404602,0.7885577082633972,2,4,0.9999998807907104
0,R07,semantic_top1,87,3147,/data/datasets/PRCC/prcc/rgb/train/092/C_cropped_rgb022.jpg,/data/datasets/PRCC/prcc/rgb/train/149/B_cropped_rgb583.jpg,0,24,0.8937908411026001,0.8170520663261414,1,1,0.9999998807907104
0,R07,semantic_top1,88,3147,/data/datasets/PRCC/prcc/rgb/train/092/C_cropped_rgb025.jpg,/data/datasets/PRCC/prcc/rgb/train/149/B_cropped_rgb583.jpg,0,24,0.8784396648406982,0.7926889657974243,1,3,0.9999998807907104
0,R07,semantic_top1,89,3147,/data/datasets/PRCC/prcc/rgb/train/092/C_cropped_rgb031.jpg,/data/datasets/PRCC/prcc/rgb/train/149/B_cropped_rgb583.jpg,0,24,0.8854308128356934,0.8059959411621094,6,7,0.9999998807907104
0,R07,semantic_top1,90,3147,/data/datasets/PRCC/prcc/rgb/train/092/C_cropped_rgb034.jpg,/data/datasets/PRCC/prcc/rgb/train/149/B_cropped_rgb583.jpg,0,24,0.8913717269897461,0.8153831958770752,1,2,0.9999998807907104
0,R07,semantic_top1,91,3147,/data/datasets/PRCC/prcc/rgb/train/092/C_cropped_rgb037.jpg,/data/datasets/PRCC/prcc/rgb/train/149/B_cropped_rgb583.jpg,0,24,0.8828698396682739,0.8044558167457581,4,3,0.9999998807907104
0,R07,semantic_top1,92,3147,/data/datasets/PRCC/prcc/rgb/train/092/C_cropped_rgb040.jpg,/data/datasets/PRCC/prcc/rgb/train/149/B_cropped_rgb583.jpg,0,24,0.8944661617279053,0.8255676627159119,1,1,0.9999998807907104
0,R07,semantic_top1,93,3147,/data/datasets/PRCC/prcc/rgb/train/092/C_cropped_rgb046.jpg,/data/datasets/PRCC/prcc/rgb/train/149/B_cropped_rgb583.jpg,0,24,0.8818740844726562,0.7987107038497925,1,3,0.9999998807907104
0,R07,semantic_top1,94,3147,/data/datasets/PRCC/prcc/rgb/train/092/C_cropped_rgb049.jpg,/data/datasets/PRCC/prcc/rgb/train/149/B_cropped_rgb583.jpg,0,24,0.8830856084823608,0.8050503134727478,4,7,0.9999998807907104
0,R07,semantic_top1,95,3147,/data/datasets/PRCC/prcc/rgb/train/092/C_cropped_rgb052.jpg,/data/datasets/PRCC/prcc/rgb/train/149/B_cropped_rgb583.jpg,0,24,0.8907240629196167,0.810591459274292,5,10,0.9999998807907104
0,R07,semantic_top1,96,3147,/data/datasets/PRCC/prcc/rgb/train/092/C_cropped_rgb055.jpg,/data/datasets/PRCC/prcc/rgb/train/149/B_cropped_rgb583.jpg,0,24,0.8913998603820801,0.8176467418670654,1,1,0.9999998807907104
0,R07,semantic_top1,97,3147,/data/datasets/PRCC/prcc/rgb/train/092/C_cropped_rgb064.jpg,/data/datasets/PRCC/prcc/rgb/train/149/B_cropped_rgb583.jpg,0,24,0.8873140811920166,0.8088445663452148,10,17,0.9999998807907104
0,R07,semantic_top1,98,3147,/data/datasets/PRCC/prcc/rgb/train/092/C_cropped_rgb067.jpg,/data/datasets/PRCC/prcc/rgb/train/149/B_cropped_rgb583.jpg,0,24,0.8883510828018188,0.8091973066329956,2,4,0.9999998807907104
0,R07,semantic_top1,99,3147,/data/datasets/PRCC/prcc/rgb/train/092/C_cropped_rgb070.jpg,/data/datasets/PRCC/prcc/rgb/train/149/B_cropped_rgb583.jpg,0,24,0.8853549361228943,0.80585116147995,2,6,0.9999998807907104
0,R07,hybrid_top1,0,3147,/data/datasets/PRCC/prcc/rgb/train/092/A_cropped_rgb001.jpg,/data/datasets/PRCC/prcc/rgb/train/149/B_cropped_rgb583.jpg,0,24,0.875569224357605,0.7989023327827454,8,9,0.9999998807907104
0,R07,hybrid_top1,1,3147,/data/datasets/PRCC/prcc/rgb/train/092/A_cropped_rgb004.jpg,/data/datasets/PRCC/prcc/rgb/train/149/B_cropped_rgb583.jpg,0,24,0.8674390316009521,0.7782517075538635,26,41,0.9999998807907104
0,R07,hybrid_top1,2,3147,/data/datasets/PRCC/prcc/rgb/train/092/A_cropped_rgb007.jpg,/data/datasets/PRCC/prcc/rgb/train/149/B_cropped_rgb583.jpg,0,24,0.8648730516433716,0.7717457413673401,19,29,0.9999998807907104
0,R07,hybrid_top1,3,3147,/data/datasets/PRCC/prcc/rgb/train/092/A_cropped_rgb010.jpg,/data/datasets/PRCC/prcc/rgb/train/149/B_cropped_rgb583.jpg,0,24,0.8613510727882385,0.7643797397613525,14,20,0.9999998807907104
0,R07,hybrid_top1,4,3147,/data/datasets/PRCC/prcc/rgb/train/092/A_cropped_rgb013.jpg,/data/datasets/PRCC/prcc/rgb/train/149/B_cropped_rgb583.jpg,0,24,0.8575009107589722,0.7627722024917603,69,93,0.9999998807907104
0,R07,hybrid_top1,5,3147,/data/datasets/PRCC/prcc/rgb/train/092/A_cropped_rgb016.jpg,/data/datasets/PRCC/prcc/rgb/train/149/B_cropped_rgb583.jpg,0,24,0.8676241636276245,0.7827032804489136,5,7,0.9999998807907104
0,R07,hybrid_top1,6,3147,/data/datasets/PRCC/prcc/rgb/train/092/A_cropped_rgb019.jpg,/data/datasets/PRCC/prcc/rgb/train/149/B_cropped_rgb583.jpg,0,24,0.8824165463447571,0.8002219200134277,2,2,0.9999998807907104
0,R07,hybrid_top1,7,3147,/data/datasets/PRCC/prcc/rgb/train/092/A_cropped_rgb022.jpg,/data/datasets/PRCC/prcc/rgb/train/149/B_cropped_rgb583.jpg,0,24,0.8639563322067261,0.7757080793380737,8,11,0.9999998807907104
0,R07,hybrid_top1,8,3147,/data/datasets/PRCC/prcc/rgb/train/092/A_cropped_rgb025.jpg,/data/datasets/PRCC/prcc/rgb/train/149/B_cropped_rgb583.jpg,0,24,0.8786569237709045,0.7963049411773682,7,10,0.9999998807907104
0,R07,hybrid_top1,9,3147,/data/datasets/PRCC/prcc/rgb/train/092/A_cropped_rgb028.jpg,/data/datasets/PRCC/prcc/rgb/train/149/B_cropped_rgb583.jpg,0,24,0.8627936840057373,0.7722969055175781,32,40,0.9999998807907104
0,R07,hybrid_top1,10,3147,/data/datasets/PRCC/prcc/rgb/train/092/A_cropped_rgb035.jpg,/data/datasets/PRCC/prcc/rgb/train/149/B_cropped_rgb583.jpg,0,24,0.8558530807495117,0.7586064338684082,3,7,0.9999998807907104
0,R07,hybrid_top1,11,3147,/data/datasets/PRCC/prcc/rgb/train/092/A_cropped_rgb037.jpg,/data/datasets/PRCC/prcc/rgb/train/149/B_cropped_rgb583.jpg,0,24,0.8717426061630249,0.7871676087379456,2,2,0.9999998807907104
0,R07,hybrid_top1,12,3147,/data/datasets/PRCC/prcc/rgb/train/092/A_cropped_rgb040.jpg,/data/datasets/PRCC/prcc/rgb/train/149/B_cropped_rgb583.jpg,0,24,0.8689637780189514,0.783379852771759,5,8,0.9999998807907104
0,R07,hybrid_top1,13,3147,/data/datasets/PRCC/prcc/rgb/train/092/A_cropped_rgb046.jpg,/data/datasets/PRCC/prcc/rgb/train/149/B_cropped_rgb583.jpg,0,24,0.8620395660400391,0.7664793133735657,13,17,0.9999998807907104
0,R07,hybrid_top1,14,3147,/data/datasets/PRCC/prcc/rgb/train/092/A_cropped_rgb055.jpg,/data/datasets/PRCC/prcc/rgb/train/149/B_cropped_rgb583.jpg,0,24,0.8609713315963745,0.7639332413673401,9,18,0.9999998807907104
0,R07,hybrid_top1,15,3147,/data/datasets/PRCC/prcc/rgb/train/092/A_cropped_rgb058.jpg,/data/datasets/PRCC/prcc/rgb/train/149/B_cropped_rgb583.jpg,0,24,0.8681427240371704,0.7830522060394287,10,11,0.9999998807907104
0,R07,hybrid_top1,16,3147,/data/datasets/PRCC/prcc/rgb/train/092/A_cropped_rgb067.jpg,/data/datasets/PRCC/prcc/rgb/train/149/B_cropped_rgb583.jpg,0,24,0.8713183403015137,0.7799989581108093,5,6,0.9999998807907104
0,R07,hybrid_top1,17,3147,/data/datasets/PRCC/prcc/rgb/train/092/A_cropped_rgb070.jpg,/data/datasets/PRCC/prcc/rgb/train/149/B_cropped_rgb583.jpg,0,24,0.8658122420310974,0.7705862522125244,13,18,0.9999998807907104
0,R07,hybrid_top1,18,3147,/data/datasets/PRCC/prcc/rgb/train/092/A_cropped_rgb090.jpg,/data/datasets/PRCC/prcc/rgb/train/149/B_cropped_rgb583.jpg,0,24,0.8646559715270996,0.7795515060424805,6,5,0.9999998807907104
0,R07,hybrid_top1,19,4258,/data/datasets/PRCC/prcc/rgb/train/092/A_cropped_rgb154.jpg,/data/datasets/PRCC/prcc/rgb/train/164/B_cropped_rgb047.jpg,0,33,0.7450370192527771,0.5919381380081177,2704,2804,1.0000001192092896
0,R07,hybrid_top1,20,3147,/data/datasets/PRCC/prcc/rgb/train/092/A_cropped_rgb172.jpg,/data/datasets/PRCC/prcc/rgb/train/149/B_cropped_rgb583.jpg,0,24,0.8670390844345093,0.7761955261230469,10,13,0.9999998807907104
0,R07,hybrid_top1,21,3147,/data/datasets/PRCC/prcc/rgb/train/092/A_cropped_rgb173.jpg,/data/datasets/PRCC/prcc/rgb/train/149/B_cropped_rgb583.jpg,0,24,0.8591310977935791,0.7634958028793335,27,32,0.9999998807907104
0,R07,hybrid_top1,22,3147,/data/datasets/PRCC/prcc/rgb/train/092/A_cropped_rgb181.jpg,/data/datasets/PRCC/prcc/rgb/train/149/B_cropped_rgb583.jpg,0,24,0.8307384848594666,0.7157764434814453,213,338,0.9999998807907104
0,R07,hybrid_top1,23,3147,/data/datasets/PRCC/prcc/rgb/train/092/A_cropped_rgb190.jpg,/data/datasets/PRCC/prcc/rgb/train/149/B_cropped_rgb583.jpg,0,24,0.8817994594573975,0.8029994368553162,7,10,0.9999998807907104
0,R07,hybrid_top1,24,3147,/data/datasets/PRCC/prcc/rgb/train/092/A_cropped_rgb193.jpg,/data/datasets/PRCC/prcc/rgb/train/149/B_cropped_rgb583.jpg,0,24,0.872421383857727,0.7814687490463257,4,16,0.9999998807907104
0,R07,hybrid_top1,25,3147,/data/datasets/PRCC/prcc/rgb/train/092/A_cropped_rgb196.jpg,/data/datasets/PRCC/prcc/rgb/train/149/B_cropped_rgb583.jpg,0,24,0.8833688497543335,0.8031824827194214,2,2,0.9999998807907104
0,R07,hybrid_top1,26,3147,/data/datasets/PRCC/prcc/rgb/train/092/A_cropped_rgb199.jpg,/data/datasets/PRCC/prcc/rgb/train/149/B_cropped_rgb583.jpg,0,24,0.8956340551376343,0.8246243000030518,1,1,0.9999998807907104
0,R07,hybrid_top1,27,3147,/data/datasets/PRCC/prcc/rgb/train/092/A_cropped_rgb202.jpg,/data/datasets/PRCC/prcc/rgb/train/149/B_cropped_rgb583.jpg,0,24,0.879752516746521,0.8017920851707458,1,1,0.9999998807907104
0,R07,hybrid_top1,28,3147,/data/datasets/PRCC/prcc/rgb/train/092/A_cropped_rgb205.jpg,/data/datasets/PRCC/prcc/rgb/train/149/B_cropped_rgb583.jpg,0,24,0.881179928779602,0.8092724084854126,1,1,0.9999998807907104
0,R07,hybrid_top1,29,3147,/data/datasets/PRCC/prcc/rgb/train/092/A_cropped_rgb208.jpg,/data/datasets/PRCC/prcc/rgb/train/149/B_cropped_rgb583.jpg,0,24,0.8883233666419983,0.8240112662315369,1,1,0.9999998807907104
0,R07,hybrid_top1,30,3147,/data/datasets/PRCC/prcc/rgb/train/092/A_cropped_rgb217.jpg,/data/datasets/PRCC/prcc/rgb/train/149/B_cropped_rgb583.jpg,0,24,0.8711629509925842,0.7757655382156372,2,2,0.9999998807907104
0,R07,hybrid_top1,31,3147,/data/datasets/PRCC/prcc/rgb/train/092/A_cropped_rgb226.jpg,/data/datasets/PRCC/prcc/rgb/train/149/B_cropped_rgb583.jpg,0,24,0.878731906414032,0.8040831089019775,6,6,0.9999998807907104
0,R07,hybrid_top1,32,3147,/data/datasets/PRCC/prcc/rgb/train/092/A_cropped_rgb232.jpg,/data/datasets/PRCC/prcc/rgb/train/149/B_cropped_rgb583.jpg,0,24,0.862834632396698,0.7705538272857666,14,21,0.9999998807907104
0,R07,hybrid_top1,33,11733,/data/datasets/PRCC/prcc/rgb/train/092/A_cropped_rgb238.jpg,/data/datasets/PRCC/prcc/rgb/train/253/B_cropped_rgb078.jpg,0,95,0.764846920967102,0.6313762664794922,1853,1682,1.0000001192092896
0,R07,hybrid_top1,34,7558,/data/datasets/PRCC/prcc/rgb/train/092/A_cropped_rgb361.jpg,/data/datasets/PRCC/prcc/rgb/train/206/A_cropped_rgb007.jpg,0,61,0.7210369110107422,0.5708534717559814,4514,3985,1.0
0,R07,hybrid_top1,35,3147,/data/datasets/PRCC/prcc/rgb/train/092/A_cropped_rgb364.jpg,/data/datasets/PRCC/prcc/rgb/train/149/B_cropped_rgb583.jpg,0,24,0.8407155871391296,0.7294608354568481,74,115,0.9999998807907104
0,R07,hybrid_top1,36,3147,/data/datasets/PRCC/prcc/rgb/train/092/A_cropped_rgb370.jpg,/data/datasets/PRCC/prcc/rgb/train/149/B_cropped_rgb583.jpg,0,24,0.8574243783950806,0.7683737277984619,46,57,0.9999998807907104
0,R07,hybrid_top1,37,3147,/data/datasets/PRCC/prcc/rgb/train/092/A_cropped_rgb373.jpg,/data/datasets/PRCC/prcc/rgb/train/149/B_cropped_rgb583.jpg,0,24,0.8300521373748779,0.7175494432449341,190,269,0.9999998807907104
0,R07,hybrid_top1,38,3147,/data/datasets/PRCC/prcc/rgb/train/092/A_cropped_rgb376.jpg,/data/datasets/PRCC/prcc/rgb/train/149/B_cropped_rgb583.jpg,0,24,0.8312992453575134,0.7174728512763977,108,183,0.9999998807907104
0,R07,hybrid_top1,39,3147,/data/datasets/PRCC/prcc/rgb/train/092/A_cropped_rgb415.jpg,/data/datasets/PRCC/prcc/rgb/train/149/B_cropped_rgb583.jpg,0,24,0.8714237809181213,0.7894490957260132,11,19,0.9999998807907104
0,R07,hybrid_top1,40,3147,/data/datasets/PRCC/prcc/rgb/train/092/A_cropped_rgb418.jpg,/data/datasets/PRCC/prcc/rgb/train/149/B_cropped_rgb583.jpg,0,24,0.8753643035888672,0.7998400330543518,1,1,0.9999998807907104
0,R07,hybrid_top1,41,3147,/data/datasets/PRCC/prcc/rgb/train/092/A_cropped_rgb421.jpg,/data/datasets/PRCC/prcc/rgb/train/149/B_cropped_rgb583.jpg,0,24,0.8684253692626953,0.7881404161453247,1,1,0.9999998807907104
0,R07,hybrid_top1,42,11733,/data/datasets/PRCC/prcc/rgb/train/092/A_cropped_rgb467.jpg,/data/datasets/PRCC/prcc/rgb/train/253/B_cropped_rgb078.jpg,0,95,0.7354332208633423,0.5915244817733765,2662,2463,1.0000001192092896
0,R07,hybrid_top1,43,3147,/data/datasets/PRCC/prcc/rgb/train/092/B_cropped_rgb012.jpg,/data/datasets/PRCC/prcc/rgb/train/149/B_cropped_rgb583.jpg,0,24,0.844761312007904,0.743038535118103,163,226,0.9999998807907104
0,R07,hybrid_top1,44,3147,/data/datasets/PRCC/prcc/rgb/train/092/B_cropped_rgb024.jpg,/data/datasets/PRCC/prcc/rgb/train/149/B_cropped_rgb583.jpg,0,24,0.8420470952987671,0.7443753480911255,175,219,0.9999998807907104
0,R07,hybrid_top1,45,3147,/data/datasets/PRCC/prcc/rgb/train/092/B_cropped_rgb066.jpg,/data/datasets/PRCC/prcc/rgb/train/149/B_cropped_rgb583.jpg,0,24,0.8525289297103882,0.7504323720932007,27,41,0.9999998807907104
0,R07,hybrid_top1,46,3147,/data/datasets/PRCC/prcc/rgb/train/092/B_cropped_rgb092.jpg,/data/datasets/PRCC/prcc/rgb/train/149/B_cropped_rgb583.jpg,0,24,0.8502357006072998,0.7445058226585388,122,179,0.9999998807907104
0,R07,hybrid_top1,47,3147,/data/datasets/PRCC/prcc/rgb/train/092/B_cropped_rgb112.jpg,/data/datasets/PRCC/prcc/rgb/train/149/B_cropped_rgb583.jpg,0,24,0.8710049986839294,0.7745265960693359,10,20,0.9999998807907104
0,R07,hybrid_top1,48,3147,/data/datasets/PRCC/prcc/rgb/train/092/B_cropped_rgb115.jpg,/data/datasets/PRCC/prcc/rgb/train/149/B_cropped_rgb583.jpg,0,24,0.8655657172203064,0.7679929733276367,18,44,0.9999998807907104
0,R07,hybrid_top1,49,3147,/data/datasets/PRCC/prcc/rgb/train/092/B_cropped_rgb118.jpg,/data/datasets/PRCC/prcc/rgb/train/149/B_cropped_rgb583.jpg,0,24,0.8574441075325012,0.7551582455635071,13,29,0.9999998807907104
0,R07,hybrid_top1,50,3147,/data/datasets/PRCC/prcc/rgb/train/092/B_cropped_rgb121.jpg,/data/datasets/PRCC/prcc/rgb/train/149/B_cropped_rgb583.jpg,0,24,0.8680589199066162,0.7689423561096191,6,20,0.9999998807907104
0,R07,hybrid_top1,51,3147,/data/datasets/PRCC/prcc/rgb/train/092/B_cropped_rgb127.jpg,/data/datasets/PRCC/prcc/rgb/train/149/B_cropped_rgb583.jpg,0,24,0.8669694066047668,0.772172212600708,7,12,0.9999998807907104
0,R07,hybrid_top1,52,3147,/data/datasets/PRCC/prcc/rgb/train/092/B_cropped_rgb133.jpg,/data/datasets/PRCC/prcc/rgb/train/149/B_cropped_rgb583.jpg,0,24,0.8845022916793823,0.7989553809165955,1,2,0.9999998807907104
0,R07,hybrid_top1,53,3147,/data/datasets/PRCC/prcc/rgb/train/092/B_cropped_rgb136.jpg,/data/datasets/PRCC/prcc/rgb/train/149/B_cropped_rgb583.jpg,0,24,0.8875927925109863,0.8070071935653687,1,1,0.9999998807907104
0,R07,hybrid_top1,54,3147,/data/datasets/PRCC/prcc/rgb/train/092/B_cropped_rgb139.jpg,/data/datasets/PRCC/prcc/rgb/train/149/B_cropped_rgb583.jpg,0,24,0.8823890686035156,0.7952720522880554,2,2,0.9999998807907104
0,R07,hybrid_top1,55,11733,/data/datasets/PRCC/prcc/rgb/train/092/B_cropped_rgb142.jpg,/data/datasets/PRCC/prcc/rgb/train/253/B_cropped_rgb078.jpg,0,95,0.7691383361816406,0.6309954524040222,1815,1798,1.0000001192092896
0,R07,hybrid_top1,56,3147,/data/datasets/PRCC/prcc/rgb/train/092/B_cropped_rgb145.jpg,/data/datasets/PRCC/prcc/rgb/train/149/B_cropped_rgb583.jpg,0,24,0.8650068044662476,0.7656363248825073,35,58,0.9999998807907104
0,R07,hybrid_top1,57,3147,/data/datasets/PRCC/prcc/rgb/train/092/B_cropped_rgb148.jpg,/data/datasets/PRCC/prcc/rgb/train/149/B_cropped_rgb583.jpg,0,24,0.8807977437973022,0.7911446690559387,26,31,0.9999998807907104
0,R07,hybrid_top1,58,11733,/data/datasets/PRCC/prcc/rgb/train/092/B_cropped_rgb149.jpg,/data/datasets/PRCC/prcc/rgb/train/253/B_cropped_rgb078.jpg,0,95,0.725067138671875,0.5688354969024658,3225,3188,1.0000001192092896
0,R07,hybrid_top1,59,3147,/data/datasets/PRCC/prcc/rgb/train/092/B_cropped_rgb154.jpg,/data/datasets/PRCC/prcc/rgb/train/149/B_cropped_rgb583.jpg,0,24,0.8631644248962402,0.7661916017532349,26,34,0.9999998807907104
0,R07,hybrid_top1,60,3147,/data/datasets/PRCC/prcc/rgb/train/092/B_cropped_rgb157.jpg,/data/datasets/PRCC/prcc/rgb/train/149/B_cropped_rgb583.jpg,0,24,0.8663772344589233,0.7772530913352966,25,28,0.9999998807907104
0,R07,hybrid_top1,61,3147,/data/datasets/PRCC/prcc/rgb/train/092/B_cropped_rgb163.jpg,/data/datasets/PRCC/prcc/rgb/train/149/B_cropped_rgb583.jpg,0,24,0.8790637254714966,0.7938988208770752,15,25,0.9999998807907104
0,R07,hybrid_top1,62,3147,/data/datasets/PRCC/prcc/rgb/train/092/B_cropped_rgb166.jpg,/data/datasets/PRCC/prcc/rgb/train/149/B_cropped_rgb583.jpg,0,24,0.8719784021377563,0.7838333249092102,17,21,0.9999998807907104
0,R07,hybrid_top1,63,3147,/data/datasets/PRCC/prcc/rgb/train/092/B_cropped_rgb169.jpg,/data/datasets/PRCC/prcc/rgb/train/149/B_cropped_rgb583.jpg,0,24,0.8679279685020447,0.7703089118003845,15,19,0.9999998807907104
0,R07,hybrid_top1,64,3147,/data/datasets/PRCC/prcc/rgb/train/092/B_cropped_rgb172.jpg,/data/datasets/PRCC/prcc/rgb/train/149/B_cropped_rgb583.jpg,0,24,0.8855618834495544,0.797518253326416,3,6,0.9999998807907104
0,R07,hybrid_top1,65,3147,/data/datasets/PRCC/prcc/rgb/train/092/B_cropped_rgb176.jpg,/data/datasets/PRCC/prcc/rgb/train/149/B_cropped_rgb583.jpg,0,24,0.8545767068862915,0.752084493637085,45,58,0.9999998807907104
0,R07,hybrid_top1,66,3147,/data/datasets/PRCC/prcc/rgb/train/092/B_cropped_rgb177.jpg,/data/datasets/PRCC/prcc/rgb/train/149/B_cropped_rgb583.jpg,0,24,0.8613204956054688,0.7640818953514099,27,37,0.9999998807907104
0,R07,hybrid_top1,67,3147,/data/datasets/PRCC/prcc/rgb/train/092/B_cropped_rgb199.jpg,/data/datasets/PRCC/prcc/rgb/train/149/B_cropped_rgb583.jpg,0,24,0.8316662311553955,0.7327471971511841,92,99,0.9999998807907104
0,R07,hybrid_top1,68,3147,/data/datasets/PRCC/prcc/rgb/train/092/B_cropped_rgb206.jpg,/data/datasets/PRCC/prcc/rgb/train/149/B_cropped_rgb583.jpg,0,24,0.8532939553260803,0.7538068294525146,102,138,0.9999998807907104
0,R07,hybrid_top1,69,3147,/data/datasets/PRCC/prcc/rgb/train/092/B_cropped_rgb227.jpg,/data/datasets/PRCC/prcc/rgb/train/149/B_cropped_rgb583.jpg,0,24,0.8470101356506348,0.745734691619873,139,177,0.9999998807907104
0,R07,hybrid_top1,70,3147,/data/datasets/PRCC/prcc/rgb/train/092/B_cropped_rgb292.jpg,/data/datasets/PRCC/prcc/rgb/train/149/B_cropped_rgb583.jpg,0,24,0.8880113363265991,0.8058270215988159,4,5,0.9999998807907104
0,R07,hybrid_top1,71,3147,/data/datasets/PRCC/prcc/rgb/train/092/B_cropped_rgb295.jpg,/data/datasets/PRCC/prcc/rgb/train/149/B_cropped_rgb583.jpg,0,24,0.890242874622345,0.8116872906684875,1,2,0.9999998807907104
0,R07,hybrid_top1,72,3147,/data/datasets/PRCC/prcc/rgb/train/092/B_cropped_rgb298.jpg,/data/datasets/PRCC/prcc/rgb/train/149/B_cropped_rgb583.jpg,0,24,0.8731338381767273,0.7865840196609497,12,14,0.9999998807907104
0,R07,hybrid_top1,73,3147,/data/datasets/PRCC/prcc/rgb/train/092/B_cropped_rgb301.jpg,/data/datasets/PRCC/prcc/rgb/train/149/B_cropped_rgb583.jpg,0,24,0.8912270069122314,0.816862165927887,1,2,0.9999998807907104
0,R07,hybrid_top1,74,3147,/data/datasets/PRCC/prcc/rgb/train/092/B_cropped_rgb304.jpg,/data/datasets/PRCC/prcc/rgb/train/149/B_cropped_rgb583.jpg,0,24,0.8778442144393921,0.7909417748451233,1,2,0.9999998807907104
0,R07,hybrid_top1,75,3147,/data/datasets/PRCC/prcc/rgb/train/092/B_cropped_rgb307.jpg,/data/datasets/PRCC/prcc/rgb/train/149/B_cropped_rgb583.jpg,0,24,0.8774545788764954,0.7885697484016418,4,7,0.9999998807907104
0,R07,hybrid_top1,76,3147,/data/datasets/PRCC/prcc/rgb/train/092/B_cropped_rgb310.jpg,/data/datasets/PRCC/prcc/rgb/train/149/B_cropped_rgb583.jpg,0,24,0.8776702284812927,0.7859833240509033,4,8,0.9999998807907104
0,R07,hybrid_top1,77,3147,/data/datasets/PRCC/prcc/rgb/train/092/B_cropped_rgb313.jpg,/data/datasets/PRCC/prcc/rgb/train/149/B_cropped_rgb583.jpg,0,24,0.8765525817871094,0.7877373099327087,10,10,0.9999998807907104
0,R07,hybrid_top1,78,3147,/data/datasets/PRCC/prcc/rgb/train/092/B_cropped_rgb322.jpg,/data/datasets/PRCC/prcc/rgb/train/149/B_cropped_rgb583.jpg,0,24,0.8679128885269165,0.7765282392501831,14,23,0.9999998807907104
0,R07,hybrid_top1,79,11733,/data/datasets/PRCC/prcc/rgb/train/092/B_cropped_rgb328.jpg,/data/datasets/PRCC/prcc/rgb/train/253/B_cropped_rgb078.jpg,0,95,0.7371012568473816,0.5853392481803894,2453,2534,1.0000001192092896
0,R07,hybrid_top1,80,3147,/data/datasets/PRCC/prcc/rgb/train/092/B_cropped_rgb331.jpg,/data/datasets/PRCC/prcc/rgb/train/149/B_cropped_rgb583.jpg,0,24,0.8478752374649048,0.7428986430168152,35,46,0.9999998807907104
0,R07,hybrid_top1,81,3147,/data/datasets/PRCC/prcc/rgb/train/092/B_cropped_rgb334.jpg,/data/datasets/PRCC/prcc/rgb/train/149/B_cropped_rgb583.jpg,0,24,0.8589496612548828,0.7593173980712891,20,35,0.9999998807907104
0,R07,hybrid_top1,82,11733,/data/datasets/PRCC/prcc/rgb/train/092/B_cropped_rgb380.jpg,/data/datasets/PRCC/prcc/rgb/train/253/B_cropped_rgb078.jpg,0,95,0.7594800591468811,0.6216782927513123,1901,1975,1.0000001192092896
0,R07,hybrid_top1,83,3147,/data/datasets/PRCC/prcc/rgb/train/092/C_cropped_rgb001.jpg,/data/datasets/PRCC/prcc/rgb/train/149/B_cropped_rgb583.jpg,0,24,0.888335108757019,0.8107755780220032,1,2,0.9999998807907104
0,R07,hybrid_top1,84,3147,/data/datasets/PRCC/prcc/rgb/train/092/C_cropped_rgb007.jpg,/data/datasets/PRCC/prcc/rgb/train/149/B_cropped_rgb583.jpg,0,24,0.8946142792701721,0.8162036538124084,4,9,0.9999998807907104
0,R07,hybrid_top1,85,3147,/data/datasets/PRCC/prcc/rgb/train/092/C_cropped_rgb016.jpg,/data/datasets/PRCC/prcc/rgb/train/149/B_cropped_rgb583.jpg,0,24,0.8818483352661133,0.8000340461730957,1,1,0.9999998807907104
0,R07,hybrid_top1,86,3147,/data/datasets/PRCC/prcc/rgb/train/092/C_cropped_rgb019.jpg,/data/datasets/PRCC/prcc/rgb/train/149/B_cropped_rgb583.jpg,0,24,0.8774002194404602,0.7885577082633972,2,4,0.9999998807907104
0,R07,hybrid_top1,87,3147,/data/datasets/PRCC/prcc/rgb/train/092/C_cropped_rgb022.jpg,/data/datasets/PRCC/prcc/rgb/train/149/B_cropped_rgb583.jpg,0,24,0.8937908411026001,0.8170520663261414,1,1,0.9999998807907104
0,R07,hybrid_top1,88,3147,/data/datasets/PRCC/prcc/rgb/train/092/C_cropped_rgb025.jpg,/data/datasets/PRCC/prcc/rgb/train/149/B_cropped_rgb583.jpg,0,24,0.8784396648406982,0.7926889657974243,1,3,0.9999998807907104
0,R07,hybrid_top1,89,3147,/data/datasets/PRCC/prcc/rgb/train/092/C_cropped_rgb031.jpg,/data/datasets/PRCC/prcc/rgb/train/149/B_cropped_rgb583.jpg,0,24,0.8854308128356934,0.8059959411621094,6,7,0.9999998807907104
0,R07,hybrid_top1,90,3147,/data/datasets/PRCC/prcc/rgb/train/092/C_cropped_rgb034.jpg,/data/datasets/PRCC/prcc/rgb/train/149/B_cropped_rgb583.jpg,0,24,0.8913717269897461,0.8153831958770752,1,2,0.9999998807907104
0,R07,hybrid_top1,91,3147,/data/datasets/PRCC/prcc/rgb/train/092/C_cropped_rgb037.jpg,/data/datasets/PRCC/prcc/rgb/train/149/B_cropped_rgb583.jpg,0,24,0.8828698396682739,0.8044558167457581,4,3,0.9999998807907104
0,R07,hybrid_top1,92,3147,/data/datasets/PRCC/prcc/rgb/train/092/C_cropped_rgb040.jpg,/data/datasets/PRCC/prcc/rgb/train/149/B_cropped_rgb583.jpg,0,24,0.8944661617279053,0.8255676627159119,1,1,0.9999998807907104
0,R07,hybrid_top1,93,3147,/data/datasets/PRCC/prcc/rgb/train/092/C_cropped_rgb046.jpg,/data/datasets/PRCC/prcc/rgb/train/149/B_cropped_rgb583.jpg,0,24,0.8818740844726562,0.7987107038497925,1,3,0.9999998807907104
0,R07,hybrid_top1,94,3147,/data/datasets/PRCC/prcc/rgb/train/092/C_cropped_rgb049.jpg,/data/datasets/PRCC/prcc/rgb/train/149/B_cropped_rgb583.jpg,0,24,0.8830856084823608,0.8050503134727478,4,7,0.9999998807907104
0,R07,hybrid_top1,95,3147,/data/datasets/PRCC/prcc/rgb/train/092/C_cropped_rgb052.jpg,/data/datasets/PRCC/prcc/rgb/train/149/B_cropped_rgb583.jpg,0,24,0.8907240629196167,0.810591459274292,5,10,0.9999998807907104
0,R07,hybrid_top1,96,3147,/data/datasets/PRCC/prcc/rgb/train/092/C_cropped_rgb055.jpg,/data/datasets/PRCC/prcc/rgb/train/149/B_cropped_rgb583.jpg,0,24,0.8913998603820801,0.8176467418670654,1,1,0.9999998807907104
0,R07,hybrid_top1,97,3147,/data/datasets/PRCC/prcc/rgb/train/092/C_cropped_rgb064.jpg,/data/datasets/PRCC/prcc/rgb/train/149/B_cropped_rgb583.jpg,0,24,0.8873140811920166,0.8088445663452148,10,17,0.9999998807907104
0,R07,hybrid_top1,98,3147,/data/datasets/PRCC/prcc/rgb/train/092/C_cropped_rgb067.jpg,/data/datasets/PRCC/prcc/rgb/train/149/B_cropped_rgb583.jpg,0,24,0.8883510828018188,0.8091973066329956,2,4,0.9999998807907104
0,R07,hybrid_top1,99,3147,/data/datasets/PRCC/prcc/rgb/train/092/C_cropped_rgb070.jpg,/data/datasets/PRCC/prcc/rgb/train/149/B_cropped_rgb583.jpg,0,24,0.8853549361228943,0.80585116147995,2,6,0.9999998807907104
0,R11,semantic_top1,0,3147,/data/datasets/PRCC/prcc/rgb/train/092/A_cropped_rgb001.jpg,/data/datasets/PRCC/prcc/rgb/train/149/B_cropped_rgb583.jpg,0,24,0.875569224357605,0.7969571352005005,8,15,0.9999998807907104
0,R11,semantic_top1,1,3147,/data/datasets/PRCC/prcc/rgb/train/092/A_cropped_rgb004.jpg,/data/datasets/PRCC/prcc/rgb/train/149/B_cropped_rgb583.jpg,0,24,0.8674390316009521,0.7758120894432068,26,53,0.9999998807907104
0,R11,semantic_top1,2,3147,/data/datasets/PRCC/prcc/rgb/train/092/A_cropped_rgb007.jpg,/data/datasets/PRCC/prcc/rgb/train/149/B_cropped_rgb583.jpg,0,24,0.8648730516433716,0.7694171667098999,19,41,0.9999998807907104
0,R11,semantic_top1,3,3147,/data/datasets/PRCC/prcc/rgb/train/092/A_cropped_rgb010.jpg,/data/datasets/PRCC/prcc/rgb/train/149/B_cropped_rgb583.jpg,0,24,0.8613510727882385,0.762973427772522,14,25,0.9999998807907104
0,R11,semantic_top1,4,3147,/data/datasets/PRCC/prcc/rgb/train/092/A_cropped_rgb013.jpg,/data/datasets/PRCC/prcc/rgb/train/149/B_cropped_rgb583.jpg,0,24,0.8575009107589722,0.761960506439209,69,102,0.9999998807907104
0,R11,semantic_top1,5,3147,/data/datasets/PRCC/prcc/rgb/train/092/A_cropped_rgb016.jpg,/data/datasets/PRCC/prcc/rgb/train/149/B_cropped_rgb583.jpg,0,24,0.8676241636276245,0.7805485725402832,5,10,0.9999998807907104
0,R11,semantic_top1,6,3147,/data/datasets/PRCC/prcc/rgb/train/092/A_cropped_rgb019.jpg,/data/datasets/PRCC/prcc/rgb/train/149/B_cropped_rgb583.jpg,0,24,0.8824165463447571,0.7986972332000732,2,3,0.9999998807907104
0,R11,semantic_top1,7,3147,/data/datasets/PRCC/prcc/rgb/train/092/A_cropped_rgb022.jpg,/data/datasets/PRCC/prcc/rgb/train/149/B_cropped_rgb583.jpg,0,24,0.8639563322067261,0.7734555006027222,8,14,0.9999998807907104
0,R11,semantic_top1,8,3147,/data/datasets/PRCC/prcc/rgb/train/092/A_cropped_rgb025.jpg,/data/datasets/PRCC/prcc/rgb/train/149/B_cropped_rgb583.jpg,0,24,0.8786569237709045,0.7948788404464722,7,15,0.9999998807907104
0,R11,semantic_top1,9,3147,/data/datasets/PRCC/prcc/rgb/train/092/A_cropped_rgb028.jpg,/data/datasets/PRCC/prcc/rgb/train/149/B_cropped_rgb583.jpg,0,24,0.8627936840057373,0.7702655792236328,32,51,0.9999998807907104
0,R11,semantic_top1,10,3147,/data/datasets/PRCC/prcc/rgb/train/092/A_cropped_rgb035.jpg,/data/datasets/PRCC/prcc/rgb/train/149/B_cropped_rgb583.jpg,0,24,0.8558530807495117,0.7563823461532593,3,13,0.9999998807907104
0,R11,semantic_top1,11,3147,/data/datasets/PRCC/prcc/rgb/train/092/A_cropped_rgb037.jpg,/data/datasets/PRCC/prcc/rgb/train/149/B_cropped_rgb583.jpg,0,24,0.8717426061630249,0.7862981557846069,2,4,0.9999998807907104
0,R11,semantic_top1,12,3147,/data/datasets/PRCC/prcc/rgb/train/092/A_cropped_rgb040.jpg,/data/datasets/PRCC/prcc/rgb/train/149/B_cropped_rgb583.jpg,0,24,0.8689637780189514,0.7825453281402588,5,10,0.9999998807907104
0,R11,semantic_top1,13,3147,/data/datasets/PRCC/prcc/rgb/train/092/A_cropped_rgb046.jpg,/data/datasets/PRCC/prcc/rgb/train/149/B_cropped_rgb583.jpg,0,24,0.8620395660400391,0.763504147529602,13,27,0.9999998807907104
0,R11,semantic_top1,14,3147,/data/datasets/PRCC/prcc/rgb/train/092/A_cropped_rgb055.jpg,/data/datasets/PRCC/prcc/rgb/train/149/B_cropped_rgb583.jpg,0,24,0.8609713315963745,0.7609680891036987,9,26,0.9999998807907104
0,R11,semantic_top1,15,3147,/data/datasets/PRCC/prcc/rgb/train/092/A_cropped_rgb058.jpg,/data/datasets/PRCC/prcc/rgb/train/149/B_cropped_rgb583.jpg,0,24,0.8681427240371704,0.7798053622245789,10,13,0.9999998807907104
0,R11,semantic_top1,16,3147,/data/datasets/PRCC/prcc/rgb/train/092/A_cropped_rgb067.jpg,/data/datasets/PRCC/prcc/rgb/train/149/B_cropped_rgb583.jpg,0,24,0.8713183403015137,0.7766526937484741,5,11,0.9999998807907104
0,R11,semantic_top1,17,3147,/data/datasets/PRCC/prcc/rgb/train/092/A_cropped_rgb070.jpg,/data/datasets/PRCC/prcc/rgb/train/149/B_cropped_rgb583.jpg,0,24,0.8658122420310974,0.7662131190299988,13,20,0.9999998807907104
0,R11,semantic_top1,18,3147,/data/datasets/PRCC/prcc/rgb/train/092/A_cropped_rgb090.jpg,/data/datasets/PRCC/prcc/rgb/train/149/B_cropped_rgb583.jpg,0,24,0.8646559715270996,0.7722823619842529,6,14,0.9999998807907104
0,R11,semantic_top1,19,4258,/data/datasets/PRCC/prcc/rgb/train/092/A_cropped_rgb154.jpg,/data/datasets/PRCC/prcc/rgb/train/164/B_cropped_rgb047.jpg,0,33,0.7450370192527771,0.5972567796707153,2704,2769,1.0000001192092896
0,R11,semantic_top1,20,3147,/data/datasets/PRCC/prcc/rgb/train/092/A_cropped_rgb172.jpg,/data/datasets/PRCC/prcc/rgb/train/149/B_cropped_rgb583.jpg,0,24,0.8670390844345093,0.7690646648406982,10,24,0.9999998807907104
0,R11,semantic_top1,21,3147,/data/datasets/PRCC/prcc/rgb/train/092/A_cropped_rgb173.jpg,/data/datasets/PRCC/prcc/rgb/train/149/B_cropped_rgb583.jpg,0,24,0.8591310977935791,0.7585450410842896,27,37,0.9999998807907104
0,R11,semantic_top1,22,3147,/data/datasets/PRCC/prcc/rgb/train/092/A_cropped_rgb181.jpg,/data/datasets/PRCC/prcc/rgb/train/149/B_cropped_rgb583.jpg,0,24,0.8307384848594666,0.7070068717002869,213,457,0.9999998807907104
0,R11,semantic_top1,23,3147,/data/datasets/PRCC/prcc/rgb/train/092/A_cropped_rgb190.jpg,/data/datasets/PRCC/prcc/rgb/train/149/B_cropped_rgb583.jpg,0,24,0.8817994594573975,0.8030518293380737,7,12,0.9999998807907104
0,R11,semantic_top1,24,3147,/data/datasets/PRCC/prcc/rgb/train/092/A_cropped_rgb193.jpg,/data/datasets/PRCC/prcc/rgb/train/149/B_cropped_rgb583.jpg,0,24,0.872421383857727,0.778672456741333,4,22,0.9999998807907104
0,R11,semantic_top1,25,3147,/data/datasets/PRCC/prcc/rgb/train/092/A_cropped_rgb196.jpg,/data/datasets/PRCC/prcc/rgb/train/149/B_cropped_rgb583.jpg,0,24,0.8833688497543335,0.8025596141815186,2,2,0.9999998807907104
0,R11,semantic_top1,26,3147,/data/datasets/PRCC/prcc/rgb/train/092/A_cropped_rgb199.jpg,/data/datasets/PRCC/prcc/rgb/train/149/B_cropped_rgb583.jpg,0,24,0.8956340551376343,0.8239924311637878,1,1,0.9999998807907104
0,R11,semantic_top1,27,3147,/data/datasets/PRCC/prcc/rgb/train/092/A_cropped_rgb202.jpg,/data/datasets/PRCC/prcc/rgb/train/149/B_cropped_rgb583.jpg,0,24,0.879752516746521,0.8051919937133789,1,1,0.9999998807907104
0,R11,semantic_top1,28,3147,/data/datasets/PRCC/prcc/rgb/train/092/A_cropped_rgb205.jpg,/data/datasets/PRCC/prcc/rgb/train/149/B_cropped_rgb583.jpg,0,24,0.881179928779602,0.8103974461555481,1,1,0.9999998807907104
0,R11,semantic_top1,29,3147,/data/datasets/PRCC/prcc/rgb/train/092/A_cropped_rgb208.jpg,/data/datasets/PRCC/prcc/rgb/train/149/B_cropped_rgb583.jpg,0,24,0.8883233666419983,0.824030876159668,1,1,0.9999998807907104
0,R11,semantic_top1,30,3147,/data/datasets/PRCC/prcc/rgb/train/092/A_cropped_rgb217.jpg,/data/datasets/PRCC/prcc/rgb/train/149/B_cropped_rgb583.jpg,0,24,0.8711629509925842,0.773131251335144,2,5,0.9999998807907104
0,R11,semantic_top1,31,3147,/data/datasets/PRCC/prcc/rgb/train/092/A_cropped_rgb226.jpg,/data/datasets/PRCC/prcc/rgb/train/149/B_cropped_rgb583.jpg,0,24,0.878731906414032,0.8024580478668213,6,12,0.9999998807907104
0,R11,semantic_top1,32,3147,/data/datasets/PRCC/prcc/rgb/train/092/A_cropped_rgb232.jpg,/data/datasets/PRCC/prcc/rgb/train/149/B_cropped_rgb583.jpg,0,24,0.862834632396698,0.7663000822067261,14,30,0.9999998807907104
0,R11,semantic_top1,33,11733,/data/datasets/PRCC/prcc/rgb/train/092/A_cropped_rgb238.jpg,/data/datasets/PRCC/prcc/rgb/train/253/B_cropped_rgb078.jpg,0,95,0.764846920967102,0.6320749521255493,1853,1741,1.0000001192092896
0,R11,semantic_top1,34,7558,/data/datasets/PRCC/prcc/rgb/train/092/A_cropped_rgb361.jpg,/data/datasets/PRCC/prcc/rgb/train/206/A_cropped_rgb007.jpg,0,61,0.7210369110107422,0.5770500898361206,4514,3850,1.0
0,R11,semantic_top1,35,3147,/data/datasets/PRCC/prcc/rgb/train/092/A_cropped_rgb364.jpg,/data/datasets/PRCC/prcc/rgb/train/149/B_cropped_rgb583.jpg,0,24,0.8407155871391296,0.7267650961875916,74,137,0.9999998807907104
0,R11,semantic_top1,36,3147,/data/datasets/PRCC/prcc/rgb/train/092/A_cropped_rgb370.jpg,/data/datasets/PRCC/prcc/rgb/train/149/B_cropped_rgb583.jpg,0,24,0.8574243783950806,0.763879656791687,46,73,0.9999998807907104
0,R11,semantic_top1,37,3147,/data/datasets/PRCC/prcc/rgb/train/092/A_cropped_rgb373.jpg,/data/datasets/PRCC/prcc/rgb/train/149/B_cropped_rgb583.jpg,0,24,0.8300521373748779,0.7153016924858093,190,313,0.9999998807907104
0,R11,semantic_top1,38,3147,/data/datasets/PRCC/prcc/rgb/train/092/A_cropped_rgb376.jpg,/data/datasets/PRCC/prcc/rgb/train/149/B_cropped_rgb583.jpg,0,24,0.8312992453575134,0.7139352560043335,108,219,0.9999998807907104
0,R11,semantic_top1,39,3147,/data/datasets/PRCC/prcc/rgb/train/092/A_cropped_rgb415.jpg,/data/datasets/PRCC/prcc/rgb/train/149/B_cropped_rgb583.jpg,0,24,0.8714237809181213,0.7858057022094727,11,26,0.9999998807907104
0,R11,semantic_top1,40,3147,/data/datasets/PRCC/prcc/rgb/train/092/A_cropped_rgb418.jpg,/data/datasets/PRCC/prcc/rgb/train/149/B_cropped_rgb583.jpg,0,24,0.8753643035888672,0.7989343404769897,1,1,0.9999998807907104
0,R11,semantic_top1,41,3147,/data/datasets/PRCC/prcc/rgb/train/092/A_cropped_rgb421.jpg,/data/datasets/PRCC/prcc/rgb/train/149/B_cropped_rgb583.jpg,0,24,0.8684253692626953,0.7856007814407349,1,2,0.9999998807907104
0,R11,semantic_top1,42,11733,/data/datasets/PRCC/prcc/rgb/train/092/A_cropped_rgb467.jpg,/data/datasets/PRCC/prcc/rgb/train/253/B_cropped_rgb078.jpg,0,95,0.7354332208633423,0.5931018590927124,2662,2523,1.0000001192092896
0,R11,semantic_top1,43,3147,/data/datasets/PRCC/prcc/rgb/train/092/B_cropped_rgb012.jpg,/data/datasets/PRCC/prcc/rgb/train/149/B_cropped_rgb583.jpg,0,24,0.844761312007904,0.7402967810630798,163,254,0.9999998807907104
0,R11,semantic_top1,44,3147,/data/datasets/PRCC/prcc/rgb/train/092/B_cropped_rgb024.jpg,/data/datasets/PRCC/prcc/rgb/train/149/B_cropped_rgb583.jpg,0,24,0.8420470952987671,0.7413017153739929,175,238,0.9999998807907104
0,R11,semantic_top1,45,3147,/data/datasets/PRCC/prcc/rgb/train/092/B_cropped_rgb066.jpg,/data/datasets/PRCC/prcc/rgb/train/149/B_cropped_rgb583.jpg,0,24,0.8525289297103882,0.7493031024932861,27,53,0.9999998807907104
0,R11,semantic_top1,46,3147,/data/datasets/PRCC/prcc/rgb/train/092/B_cropped_rgb092.jpg,/data/datasets/PRCC/prcc/rgb/train/149/B_cropped_rgb583.jpg,0,24,0.8502357006072998,0.7374051213264465,122,245,0.9999998807907104
0,R11,semantic_top1,47,3147,/data/datasets/PRCC/prcc/rgb/train/092/B_cropped_rgb112.jpg,/data/datasets/PRCC/prcc/rgb/train/149/B_cropped_rgb583.jpg,0,24,0.8710049986839294,0.7718343138694763,10,21,0.9999998807907104
0,R11,semantic_top1,48,3147,/data/datasets/PRCC/prcc/rgb/train/092/B_cropped_rgb115.jpg,/data/datasets/PRCC/prcc/rgb/train/149/B_cropped_rgb583.jpg,0,24,0.8655657172203064,0.7653298377990723,18,64,0.9999998807907104
0,R11,semantic_top1,49,3147,/data/datasets/PRCC/prcc/rgb/train/092/B_cropped_rgb118.jpg,/data/datasets/PRCC/prcc/rgb/train/149/B_cropped_rgb583.jpg,0,24,0.8574441075325012,0.7520956993103027,13,46,0.9999998807907104
0,R11,semantic_top1,50,3147,/data/datasets/PRCC/prcc/rgb/train/092/B_cropped_rgb121.jpg,/data/datasets/PRCC/prcc/rgb/train/149/B_cropped_rgb583.jpg,0,24,0.8680589199066162,0.7657790184020996,6,31,0.9999998807907104
0,R11,semantic_top1,51,3147,/data/datasets/PRCC/prcc/rgb/train/092/B_cropped_rgb127.jpg,/data/datasets/PRCC/prcc/rgb/train/149/B_cropped_rgb583.jpg,0,24,0.8669694066047668,0.7701542973518372,7,16,0.9999998807907104
0,R11,semantic_top1,52,3147,/data/datasets/PRCC/prcc/rgb/train/092/B_cropped_rgb133.jpg,/data/datasets/PRCC/prcc/rgb/train/149/B_cropped_rgb583.jpg,0,24,0.8845022916793823,0.7981908917427063,1,6,0.9999998807907104
0,R11,semantic_top1,53,3147,/data/datasets/PRCC/prcc/rgb/train/092/B_cropped_rgb136.jpg,/data/datasets/PRCC/prcc/rgb/train/149/B_cropped_rgb583.jpg,0,24,0.8875927925109863,0.8039213418960571,1,2,0.9999998807907104
0,R11,semantic_top1,54,3147,/data/datasets/PRCC/prcc/rgb/train/092/B_cropped_rgb139.jpg,/data/datasets/PRCC/prcc/rgb/train/149/B_cropped_rgb583.jpg,0,24,0.8823890686035156,0.7917150259017944,2,9,0.9999998807907104
0,R11,semantic_top1,55,11733,/data/datasets/PRCC/prcc/rgb/train/092/B_cropped_rgb142.jpg,/data/datasets/PRCC/prcc/rgb/train/253/B_cropped_rgb078.jpg,0,95,0.7691383361816406,0.6341499090194702,1815,1851,1.0000001192092896
0,R11,semantic_top1,56,3147,/data/datasets/PRCC/prcc/rgb/train/092/B_cropped_rgb145.jpg,/data/datasets/PRCC/prcc/rgb/train/149/B_cropped_rgb583.jpg,0,24,0.8650068044662476,0.761235237121582,35,79,0.9999998807907104
0,R11,semantic_top1,57,3147,/data/datasets/PRCC/prcc/rgb/train/092/B_cropped_rgb148.jpg,/data/datasets/PRCC/prcc/rgb/train/149/B_cropped_rgb583.jpg,0,24,0.8807977437973022,0.7872641682624817,26,33,0.9999998807907104
0,R11,semantic_top1,58,11733,/data/datasets/PRCC/prcc/rgb/train/092/B_cropped_rgb149.jpg,/data/datasets/PRCC/prcc/rgb/train/253/B_cropped_rgb078.jpg,0,95,0.725067138671875,0.5728769898414612,3225,3234,1.0000001192092896
0,R11,semantic_top1,59,3147,/data/datasets/PRCC/prcc/rgb/train/092/B_cropped_rgb154.jpg,/data/datasets/PRCC/prcc/rgb/train/149/B_cropped_rgb583.jpg,0,24,0.8631644248962402,0.7640557289123535,26,38,0.9999998807907104
0,R11,semantic_top1,60,3147,/data/datasets/PRCC/prcc/rgb/train/092/B_cropped_rgb157.jpg,/data/datasets/PRCC/prcc/rgb/train/149/B_cropped_rgb583.jpg,0,24,0.8663772344589233,0.7733323574066162,25,34,0.9999998807907104
0,R11,semantic_top1,61,3147,/data/datasets/PRCC/prcc/rgb/train/092/B_cropped_rgb163.jpg,/data/datasets/PRCC/prcc/rgb/train/149/B_cropped_rgb583.jpg,0,24,0.8790637254714966,0.7924619317054749,15,26,0.9999998807907104
0,R11,semantic_top1,62,3147,/data/datasets/PRCC/prcc/rgb/train/092/B_cropped_rgb166.jpg,/data/datasets/PRCC/prcc/rgb/train/149/B_cropped_rgb583.jpg,0,24,0.8719784021377563,0.7814580798149109,17,25,0.9999998807907104
0,R11,semantic_top1,63,3147,/data/datasets/PRCC/prcc/rgb/train/092/B_cropped_rgb169.jpg,/data/datasets/PRCC/prcc/rgb/train/149/B_cropped_rgb583.jpg,0,24,0.8679279685020447,0.7658811807632446,15,28,0.9999998807907104
0,R11,semantic_top1,64,3147,/data/datasets/PRCC/prcc/rgb/train/092/B_cropped_rgb172.jpg,/data/datasets/PRCC/prcc/rgb/train/149/B_cropped_rgb583.jpg,0,24,0.8855618834495544,0.7946755290031433,3,9,0.9999998807907104
0,R11,semantic_top1,65,3147,/data/datasets/PRCC/prcc/rgb/train/092/B_cropped_rgb176.jpg,/data/datasets/PRCC/prcc/rgb/train/149/B_cropped_rgb583.jpg,0,24,0.8545767068862915,0.7503842115402222,45,72,0.9999998807907104
0,R11,semantic_top1,66,3147,/data/datasets/PRCC/prcc/rgb/train/092/B_cropped_rgb177.jpg,/data/datasets/PRCC/prcc/rgb/train/149/B_cropped_rgb583.jpg,0,24,0.8613204956054688,0.7626894116401672,27,42,0.9999998807907104
0,R11,semantic_top1,67,3147,/data/datasets/PRCC/prcc/rgb/train/092/B_cropped_rgb199.jpg,/data/datasets/PRCC/prcc/rgb/train/149/B_cropped_rgb583.jpg,0,24,0.8316662311553955,0.7305138111114502,92,117,0.9999998807907104
0,R11,semantic_top1,68,3147,/data/datasets/PRCC/prcc/rgb/train/092/B_cropped_rgb206.jpg,/data/datasets/PRCC/prcc/rgb/train/149/B_cropped_rgb583.jpg,0,24,0.8532939553260803,0.7523089647293091,102,153,0.9999998807907104
0,R11,semantic_top1,69,3147,/data/datasets/PRCC/prcc/rgb/train/092/B_cropped_rgb227.jpg,/data/datasets/PRCC/prcc/rgb/train/149/B_cropped_rgb583.jpg,0,24,0.8470101356506348,0.7419471740722656,139,200,0.9999998807907104
0,R11,semantic_top1,70,3147,/data/datasets/PRCC/prcc/rgb/train/092/B_cropped_rgb292.jpg,/data/datasets/PRCC/prcc/rgb/train/149/B_cropped_rgb583.jpg,0,24,0.8880113363265991,0.8038844466209412,4,8,0.9999998807907104
0,R11,semantic_top1,71,3147,/data/datasets/PRCC/prcc/rgb/train/092/B_cropped_rgb295.jpg,/data/datasets/PRCC/prcc/rgb/train/149/B_cropped_rgb583.jpg,0,24,0.890242874622345,0.8102821707725525,1,2,0.9999998807907104
0,R11,semantic_top1,72,3147,/data/datasets/PRCC/prcc/rgb/train/092/B_cropped_rgb298.jpg,/data/datasets/PRCC/prcc/rgb/train/149/B_cropped_rgb583.jpg,0,24,0.8731338381767273,0.7859725952148438,12,20,0.9999998807907104
0,R11,semantic_top1,73,3147,/data/datasets/PRCC/prcc/rgb/train/092/B_cropped_rgb301.jpg,/data/datasets/PRCC/prcc/rgb/train/149/B_cropped_rgb583.jpg,0,24,0.8912270069122314,0.8169345855712891,1,2,0.9999998807907104
0,R11,semantic_top1,74,3147,/data/datasets/PRCC/prcc/rgb/train/092/B_cropped_rgb304.jpg,/data/datasets/PRCC/prcc/rgb/train/149/B_cropped_rgb583.jpg,0,24,0.8778442144393921,0.7901824116706848,1,8,0.9999998807907104
0,R11,semantic_top1,75,3147,/data/datasets/PRCC/prcc/rgb/train/092/B_cropped_rgb307.jpg,/data/datasets/PRCC/prcc/rgb/train/149/B_cropped_rgb583.jpg,0,24,0.8774545788764954,0.7855104804039001,4,11,0.9999998807907104
0,R11,semantic_top1,76,3147,/data/datasets/PRCC/prcc/rgb/train/092/B_cropped_rgb310.jpg,/data/datasets/PRCC/prcc/rgb/train/149/B_cropped_rgb583.jpg,0,24,0.8776702284812927,0.784723699092865,4,13,0.9999998807907104
0,R11,semantic_top1,77,3147,/data/datasets/PRCC/prcc/rgb/train/092/B_cropped_rgb313.jpg,/data/datasets/PRCC/prcc/rgb/train/149/B_cropped_rgb583.jpg,0,24,0.8765525817871094,0.7880849838256836,10,11,0.9999998807907104
0,R11,semantic_top1,78,3147,/data/datasets/PRCC/prcc/rgb/train/092/B_cropped_rgb322.jpg,/data/datasets/PRCC/prcc/rgb/train/149/B_cropped_rgb583.jpg,0,24,0.8679128885269165,0.7736648321151733,14,25,0.9999998807907104
0,R11,semantic_top1,79,11733,/data/datasets/PRCC/prcc/rgb/train/092/B_cropped_rgb328.jpg,/data/datasets/PRCC/prcc/rgb/train/253/B_cropped_rgb078.jpg,0,95,0.7371012568473816,0.5892005562782288,2453,2571,1.0000001192092896
0,R11,semantic_top1,80,3147,/data/datasets/PRCC/prcc/rgb/train/092/B_cropped_rgb331.jpg,/data/datasets/PRCC/prcc/rgb/train/149/B_cropped_rgb583.jpg,0,24,0.8478752374649048,0.7393044233322144,35,57,0.9999998807907104
0,R11,semantic_top1,81,3147,/data/datasets/PRCC/prcc/rgb/train/092/B_cropped_rgb334.jpg,/data/datasets/PRCC/prcc/rgb/train/149/B_cropped_rgb583.jpg,0,24,0.8589496612548828,0.7560628652572632,20,40,0.9999998807907104
0,R11,semantic_top1,82,11733,/data/datasets/PRCC/prcc/rgb/train/092/B_cropped_rgb380.jpg,/data/datasets/PRCC/prcc/rgb/train/253/B_cropped_rgb078.jpg,0,95,0.7594800591468811,0.6249837875366211,1901,1988,1.0000001192092896
0,R11,semantic_top1,83,3147,/data/datasets/PRCC/prcc/rgb/train/092/C_cropped_rgb001.jpg,/data/datasets/PRCC/prcc/rgb/train/149/B_cropped_rgb583.jpg,0,24,0.888335108757019,0.8113007545471191,1,3,0.9999998807907104
0,R11,semantic_top1,84,3147,/data/datasets/PRCC/prcc/rgb/train/092/C_cropped_rgb007.jpg,/data/datasets/PRCC/prcc/rgb/train/149/B_cropped_rgb583.jpg,0,24,0.8946142792701721,0.8151446580886841,4,9,0.9999998807907104
0,R11,semantic_top1,85,3147,/data/datasets/PRCC/prcc/rgb/train/092/C_cropped_rgb016.jpg,/data/datasets/PRCC/prcc/rgb/train/149/B_cropped_rgb583.jpg,0,24,0.8818483352661133,0.8018224239349365,1,1,0.9999998807907104
0,R11,semantic_top1,86,3147,/data/datasets/PRCC/prcc/rgb/train/092/C_cropped_rgb019.jpg,/data/datasets/PRCC/prcc/rgb/train/149/B_cropped_rgb583.jpg,0,24,0.8774002194404602,0.7876065969467163,2,6,0.9999998807907104
0,R11,semantic_top1,87,3147,/data/datasets/PRCC/prcc/rgb/train/092/C_cropped_rgb022.jpg,/data/datasets/PRCC/prcc/rgb/train/149/B_cropped_rgb583.jpg,0,24,0.8937908411026001,0.8159607648849487,1,1,0.9999998807907104
0,R11,semantic_top1,88,3147,/data/datasets/PRCC/prcc/rgb/train/092/C_cropped_rgb025.jpg,/data/datasets/PRCC/prcc/rgb/train/149/B_cropped_rgb583.jpg,0,24,0.8784396648406982,0.7914207577705383,1,3,0.9999998807907104
0,R11,semantic_top1,89,3147,/data/datasets/PRCC/prcc/rgb/train/092/C_cropped_rgb031.jpg,/data/datasets/PRCC/prcc/rgb/train/149/B_cropped_rgb583.jpg,0,24,0.8854308128356934,0.8039029240608215,6,9,0.9999998807907104
0,R11,semantic_top1,90,3147,/data/datasets/PRCC/prcc/rgb/train/092/C_cropped_rgb034.jpg,/data/datasets/PRCC/prcc/rgb/train/149/B_cropped_rgb583.jpg,0,24,0.8913717269897461,0.8140085935592651,1,2,0.9999998807907104
0,R11,semantic_top1,91,3147,/data/datasets/PRCC/prcc/rgb/train/092/C_cropped_rgb037.jpg,/data/datasets/PRCC/prcc/rgb/train/149/B_cropped_rgb583.jpg,0,24,0.8828698396682739,0.8040441274642944,4,4,0.9999998807907104
0,R11,semantic_top1,92,3147,/data/datasets/PRCC/prcc/rgb/train/092/C_cropped_rgb040.jpg,/data/datasets/PRCC/prcc/rgb/train/149/B_cropped_rgb583.jpg,0,24,0.8944661617279053,0.8253031969070435,1,1,0.9999998807907104
0,R11,semantic_top1,93,3147,/data/datasets/PRCC/prcc/rgb/train/092/C_cropped_rgb046.jpg,/data/datasets/PRCC/prcc/rgb/train/149/B_cropped_rgb583.jpg,0,24,0.8818740844726562,0.7991276979446411,1,4,0.9999998807907104
0,R11,semantic_top1,94,3147,/data/datasets/PRCC/prcc/rgb/train/092/C_cropped_rgb049.jpg,/data/datasets/PRCC/prcc/rgb/train/149/B_cropped_rgb583.jpg,0,24,0.8830856084823608,0.8049889206886292,4,6,0.9999998807907104
0,R11,semantic_top1,95,3147,/data/datasets/PRCC/prcc/rgb/train/092/C_cropped_rgb052.jpg,/data/datasets/PRCC/prcc/rgb/train/149/B_cropped_rgb583.jpg,0,24,0.8907240629196167,0.8094146251678467,5,12,0.9999998807907104
0,R11,semantic_top1,96,3147,/data/datasets/PRCC/prcc/rgb/train/092/C_cropped_rgb055.jpg,/data/datasets/PRCC/prcc/rgb/train/149/B_cropped_rgb583.jpg,0,24,0.8913998603820801,0.8184874653816223,1,2,0.9999998807907104
0,R11,semantic_top1,97,3147,/data/datasets/PRCC/prcc/rgb/train/092/C_cropped_rgb064.jpg,/data/datasets/PRCC/prcc/rgb/train/149/B_cropped_rgb583.jpg,0,24,0.8873140811920166,0.8077285289764404,10,19,0.9999998807907104
0,R11,semantic_top1,98,3147,/data/datasets/PRCC/prcc/rgb/train/092/C_cropped_rgb067.jpg,/data/datasets/PRCC/prcc/rgb/train/149/B_cropped_rgb583.jpg,0,24,0.8883510828018188,0.8098355531692505,2,4,0.9999998807907104
0,R11,semantic_top1,99,3147,/data/datasets/PRCC/prcc/rgb/train/092/C_cropped_rgb070.jpg,/data/datasets/PRCC/prcc/rgb/train/149/B_cropped_rgb583.jpg,0,24,0.8853549361228943,0.8040730953216553,2,7,0.9999998807907104
0,R11,hybrid_top1,0,3147,/data/datasets/PRCC/prcc/rgb/train/092/A_cropped_rgb001.jpg,/data/datasets/PRCC/prcc/rgb/train/149/B_cropped_rgb583.jpg,0,24,0.875569224357605,0.7969571352005005,8,15,0.9999998807907104
0,R11,hybrid_top1,1,3147,/data/datasets/PRCC/prcc/rgb/train/092/A_cropped_rgb004.jpg,/data/datasets/PRCC/prcc/rgb/train/149/B_cropped_rgb583.jpg,0,24,0.8674390316009521,0.7758120894432068,26,53,0.9999998807907104
0,R11,hybrid_top1,2,3147,/data/datasets/PRCC/prcc/rgb/train/092/A_cropped_rgb007.jpg,/data/datasets/PRCC/prcc/rgb/train/149/B_cropped_rgb583.jpg,0,24,0.8648730516433716,0.7694171667098999,19,41,0.9999998807907104
0,R11,hybrid_top1,3,3147,/data/datasets/PRCC/prcc/rgb/train/092/A_cropped_rgb010.jpg,/data/datasets/PRCC/prcc/rgb/train/149/B_cropped_rgb583.jpg,0,24,0.8613510727882385,0.762973427772522,14,25,0.9999998807907104
0,R11,hybrid_top1,4,3147,/data/datasets/PRCC/prcc/rgb/train/092/A_cropped_rgb013.jpg,/data/datasets/PRCC/prcc/rgb/train/149/B_cropped_rgb583.jpg,0,24,0.8575009107589722,0.761960506439209,69,102,0.9999998807907104
0,R11,hybrid_top1,5,3147,/data/datasets/PRCC/prcc/rgb/train/092/A_cropped_rgb016.jpg,/data/datasets/PRCC/prcc/rgb/train/149/B_cropped_rgb583.jpg,0,24,0.8676241636276245,0.7805485725402832,5,10,0.9999998807907104
0,R11,hybrid_top1,6,3147,/data/datasets/PRCC/prcc/rgb/train/092/A_cropped_rgb019.jpg,/data/datasets/PRCC/prcc/rgb/train/149/B_cropped_rgb583.jpg,0,24,0.8824165463447571,0.7986972332000732,2,3,0.9999998807907104
0,R11,hybrid_top1,7,3147,/data/datasets/PRCC/prcc/rgb/train/092/A_cropped_rgb022.jpg,/data/datasets/PRCC/prcc/rgb/train/149/B_cropped_rgb583.jpg,0,24,0.8639563322067261,0.7734555006027222,8,14,0.9999998807907104
0,R11,hybrid_top1,8,3147,/data/datasets/PRCC/prcc/rgb/train/092/A_cropped_rgb025.jpg,/data/datasets/PRCC/prcc/rgb/train/149/B_cropped_rgb583.jpg,0,24,0.8786569237709045,0.7948788404464722,7,15,0.9999998807907104
0,R11,hybrid_top1,9,3147,/data/datasets/PRCC/prcc/rgb/train/092/A_cropped_rgb028.jpg,/data/datasets/PRCC/prcc/rgb/train/149/B_cropped_rgb583.jpg,0,24,0.8627936840057373,0.7702655792236328,32,51,0.9999998807907104
0,R11,hybrid_top1,10,3147,/data/datasets/PRCC/prcc/rgb/train/092/A_cropped_rgb035.jpg,/data/datasets/PRCC/prcc/rgb/train/149/B_cropped_rgb583.jpg,0,24,0.8558530807495117,0.7563823461532593,3,13,0.9999998807907104
0,R11,hybrid_top1,11,3147,/data/datasets/PRCC/prcc/rgb/train/092/A_cropped_rgb037.jpg,/data/datasets/PRCC/prcc/rgb/train/149/B_cropped_rgb583.jpg,0,24,0.8717426061630249,0.7862981557846069,2,4,0.9999998807907104
0,R11,hybrid_top1,12,3147,/data/datasets/PRCC/prcc/rgb/train/092/A_cropped_rgb040.jpg,/data/datasets/PRCC/prcc/rgb/train/149/B_cropped_rgb583.jpg,0,24,0.8689637780189514,0.7825453281402588,5,10,0.9999998807907104
0,R11,hybrid_top1,13,3147,/data/datasets/PRCC/prcc/rgb/train/092/A_cropped_rgb046.jpg,/data/datasets/PRCC/prcc/rgb/train/149/B_cropped_rgb583.jpg,0,24,0.8620395660400391,0.763504147529602,13,27,0.9999998807907104
0,R11,hybrid_top1,14,3147,/data/datasets/PRCC/prcc/rgb/train/092/A_cropped_rgb055.jpg,/data/datasets/PRCC/prcc/rgb/train/149/B_cropped_rgb583.jpg,0,24,0.8609713315963745,0.7609680891036987,9,26,0.9999998807907104
0,R11,hybrid_top1,15,3147,/data/datasets/PRCC/prcc/rgb/train/092/A_cropped_rgb058.jpg,/data/datasets/PRCC/prcc/rgb/train/149/B_cropped_rgb583.jpg,0,24,0.8681427240371704,0.7798053622245789,10,13,0.9999998807907104
0,R11,hybrid_top1,16,3147,/data/datasets/PRCC/prcc/rgb/train/092/A_cropped_rgb067.jpg,/data/datasets/PRCC/prcc/rgb/train/149/B_cropped_rgb583.jpg,0,24,0.8713183403015137,0.7766526937484741,5,11,0.9999998807907104
0,R11,hybrid_top1,17,3147,/data/datasets/PRCC/prcc/rgb/train/092/A_cropped_rgb070.jpg,/data/datasets/PRCC/prcc/rgb/train/149/B_cropped_rgb583.jpg,0,24,0.8658122420310974,0.7662131190299988,13,20,0.9999998807907104
0,R11,hybrid_top1,18,3147,/data/datasets/PRCC/prcc/rgb/train/092/A_cropped_rgb090.jpg,/data/datasets/PRCC/prcc/rgb/train/149/B_cropped_rgb583.jpg,0,24,0.8646559715270996,0.7722823619842529,6,14,0.9999998807907104
0,R11,hybrid_top1,19,4258,/data/datasets/PRCC/prcc/rgb/train/092/A_cropped_rgb154.jpg,/data/datasets/PRCC/prcc/rgb/train/164/B_cropped_rgb047.jpg,0,33,0.7450370192527771,0.5972567796707153,2704,2769,1.0000001192092896
0,R11,hybrid_top1,20,3147,/data/datasets/PRCC/prcc/rgb/train/092/A_cropped_rgb172.jpg,/data/datasets/PRCC/prcc/rgb/train/149/B_cropped_rgb583.jpg,0,24,0.8670390844345093,0.7690646648406982,10,24,0.9999998807907104
0,R11,hybrid_top1,21,3147,/data/datasets/PRCC/prcc/rgb/train/092/A_cropped_rgb173.jpg,/data/datasets/PRCC/prcc/rgb/train/149/B_cropped_rgb583.jpg,0,24,0.8591310977935791,0.7585450410842896,27,37,0.9999998807907104
0,R11,hybrid_top1,22,3147,/data/datasets/PRCC/prcc/rgb/train/092/A_cropped_rgb181.jpg,/data/datasets/PRCC/prcc/rgb/train/149/B_cropped_rgb583.jpg,0,24,0.8307384848594666,0.7070068717002869,213,457,0.9999998807907104
0,R11,hybrid_top1,23,3147,/data/datasets/PRCC/prcc/rgb/train/092/A_cropped_rgb190.jpg,/data/datasets/PRCC/prcc/rgb/train/149/B_cropped_rgb583.jpg,0,24,0.8817994594573975,0.8030518293380737,7,12,0.9999998807907104
0,R11,hybrid_top1,24,3147,/data/datasets/PRCC/prcc/rgb/train/092/A_cropped_rgb193.jpg,/data/datasets/PRCC/prcc/rgb/train/149/B_cropped_rgb583.jpg,0,24,0.872421383857727,0.778672456741333,4,22,0.9999998807907104
0,R11,hybrid_top1,25,3147,/data/datasets/PRCC/prcc/rgb/train/092/A_cropped_rgb196.jpg,/data/datasets/PRCC/prcc/rgb/train/149/B_cropped_rgb583.jpg,0,24,0.8833688497543335,0.8025596141815186,2,2,0.9999998807907104
0,R11,hybrid_top1,26,3147,/data/datasets/PRCC/prcc/rgb/train/092/A_cropped_rgb199.jpg,/data/datasets/PRCC/prcc/rgb/train/149/B_cropped_rgb583.jpg,0,24,0.8956340551376343,0.8239924311637878,1,1,0.9999998807907104
0,R11,hybrid_top1,27,3147,/data/datasets/PRCC/prcc/rgb/train/092/A_cropped_rgb202.jpg,/data/datasets/PRCC/prcc/rgb/train/149/B_cropped_rgb583.jpg,0,24,0.879752516746521,0.8051919937133789,1,1,0.9999998807907104
0,R11,hybrid_top1,28,3147,/data/datasets/PRCC/prcc/rgb/train/092/A_cropped_rgb205.jpg,/data/datasets/PRCC/prcc/rgb/train/149/B_cropped_rgb583.jpg,0,24,0.881179928779602,0.8103974461555481,1,1,0.9999998807907104
0,R11,hybrid_top1,29,3147,/data/datasets/PRCC/prcc/rgb/train/092/A_cropped_rgb208.jpg,/data/datasets/PRCC/prcc/rgb/train/149/B_cropped_rgb583.jpg,0,24,0.8883233666419983,0.824030876159668,1,1,0.9999998807907104
0,R11,hybrid_top1,30,3147,/data/datasets/PRCC/prcc/rgb/train/092/A_cropped_rgb217.jpg,/data/datasets/PRCC/prcc/rgb/train/149/B_cropped_rgb583.jpg,0,24,0.8711629509925842,0.773131251335144,2,5,0.9999998807907104
0,R11,hybrid_top1,31,3147,/data/datasets/PRCC/prcc/rgb/train/092/A_cropped_rgb226.jpg,/data/datasets/PRCC/prcc/rgb/train/149/B_cropped_rgb583.jpg,0,24,0.878731906414032,0.8024580478668213,6,12,0.9999998807907104
0,R11,hybrid_top1,32,3147,/data/datasets/PRCC/prcc/rgb/train/092/A_cropped_rgb232.jpg,/data/datasets/PRCC/prcc/rgb/train/149/B_cropped_rgb583.jpg,0,24,0.862834632396698,0.7663000822067261,14,30,0.9999998807907104
0,R11,hybrid_top1,33,11733,/data/datasets/PRCC/prcc/rgb/train/092/A_cropped_rgb238.jpg,/data/datasets/PRCC/prcc/rgb/train/253/B_cropped_rgb078.jpg,0,95,0.764846920967102,0.6320749521255493,1853,1741,1.0000001192092896
0,R11,hybrid_top1,34,7558,/data/datasets/PRCC/prcc/rgb/train/092/A_cropped_rgb361.jpg,/data/datasets/PRCC/prcc/rgb/train/206/A_cropped_rgb007.jpg,0,61,0.7210369110107422,0.5770500898361206,4514,3850,1.0
0,R11,hybrid_top1,35,3147,/data/datasets/PRCC/prcc/rgb/train/092/A_cropped_rgb364.jpg,/data/datasets/PRCC/prcc/rgb/train/149/B_cropped_rgb583.jpg,0,24,0.8407155871391296,0.7267650961875916,74,137,0.9999998807907104
0,R11,hybrid_top1,36,3147,/data/datasets/PRCC/prcc/rgb/train/092/A_cropped_rgb370.jpg,/data/datasets/PRCC/prcc/rgb/train/149/B_cropped_rgb583.jpg,0,24,0.8574243783950806,0.763879656791687,46,73,0.9999998807907104
0,R11,hybrid_top1,37,3147,/data/datasets/PRCC/prcc/rgb/train/092/A_cropped_rgb373.jpg,/data/datasets/PRCC/prcc/rgb/train/149/B_cropped_rgb583.jpg,0,24,0.8300521373748779,0.7153016924858093,190,313,0.9999998807907104
0,R11,hybrid_top1,38,3147,/data/datasets/PRCC/prcc/rgb/train/092/A_cropped_rgb376.jpg,/data/datasets/PRCC/prcc/rgb/train/149/B_cropped_rgb583.jpg,0,24,0.8312992453575134,0.7139352560043335,108,219,0.9999998807907104
0,R11,hybrid_top1,39,3147,/data/datasets/PRCC/prcc/rgb/train/092/A_cropped_rgb415.jpg,/data/datasets/PRCC/prcc/rgb/train/149/B_cropped_rgb583.jpg,0,24,0.8714237809181213,0.7858057022094727,11,26,0.9999998807907104
0,R11,hybrid_top1,40,3147,/data/datasets/PRCC/prcc/rgb/train/092/A_cropped_rgb418.jpg,/data/datasets/PRCC/prcc/rgb/train/149/B_cropped_rgb583.jpg,0,24,0.8753643035888672,0.7989343404769897,1,1,0.9999998807907104
0,R11,hybrid_top1,41,3147,/data/datasets/PRCC/prcc/rgb/train/092/A_cropped_rgb421.jpg,/data/datasets/PRCC/prcc/rgb/train/149/B_cropped_rgb583.jpg,0,24,0.8684253692626953,0.7856007814407349,1,2,0.9999998807907104
0,R11,hybrid_top1,42,11733,/data/datasets/PRCC/prcc/rgb/train/092/A_cropped_rgb467.jpg,/data/datasets/PRCC/prcc/rgb/train/253/B_cropped_rgb078.jpg,0,95,0.7354332208633423,0.5931018590927124,2662,2523,1.0000001192092896
0,R11,hybrid_top1,43,3147,/data/datasets/PRCC/prcc/rgb/train/092/B_cropped_rgb012.jpg,/data/datasets/PRCC/prcc/rgb/train/149/B_cropped_rgb583.jpg,0,24,0.844761312007904,0.7402967810630798,163,254,0.9999998807907104
0,R11,hybrid_top1,44,3147,/data/datasets/PRCC/prcc/rgb/train/092/B_cropped_rgb024.jpg,/data/datasets/PRCC/prcc/rgb/train/149/B_cropped_rgb583.jpg,0,24,0.8420470952987671,0.7413017153739929,175,238,0.9999998807907104
0,R11,hybrid_top1,45,3147,/data/datasets/PRCC/prcc/rgb/train/092/B_cropped_rgb066.jpg,/data/datasets/PRCC/prcc/rgb/train/149/B_cropped_rgb583.jpg,0,24,0.8525289297103882,0.7493031024932861,27,53,0.9999998807907104
0,R11,hybrid_top1,46,3147,/data/datasets/PRCC/prcc/rgb/train/092/B_cropped_rgb092.jpg,/data/datasets/PRCC/prcc/rgb/train/149/B_cropped_rgb583.jpg,0,24,0.8502357006072998,0.7374051213264465,122,245,0.9999998807907104
0,R11,hybrid_top1,47,3147,/data/datasets/PRCC/prcc/rgb/train/092/B_cropped_rgb112.jpg,/data/datasets/PRCC/prcc/rgb/train/149/B_cropped_rgb583.jpg,0,24,0.8710049986839294,0.7718343138694763,10,21,0.9999998807907104
0,R11,hybrid_top1,48,3147,/data/datasets/PRCC/prcc/rgb/train/092/B_cropped_rgb115.jpg,/data/datasets/PRCC/prcc/rgb/train/149/B_cropped_rgb583.jpg,0,24,0.8655657172203064,0.7653298377990723,18,64,0.9999998807907104
0,R11,hybrid_top1,49,3147,/data/datasets/PRCC/prcc/rgb/train/092/B_cropped_rgb118.jpg,/data/datasets/PRCC/prcc/rgb/train/149/B_cropped_rgb583.jpg,0,24,0.8574441075325012,0.7520956993103027,13,46,0.9999998807907104
0,R11,hybrid_top1,50,3147,/data/datasets/PRCC/prcc/rgb/train/092/B_cropped_rgb121.jpg,/data/datasets/PRCC/prcc/rgb/train/149/B_cropped_rgb583.jpg,0,24,0.8680589199066162,0.7657790184020996,6,31,0.9999998807907104
0,R11,hybrid_top1,51,3147,/data/datasets/PRCC/prcc/rgb/train/092/B_cropped_rgb127.jpg,/data/datasets/PRCC/prcc/rgb/train/149/B_cropped_rgb583.jpg,0,24,0.8669694066047668,0.7701542973518372,7,16,0.9999998807907104
0,R11,hybrid_top1,52,3147,/data/datasets/PRCC/prcc/rgb/train/092/B_cropped_rgb133.jpg,/data/datasets/PRCC/prcc/rgb/train/149/B_cropped_rgb583.jpg,0,24,0.8845022916793823,0.7981908917427063,1,6,0.9999998807907104
0,R11,hybrid_top1,53,3147,/data/datasets/PRCC/prcc/rgb/train/092/B_cropped_rgb136.jpg,/data/datasets/PRCC/prcc/rgb/train/149/B_cropped_rgb583.jpg,0,24,0.8875927925109863,0.8039213418960571,1,2,0.9999998807907104
0,R11,hybrid_top1,54,3147,/data/datasets/PRCC/prcc/rgb/train/092/B_cropped_rgb139.jpg,/data/datasets/PRCC/prcc/rgb/train/149/B_cropped_rgb583.jpg,0,24,0.8823890686035156,0.7917150259017944,2,9,0.9999998807907104
0,R11,hybrid_top1,55,11733,/data/datasets/PRCC/prcc/rgb/train/092/B_cropped_rgb142.jpg,/data/datasets/PRCC/prcc/rgb/train/253/B_cropped_rgb078.jpg,0,95,0.7691383361816406,0.6341499090194702,1815,1851,1.0000001192092896
0,R11,hybrid_top1,56,3147,/data/datasets/PRCC/prcc/rgb/train/092/B_cropped_rgb145.jpg,/data/datasets/PRCC/prcc/rgb/train/149/B_cropped_rgb583.jpg,0,24,0.8650068044662476,0.761235237121582,35,79,0.9999998807907104
0,R11,hybrid_top1,57,3147,/data/datasets/PRCC/prcc/rgb/train/092/B_cropped_rgb148.jpg,/data/datasets/PRCC/prcc/rgb/train/149/B_cropped_rgb583.jpg,0,24,0.8807977437973022,0.7872641682624817,26,33,0.9999998807907104
0,R11,hybrid_top1,58,11733,/data/datasets/PRCC/prcc/rgb/train/092/B_cropped_rgb149.jpg,/data/datasets/PRCC/prcc/rgb/train/253/B_cropped_rgb078.jpg,0,95,0.725067138671875,0.5728769898414612,3225,3234,1.0000001192092896
0,R11,hybrid_top1,59,3147,/data/datasets/PRCC/prcc/rgb/train/092/B_cropped_rgb154.jpg,/data/datasets/PRCC/prcc/rgb/train/149/B_cropped_rgb583.jpg,0,24,0.8631644248962402,0.7640557289123535,26,38,0.9999998807907104
0,R11,hybrid_top1,60,3147,/data/datasets/PRCC/prcc/rgb/train/092/B_cropped_rgb157.jpg,/data/datasets/PRCC/prcc/rgb/train/149/B_cropped_rgb583.jpg,0,24,0.8663772344589233,0.7733323574066162,25,34,0.9999998807907104
0,R11,hybrid_top1,61,3147,/data/datasets/PRCC/prcc/rgb/train/092/B_cropped_rgb163.jpg,/data/datasets/PRCC/prcc/rgb/train/149/B_cropped_rgb583.jpg,0,24,0.8790637254714966,0.7924619317054749,15,26,0.9999998807907104
0,R11,hybrid_top1,62,3147,/data/datasets/PRCC/prcc/rgb/train/092/B_cropped_rgb166.jpg,/data/datasets/PRCC/prcc/rgb/train/149/B_cropped_rgb583.jpg,0,24,0.8719784021377563,0.7814580798149109,17,25,0.9999998807907104
0,R11,hybrid_top1,63,3147,/data/datasets/PRCC/prcc/rgb/train/092/B_cropped_rgb169.jpg,/data/datasets/PRCC/prcc/rgb/train/149/B_cropped_rgb583.jpg,0,24,0.8679279685020447,0.7658811807632446,15,28,0.9999998807907104
0,R11,hybrid_top1,64,3147,/data/datasets/PRCC/prcc/rgb/train/092/B_cropped_rgb172.jpg,/data/datasets/PRCC/prcc/rgb/train/149/B_cropped_rgb583.jpg,0,24,0.8855618834495544,0.7946755290031433,3,9,0.9999998807907104
0,R11,hybrid_top1,65,3147,/data/datasets/PRCC/prcc/rgb/train/092/B_cropped_rgb176.jpg,/data/datasets/PRCC/prcc/rgb/train/149/B_cropped_rgb583.jpg,0,24,0.8545767068862915,0.7503842115402222,45,72,0.9999998807907104
0,R11,hybrid_top1,66,3147,/data/datasets/PRCC/prcc/rgb/train/092/B_cropped_rgb177.jpg,/data/datasets/PRCC/prcc/rgb/train/149/B_cropped_rgb583.jpg,0,24,0.8613204956054688,0.7626894116401672,27,42,0.9999998807907104
0,R11,hybrid_top1,67,3147,/data/datasets/PRCC/prcc/rgb/train/092/B_cropped_rgb199.jpg,/data/datasets/PRCC/prcc/rgb/train/149/B_cropped_rgb583.jpg,0,24,0.8316662311553955,0.7305138111114502,92,117,0.9999998807907104
0,R11,hybrid_top1,68,3147,/data/datasets/PRCC/prcc/rgb/train/092/B_cropped_rgb206.jpg,/data/datasets/PRCC/prcc/rgb/train/149/B_cropped_rgb583.jpg,0,24,0.8532939553260803,0.7523089647293091,102,153,0.9999998807907104
0,R11,hybrid_top1,69,3147,/data/datasets/PRCC/prcc/rgb/train/092/B_cropped_rgb227.jpg,/data/datasets/PRCC/prcc/rgb/train/149/B_cropped_rgb583.jpg,0,24,0.8470101356506348,0.7419471740722656,139,200,0.9999998807907104
0,R11,hybrid_top1,70,3147,/data/datasets/PRCC/prcc/rgb/train/092/B_cropped_rgb292.jpg,/data/datasets/PRCC/prcc/rgb/train/149/B_cropped_rgb583.jpg,0,24,0.8880113363265991,0.8038844466209412,4,8,0.9999998807907104
0,R11,hybrid_top1,71,3147,/data/datasets/PRCC/prcc/rgb/train/092/B_cropped_rgb295.jpg,/data/datasets/PRCC/prcc/rgb/train/149/B_cropped_rgb583.jpg,0,24,0.890242874622345,0.8102821707725525,1,2,0.9999998807907104
0,R11,hybrid_top1,72,3147,/data/datasets/PRCC/prcc/rgb/train/092/B_cropped_rgb298.jpg,/data/datasets/PRCC/prcc/rgb/train/149/B_cropped_rgb583.jpg,0,24,0.8731338381767273,0.7859725952148438,12,20,0.9999998807907104
0,R11,hybrid_top1,73,3147,/data/datasets/PRCC/prcc/rgb/train/092/B_cropped_rgb301.jpg,/data/datasets/PRCC/prcc/rgb/train/149/B_cropped_rgb583.jpg,0,24,0.8912270069122314,0.8169345855712891,1,2,0.9999998807907104
0,R11,hybrid_top1,74,3147,/data/datasets/PRCC/prcc/rgb/train/092/B_cropped_rgb304.jpg,/data/datasets/PRCC/prcc/rgb/train/149/B_cropped_rgb583.jpg,0,24,0.8778442144393921,0.7901824116706848,1,8,0.9999998807907104
0,R11,hybrid_top1,75,3147,/data/datasets/PRCC/prcc/rgb/train/092/B_cropped_rgb307.jpg,/data/datasets/PRCC/prcc/rgb/train/149/B_cropped_rgb583.jpg,0,24,0.8774545788764954,0.7855104804039001,4,11,0.9999998807907104
0,R11,hybrid_top1,76,3147,/data/datasets/PRCC/prcc/rgb/train/092/B_cropped_rgb310.jpg,/data/datasets/PRCC/prcc/rgb/train/149/B_cropped_rgb583.jpg,0,24,0.8776702284812927,0.784723699092865,4,13,0.9999998807907104
0,R11,hybrid_top1,77,3147,/data/datasets/PRCC/prcc/rgb/train/092/B_cropped_rgb313.jpg,/data/datasets/PRCC/prcc/rgb/train/149/B_cropped_rgb583.jpg,0,24,0.8765525817871094,0.7880849838256836,10,11,0.9999998807907104
0,R11,hybrid_top1,78,3147,/data/datasets/PRCC/prcc/rgb/train/092/B_cropped_rgb322.jpg,/data/datasets/PRCC/prcc/rgb/train/149/B_cropped_rgb583.jpg,0,24,0.8679128885269165,0.7736648321151733,14,25,0.9999998807907104
0,R11,hybrid_top1,79,11733,/data/datasets/PRCC/prcc/rgb/train/092/B_cropped_rgb328.jpg,/data/datasets/PRCC/prcc/rgb/train/253/B_cropped_rgb078.jpg,0,95,0.7371012568473816,0.5892005562782288,2453,2571,1.0000001192092896
0,R11,hybrid_top1,80,3147,/data/datasets/PRCC/prcc/rgb/train/092/B_cropped_rgb331.jpg,/data/datasets/PRCC/prcc/rgb/train/149/B_cropped_rgb583.jpg,0,24,0.8478752374649048,0.7393044233322144,35,57,0.9999998807907104
0,R11,hybrid_top1,81,3147,/data/datasets/PRCC/prcc/rgb/train/092/B_cropped_rgb334.jpg,/data/datasets/PRCC/prcc/rgb/train/149/B_cropped_rgb583.jpg,0,24,0.8589496612548828,0.7560628652572632,20,40,0.9999998807907104
0,R11,hybrid_top1,82,11733,/data/datasets/PRCC/prcc/rgb/train/092/B_cropped_rgb380.jpg,/data/datasets/PRCC/prcc/rgb/train/253/B_cropped_rgb078.jpg,0,95,0.7594800591468811,0.6249837875366211,1901,1988,1.0000001192092896
0,R11,hybrid_top1,83,3147,/data/datasets/PRCC/prcc/rgb/train/092/C_cropped_rgb001.jpg,/data/datasets/PRCC/prcc/rgb/train/149/B_cropped_rgb583.jpg,0,24,0.888335108757019,0.8113007545471191,1,3,0.9999998807907104
0,R11,hybrid_top1,84,3147,/data/datasets/PRCC/prcc/rgb/train/092/C_cropped_rgb007.jpg,/data/datasets/PRCC/prcc/rgb/train/149/B_cropped_rgb583.jpg,0,24,0.8946142792701721,0.8151446580886841,4,9,0.9999998807907104
0,R11,hybrid_top1,85,3147,/data/datasets/PRCC/prcc/rgb/train/092/C_cropped_rgb016.jpg,/data/datasets/PRCC/prcc/rgb/train/149/B_cropped_rgb583.jpg,0,24,0.8818483352661133,0.8018224239349365,1,1,0.9999998807907104
0,R11,hybrid_top1,86,3147,/data/datasets/PRCC/prcc/rgb/train/092/C_cropped_rgb019.jpg,/data/datasets/PRCC/prcc/rgb/train/149/B_cropped_rgb583.jpg,0,24,0.8774002194404602,0.7876065969467163,2,6,0.9999998807907104
0,R11,hybrid_top1,87,3147,/data/datasets/PRCC/prcc/rgb/train/092/C_cropped_rgb022.jpg,/data/datasets/PRCC/prcc/rgb/train/149/B_cropped_rgb583.jpg,0,24,0.8937908411026001,0.8159607648849487,1,1,0.9999998807907104
0,R11,hybrid_top1,88,3147,/data/datasets/PRCC/prcc/rgb/train/092/C_cropped_rgb025.jpg,/data/datasets/PRCC/prcc/rgb/train/149/B_cropped_rgb583.jpg,0,24,0.8784396648406982,0.7914207577705383,1,3,0.9999998807907104
0,R11,hybrid_top1,89,3147,/data/datasets/PRCC/prcc/rgb/train/092/C_cropped_rgb031.jpg,/data/datasets/PRCC/prcc/rgb/train/149/B_cropped_rgb583.jpg,0,24,0.8854308128356934,0.8039029240608215,6,9,0.9999998807907104
0,R11,hybrid_top1,90,3147,/data/datasets/PRCC/prcc/rgb/train/092/C_cropped_rgb034.jpg,/data/datasets/PRCC/prcc/rgb/train/149/B_cropped_rgb583.jpg,0,24,0.8913717269897461,0.8140085935592651,1,2,0.9999998807907104
0,R11,hybrid_top1,91,3147,/data/datasets/PRCC/prcc/rgb/train/092/C_cropped_rgb037.jpg,/data/datasets/PRCC/prcc/rgb/train/149/B_cropped_rgb583.jpg,0,24,0.8828698396682739,0.8040441274642944,4,4,0.9999998807907104
0,R11,hybrid_top1,92,3147,/data/datasets/PRCC/prcc/rgb/train/092/C_cropped_rgb040.jpg,/data/datasets/PRCC/prcc/rgb/train/149/B_cropped_rgb583.jpg,0,24,0.8944661617279053,0.8253031969070435,1,1,0.9999998807907104
0,R11,hybrid_top1,93,3147,/data/datasets/PRCC/prcc/rgb/train/092/C_cropped_rgb046.jpg,/data/datasets/PRCC/prcc/rgb/train/149/B_cropped_rgb583.jpg,0,24,0.8818740844726562,0.7991276979446411,1,4,0.9999998807907104
0,R11,hybrid_top1,94,3147,/data/datasets/PRCC/prcc/rgb/train/092/C_cropped_rgb049.jpg,/data/datasets/PRCC/prcc/rgb/train/149/B_cropped_rgb583.jpg,0,24,0.8830856084823608,0.8049889206886292,4,6,0.9999998807907104
0,R11,hybrid_top1,95,3147,/data/datasets/PRCC/prcc/rgb/train/092/C_cropped_rgb052.jpg,/data/datasets/PRCC/prcc/rgb/train/149/B_cropped_rgb583.jpg,0,24,0.8907240629196167,0.8094146251678467,5,12,0.9999998807907104
0,R11,hybrid_top1,96,3147,/data/datasets/PRCC/prcc/rgb/train/092/C_cropped_rgb055.jpg,/data/datasets/PRCC/prcc/rgb/train/149/B_cropped_rgb583.jpg,0,24,0.8913998603820801,0.8184874653816223,1,2,0.9999998807907104
0,R11,hybrid_top1,97,3147,/data/datasets/PRCC/prcc/rgb/train/092/C_cropped_rgb064.jpg,/data/datasets/PRCC/prcc/rgb/train/149/B_cropped_rgb583.jpg,0,24,0.8873140811920166,0.8077285289764404,10,19,0.9999998807907104
0,R11,hybrid_top1,98,3147,/data/datasets/PRCC/prcc/rgb/train/092/C_cropped_rgb067.jpg,/data/datasets/PRCC/prcc/rgb/train/149/B_cropped_rgb583.jpg,0,24,0.8883510828018188,0.8098355531692505,2,4,0.9999998807907104
0,R11,hybrid_top1,99,3147,/data/datasets/PRCC/prcc/rgb/train/092/C_cropped_rgb070.jpg,/data/datasets/PRCC/prcc/rgb/train/149/B_cropped_rgb583.jpg,0,24,0.8853549361228943,0.8040730953216553,2,7,0.9999998807907104
